date,mlbID,game_pk,event_id,name,opponent_name,line,bet_side,bet_edge,model_p_over,over_prob_fair,over_odds,under_odds,n_books,logged_at,closing_over_odds,closing_under_odds,actual_so,pnl,clv,result,trail_k_per9_3s,trail_k_per9_30d,season_lag_whiff_pct,opp_off_kpct,days_rest,mu,trail_ip_per_start
2026-07-09,663903,824494,6bfe03bb9d1e3ada87b6238cd7203d64,Brady Singer,Philadelphia Phillies,4.5,under,0.0740142978956006,0.5065414873170491,0.5805557852126497,-162.0,125.0,6,2026-07-09T18:30:18,-162.0,125.0,5.0,-1.0,-0.0012478859764962,over,10.469387755102042,9.548780487804878,23.27410526315789,0.2068720379146919,6.0,4.74654886187602,
2026-07-09,669467,823034,cea3285cc6f53d314e7111cbd078141b,Andre Pallante,Milwaukee Brewers,3.5,under,0.1504619307441063,0.3893293676532818,0.5397912983973882,-136.5,106.0,6,2026-07-09T18:30:18,-136.5,106.0,2.0,1.06,-0.0033715983168616,under,3.927272727272727,5.457446808510638,23.51262421788737,0.2069904675442578,6.0,4.098276216246485,
2026-07-09,676083,823846,83cf12bed561626b784721179f647eb2,Janson Junk,Seattle Mariners,3.5,under,0.2454759301984179,0.2790365772688901,0.524512507467308,-125.0,-104.5,6,2026-07-09T18:30:18,-125.0,-104.5,5.0,-1.0,0.0036261090974659,over,5.744680851063829,5.744680851063829,18.04124537607892,0.2270009199632014,45.0,3.5046126391787897,
2026-07-09,682243,823846,83cf12bed561626b784721179f647eb2,Bryce Miller,Miami Marlins,5.5,under,0.1255794315031088,0.4387692828131071,0.5643487143162159,-155.5,118.0,6,2026-07-09T18:30:18,-155.5,118.0,3.0,1.1799999999999995,-0.0058711379941677,under,13.245283018867925,11.571428571428571,24.025875486381324,0.2005105592944998,7.0,5.333679886530389,
2026-07-10,543243,823604,76ab48541c0690199e815574c469d162,Sonny Gray,New York Mets,5.5,over,0.1243748680569123,0.6501126916456721,0.5257378235887598,-128.5,-102.5,6,2026-07-10T19:19:31,,,3.0,-1.0,,under,11.950819672131148,10.260000000000002,26.83307579102281,0.2098681218735789,6.0,6.764254266311158,
2026-07-10,605400,824252,895dfbfbbb57ff9ecc3cb430a9c69076,Aaron Nola,Detroit Tigers,5.5,under,0.0807575589382306,0.3988932202272156,0.4796507791654462,-103.5,-125.0,6,2026-07-10T19:19:31,,,8.0,-1.0,,over,9.36734693877551,9.0,24.140752551020405,0.244591209291733,5.0,5.090897948309026,
2026-07-10,607259,822955,781ce9e5ac0cd1e3339085c1fb7d7b39,Nick Martinez,Seattle Mariners,3.5,under,0.1453192587191034,0.4375824861243937,0.5829017448434972,-163.0,125.5,2,2026-07-10T19:19:31,,,1.0,1.255,,under,5.823529411764706,6.850746268656716,19.88684516880093,0.2270009199632014,7.0,4.359916872081714,
2026-07-10,622491,822955,781ce9e5ac0cd1e3339085c1fb7d7b39,Luis Castillo,Tampa Bay Rays,4.5,over,0.0654278757286148,0.5187495752408737,0.4533216995122589,102.0,-136.0,6,2026-07-10T19:19:31,,,4.0,-1.0,,under,6.113207547169811,6.113207547169811,24.805220883534137,0.2248506571087216,7.0,4.817319861816107,
2026-07-10,645261,823845,e1b31472ec00cc3475d077ee22298ef8,Sandy Alcantara,Cleveland Guardians,5.5,over,0.0826118062697396,0.5286905031547878,0.4460786968850481,110.0,-142.5,6,2026-07-10T19:19:31,,,8.0,1.1,,over,6.639344262295081,7.339805825242718,20.992943618125217,0.2207261360904063,6.0,5.901931873289192,
2026-07-10,656427,824252,895dfbfbbb57ff9ecc3cb430a9c69076,Jack Flaherty,Philadelphia Phillies,5.5,under,0.2381065691556649,0.2926317780626188,0.5307383472182838,-130.9,-101.0,6,2026-07-10T19:19:31,,,6.0,-1.0,,over,9.878048780487804,9.878048780487804,27.00759448957965,0.2068720379146919,6.0,4.447496221865971,
2026-07-10,668881,824493,55c7996867831d050e3a904c541089d8,Hunter Greene,Chicago Cubs,6.5,over,0.0590597381264286,0.5301389367152112,0.4710791985887825,100.0,-130.0,6,2026-07-10T19:19:31,,,12.0,1.0,,over,18.9,18.9,32.087471395881,0.204853519895059,6.0,6.937774738071256,
2026-07-10,677952,823357,f308816130f3007f771929f15d62862c,Braxton Ashcraft,Milwaukee Brewers,6.5,under,0.0303523228101038,0.403879697990044,0.4342320208001478,115.0,-149.0,6,2026-07-10T19:19:31,,,,,,,12.735849056603772,11.302325581395348,26.564065335753178,0.2069904675442578,6.0,6.069543304006298,
2026-07-10,677960,822709,250b0373676b10f51ed1c59c93714245,Ryan Weathers,Washington Nationals,5.5,under,0.05948571643087,0.3737148723719857,0.4332005888028559,120.0,-155.5,6,2026-07-10T19:19:31,,,6.0,-1.0,,over,11.571428571428571,10.074626865671643,29.07647975077881,0.2530827950675279,5.0,4.93887555098805,
2026-07-10,679883,824817,b11bed54d0340b0a1865d2f8d41bb050,Luinder Avila,Baltimore Orioles,4.5,over,0.22185117955991,0.6413233403621781,0.419472160802268,123.5,-163.0,6,2026-07-10T19:19:31,,,3.0,-1.0,,under,9.0,8.409836065573769,32.53271889400922,0.2403979639055992,5.0,5.591509622526492,
2026-07-10,684007,824493,55c7996867831d050e3a904c541089d8,Shota Imanaga,Cincinnati Reds,5.5,under,0.140445080717839,0.3583041972336529,0.4987492779514919,-115.0,-114.5,6,2026-07-10T19:19:31,,,5.0,0.8733624454148472,,under,8.816326530612246,8.666666666666666,24.40409007352941,0.2298467688207861,6.0,4.8459880841805125,
2026-07-10,687064,824817,b11bed54d0340b0a1865d2f8d41bb050,Brandon Young,Kansas City Royals,4.5,under,0.0773226164817395,0.384035491206776,0.4613581076885156,105.0,-135.5,6,2026-07-10T19:19:31,,,5.0,-1.0,,over,10.8,8.035714285714286,21.24249201277955,0.174065165099497,6.0,4.069819785289706,
2026-07-10,687075,823357,f308816130f3007f771929f15d62862c,Brandon Sproat,Pittsburgh Pirates,4.5,under,0.0333364107914145,0.5501606422537721,0.5834970530451867,-165.0,125.0,1,2026-07-10T19:19:31,,,,,,,12.32608695652174,10.8,14.871034482758622,0.2297862965410883,5.0,5.003648238742214,
2026-07-10,687075,823357,f308816130f3007f771929f15d62862c,Brandon Sproat,Pittsburgh Pirates,5.5,under,0.0374754395461202,0.3844536895267265,0.4219291290728467,120.0,-159.0,5,2026-07-10T19:19:31,,,,,,,12.32608695652174,10.8,14.871034482758622,0.2297862965410883,5.0,5.003648238742214,
2026-07-10,690997,823604,76ab48541c0690199e815574c469d162,Nolan McLean,Boston Red Sox,6.5,under,0.0680397995680672,0.4576963100298704,0.5257361095979377,-126.4,-104.5,6,2026-07-10T19:19:31,,,7.0,-1.0,,over,10.5,11.172413793103448,28.48807588075881,0.2275908783020997,5.0,6.431899012402376,
2026-07-11,680694,824813,09d58ac97a07ac9cc6bc658cf72f08a3,Kyle Bradish,Kansas City Royals,5.5,over,0.1239778036003155,0.5737929295257236,0.449815125925408,109.0,-141.0,5,2026-07-11T16:12:22,,,5.0,-1.0,,under,7.322033898305084,9.478723404255318,33.56578947368421,0.174065165099497,6.0,6.205314568483923,
2026-07-11,702070,824813,09d58ac97a07ac9cc6bc658cf72f08a3,Noah Cameron,Baltimore Orioles,5.5,under,0.1160518661629825,0.3225148812117296,0.4385667473747122,114.0,-147.0,5,2026-07-11T16:12:22,,,9.0,-1.0,,over,7.902439024390244,7.434782608695652,26.10124768946396,0.2461719670200235,5.0,4.629770887955307,
2026-07-11,687075,823357,1ff6b7060ccd99869ddc9396d067920c,Brandon Sproat,Pittsburgh Pirates,5.5,under,0.0431683707111483,0.4120264264554161,0.4551947971665644,106.0,-137.0,5,2026-07-11T16:12:22,,,3.0,0.7299270072992701,,under,12.32608695652174,12.789473684210526,14.871034482758622,0.2297862965410883,6.0,5.170499152765671,
2026-07-11,665871,824492,27168ae4cc8b352a2cb7e3f6dab8b610,Javier Assad,Cincinnati Reds,3.5,under,0.2465323380309941,0.293907896929318,0.5404402349603122,-135.3,104.0,6,2026-07-11T16:12:22,,,4.0,-1.0,,over,4.695652173913043,5.484374999999999,16.703703703703702,0.2335734555773848,6.0,3.585603108802127,
2026-07-11,666157,824492,27168ae4cc8b352a2cb7e3f6dab8b610,Nick Lodolo,Chicago Cubs,4.5,under,0.0497793274735828,0.5140934510928997,0.5638727785664825,-150.0,116.0,5,2026-07-11T16:12:22,,,4.0,1.16,,under,8.4,7.56,27.37707828894269,0.2141057934508816,6.0,4.790228296975397,
2026-07-11,666157,824492,27168ae4cc8b352a2cb7e3f6dab8b610,Nick Lodolo,Chicago Cubs,5.5,under,0.0469144599011392,0.3490563633013616,0.3959708232025009,135.0,-185.0,1,2026-07-11T16:12:22,,,4.0,0.5405405405405406,,under,8.4,7.56,27.37707828894269,0.2141057934508816,6.0,4.790228296975397,
2026-07-11,696270,823682,39a35ef6ca846e78caf1d3d4063cba8b,Ryan Johnson,Minnesota Twins,3.5,under,0.0849517315617357,0.475571292480784,0.5605230240425197,-151.8,115.5,6,2026-07-11T16:12:22,,,1.0,1.1550000000000002,,under,10.2,8.55,26.95985401459854,0.2246675836772123,6.0,4.570465857238318,
2026-07-11,696149,823356,3e0030b3cd282b42e4c204a9e30ec8f4,Bubba Chandler,Milwaukee Brewers,4.5,over,0.1826300590432414,0.6281304017823084,0.4455003427390669,110.0,-145.0,3,2026-07-11T16:12:22,,,6.0,1.1,,over,5.74468085106383,5.597560975609756,30.13101952277657,0.2069904675442578,6.0,5.50099143109715,
2026-07-11,677958,822875,3e2ce9905fcaa6c74169c61fcb777080,Kumar Rocker,Houston Astros,4.5,under,0.0471661764512676,0.4061590399006154,0.4533252163518831,109.0,-141.4,6,2026-07-11T16:12:22,,,6.0,-1.0,,over,8.560975609756097,7.854545454545455,24.61614906832298,0.2124764496545949,6.0,4.189001794261364,
2026-07-11,695611,824576,8ec769ee362e5e0e25ac93ee886cdfd4,Gage Jump,Chicago White Sox,5.5,under,0.2241213188996823,0.244537015557399,0.4686583344570814,100.0,-128.5,6,2026-07-11T16:12:22,,,7.0,-1.0,,over,10.657894736842104,10.216216216216216,25.509110430857017,0.2300771208226221,6.0,4.146978906826716,
2026-07-11,643377,822953,93a5e6119186fda8b8ae5e4ec2abd550,Griffin Jax,Seattle Mariners,5.5,over,0.1633714822203714,0.6934734638643645,0.530101981643993,-128.5,-100.5,6,2026-07-11T16:12:22,,,3.0,-1.0,,under,12.375,11.076923076923077,37.24784995425435,0.2270009199632014,5.0,7.118395868000668,
2026-07-11,669302,822953,93a5e6119186fda8b8ae5e4ec2abd550,Logan Gilbert,Tampa Bay Rays,5.5,over,0.1137370655116213,0.6830811633258075,0.5693440978141862,-155.5,120.0,4,2026-07-11T16:12:22,,,5.0,-1.0,,under,9.580645161290324,10.409638554216867,32.59387755102041,0.2248506571087216,7.0,7.030470409670883,
2026-07-11,669302,822953,93a5e6119186fda8b8ae5e4ec2abd550,Logan Gilbert,Tampa Bay Rays,6.5,over,0.1355108667717039,0.5429377217093543,0.4074268549376503,131.0,-170.0,2,2026-07-11T16:12:22,,,5.0,-1.0,,under,9.580645161290324,10.409638554216867,32.59387755102041,0.2248506571087216,7.0,7.030470409670883,
2026-07-11,676440,823844,b552ecd25e0e2e615532c65ff294144f,Tanner Bibee,Miami Marlins,4.5,under,0.0840749065552708,0.4069233035414561,0.4909982100967269,-110.0,-118.0,6,2026-07-11T16:12:22,,,3.0,0.847457627118644,,under,3.176470588235294,6.443181818181818,23.33802627147188,0.2005105592944998,6.0,4.19313293297643,
2026-07-11,641816,823198,def5adac76d2258bb7ff1a427e09f8a8,Tyler Mahle,Colorado Rockies,4.5,under,0.1112876604903577,0.4733097724151265,0.5845974329054843,-167.0,125.0,1,2026-07-11T16:12:22,,,4.0,1.25,,under,7.5348837209302335,7.5348837209302335,23.15626357711803,0.2636058230683091,6.0,4.557780096499862,
2026-07-11,641816,823198,def5adac76d2258bb7ff1a427e09f8a8,Tyler Mahle,Colorado Rockies,5.5,under,0.1176902002787343,0.3106677184360557,0.42835791871479,117.0,-150.0,5,2026-07-11T16:12:22,,,4.0,0.6666666666666665,,under,7.5348837209302335,7.5348837209302335,23.15626357711803,0.2636058230683091,6.0,4.557780096499862,
2026-07-11,642547,823603,ff676cfabd491a806f9fad9a93924adb,Freddy Peralta,Boston Red Sox,5.5,under,0.1844412147898549,0.3427252114141526,0.5271664262040076,-130.0,-101.0,6,2026-07-11T16:12:22,,,6.0,-1.0,,over,9.41860465116279,7.772727272727272,30.201166558651977,0.2275908783020997,5.0,4.752025083524683,
2026-07-12,671096,824491,07753111ee3b354abbe8fab4987bb817,Andrew Abbott,Chicago Cubs,4.5,over,0.0612403542156015,0.536680974470474,0.4754406202548725,100.0,-130.0,5,2026-07-12T16:15:48,,,3.0,-1.0,,under,9.36734693877551,9.569620253164558,23.60425849831901,0.2141057934508816,5.0,4.922887486526711,
2026-07-12,571510,824491,07753111ee3b354abbe8fab4987bb817,Matthew Boyd,Cincinnati Reds,5.5,under,0.1890634680548749,0.3433848291915009,0.5324482972463759,-131.0,100.0,6,2026-07-12T16:15:48,,,3.0,1.0,,under,7.468085106382978,7.468085106382978,23.371230881281864,0.2298467688207861,5.0,4.756006848548464,
2026-07-12,702273,824574,161be820330ad3e3e7e2ab5b0add2ff4,Noah Schultz,Athletics,4.5,over,0.0503933730828163,0.521915576516014,0.4715222034331975,100.0,-129.0,6,2026-07-12T16:15:48,,,4.0,-1.0,,under,7.425000000000001,9.642857142857144,25.509110430857017,0.2481406355645706,5.0,4.835814043088985,
2026-07-12,669160,823029,16afd7bc765cb79fe5e887e2e28e0b20,Dustin May,Atlanta Braves,4.5,under,0.3564735149913339,0.1805897709613791,0.5370632859527131,-135.0,104.0,5,2026-07-12T16:15:48,,,4.0,1.04,,under,12.272727272727272,10.469387755102042,19.998386353158136,0.2224933451641526,6.0,2.940067340028625,
2026-07-12,664299,822876,180ee18000bc994ba8c23c2ebc9ef746,Cristian Javier,Texas Rangers,3.5,under,0.3278669357732986,0.1234714751402521,0.4513384109135508,105.5,-137.5,6,2026-07-12T16:15:48,,,4.0,-1.0,,over,3.8571428571428568,3.8571428571428568,22.87585089141005,0.2133058984910836,95.0,2.564390450685484,
2026-07-12,669022,822876,180ee18000bc994ba8c23c2ebc9ef746,MacKenzie Gore,Houston Astros,4.5,over,0.1781190869866063,0.6533867463724624,0.4752676593858561,-101.0,-127.0,6,2026-07-12T16:15:48,,,4.0,-1.0,,under,10.058823529411764,10.5,30.297267565649395,0.2183206106870229,4.0,5.676273426164296,
2026-07-12,676917,822708,32eb2951f81d870c61eae4eb3afb7ea8,Cade Cavalli,New York Yankees,5.5,over,0.0365012326611277,0.5153478895148348,0.4788466568537071,-102.4,-125.5,6,2026-07-12T16:15:48,,,5.0,-1.0,,under,13.5,11.347826086956523,28.040482233502537,0.2342441604230938,7.0,5.814990626640069,
2026-07-12,683352,823925,40ac03ae2d2b1dc11d41ced3f411f478,Mitch Bratt,Los Angeles Dodgers,2.5,under,0.3334769058399669,0.277783147779336,0.6112600536193029,-190.0,140.0,1,2026-07-12T16:15:48,,,0.0,1.4,,under,9.0,9.0,25.509110430857017,0.2211819777647747,18.0,3.4977560899969493,
2026-07-12,683352,823925,40ac03ae2d2b1dc11d41ced3f411f478,Mitch Bratt,Los Angeles Dodgers,3.5,under,0.1666113134958919,0.277783147779336,0.4443944612752279,114.0,-148.0,5,2026-07-12T16:15:48,,,0.0,0.6756756756756757,,under,9.0,9.0,25.509110430857017,0.2211819777647747,18.0,3.4977560899969493,
2026-07-12,669373,824250,44263373c8152cfeef60f3501f9f0cbc,Tarik Skubal,Philadelphia Phillies,7.5,over,0.0732054097551234,0.5908396657913992,0.5176342560362758,-122.5,-105.0,6,2026-07-12T16:15:48,,,5.0,-1.0,,under,14.294117647058824,12.841463414634145,31.73436293436293,0.2384378211716341,5.0,7.389687233177065,
2026-07-12,554430,824250,44263373c8152cfeef60f3501f9f0cbc,Zack Wheeler,Detroit Tigers,7.5,over,0.153815360303309,0.607592897832617,0.453777537529308,107.5,-139.0,6,2026-07-12T16:15:48,,,10.0,1.0750000000000002,,over,13.982142857142856,13.35164835164835,31.88258145363408,0.244591209291733,5.0,7.520778739382731,
2026-07-12,694973,823358,7446dc66dc13eb736b1b6a5a61b450e4,Paul Skenes,Milwaukee Brewers,6.5,under,0.1993666972454422,0.3483708816808272,0.5477375789262694,-138.5,107.5,6,2026-07-12T16:15:48,,,7.0,-1.0,,over,9.6,11.333333333333334,30.190223556890224,0.2069904675442578,5.0,5.699885871575534,
2026-07-12,607625,824814,9cabe1742d3e487a116781a9b61b41ce,Seth Lugo,Baltimore Orioles,4.5,under,0.1094086887898061,0.3947822098080269,0.5041908985978331,-115.0,-112.0,6,2026-07-12T16:15:48,,,6.0,-1.0,,over,8.217391304347826,5.90625,20.43710084033613,0.2403979639055992,5.0,4.1276243192576185,
2026-07-12,669358,824814,9cabe1742d3e487a116781a9b61b41ce,Shane Baz,Kansas City Royals,5.5,under,0.0335525450155818,0.3915639516594329,0.4251164966750148,123.0,-160.0,5,2026-07-12T16:15:48,,,9.0,-1.0,,over,7.0,7.2,25.83940397350993,0.174065165099497,5.0,5.046583054080615,
2026-07-12,547179,823199,9d71a179d7d4dd618d4fae5516f00d95,Michael Lorenzen,San Francisco Giants,3.5,under,0.0866812929326432,0.4548512928377243,0.5415325857703676,-137.5,106.5,6,2026-07-12T16:15:48,,,1.0,1.065,,under,3.9375,5.810126582278481,22.919930974978428,0.2202742189256012,5.0,4.454995172815716,
2026-07-12,686790,823199,9d71a179d7d4dd618d4fae5516f00d95,Trevor McDonald,Colorado Rockies,4.5,under,0.0534684721396513,0.3966096104251909,0.4500780825648423,109.5,-143.0,6,2026-07-12T16:15:48,,,4.0,0.6993006993006992,,under,5.2682926829268295,5.754098360655738,27.53018867924528,0.2636058230683091,5.0,4.137469083819238,
2026-07-12,676106,822951,a154d97ebad5a9a06417fe7578e7402f,Emerson Hancock,Tampa Bay Rays,4.5,over,0.1790190833191954,0.5938688193649238,0.4148497360457283,126.5,-164.5,6,2026-07-12T16:15:48,,,2.0,-1.0,,under,8.5,7.772727272727272,20.420604781997184,0.2248506571087216,7.0,5.275303878977756,
2026-07-12,693855,822951,a154d97ebad5a9a06417fe7578e7402f,Ian Seymour,Seattle Mariners,5.5,under,0.0671235150845785,0.4875105209298733,0.5546340360144519,-145.0,111.0,6,2026-07-12T16:15:48,,,3.0,1.1100000000000003,,under,13.224489795918368,13.224489795918368,26.184924623115577,0.2478401727861771,5.0,5.636940244235536,
2026-07-12,671737,823681,b4977d853e9f601495f2a4a03c741589,Taj Bradley,Los Angeles Angels,6.5,over,0.0814156650830819,0.5824163986087586,0.5010007335256766,-114.0,-113.5,6,2026-07-12T16:15:48,,,6.0,-1.0,,under,13.263157894736842,11.445652173913045,25.096170774647888,0.2714727085478888,5.0,7.324939533571946,
2026-07-12,801139,823602,fd0e4e074c09a0148b633ff72e4450d7,Payton Tolle,New York Mets,4.5,over,0.109221342814215,0.6690804977437925,0.5598591549295775,-150.0,112.0,1,2026-07-12T16:15:48,,,7.0,0.6666666666666665,,over,10.125,8.666666666666666,29.840131578947368,0.2258426966292135,5.0,5.789666820505588,
2026-07-12,801139,823602,fd0e4e074c09a0148b633ff72e4450d7,Payton Tolle,New York Mets,5.5,over,0.0918196228033914,0.5114294225546555,0.4196097997512641,125.0,-162.0,5,2026-07-12T16:15:48,,,7.0,1.25,,over,10.125,8.666666666666666,29.840131578947368,0.2258426966292135,5.0,5.789666820505588,
2026-07-12,804267,823602,fd0e4e074c09a0148b633ff72e4450d7,Zach Thornton,Boston Red Sox,3.5,under,0.0641228092285789,0.547137244390724,0.6112600536193029,-190.0,140.0,1,2026-07-12T16:15:48,,,5.0,-1.0,,over,8.70967741935484,10.5,25.509110430857017,0.2312886888013506,16.0,4.985422677731401,
2026-07-12,804267,823602,fd0e4e074c09a0148b633ff72e4450d7,Zach Thornton,Boston Red Sox,4.5,over,0.1073523218783234,0.547137244390724,0.4397849225124005,115.0,-150.0,5,2026-07-12T16:15:48,,,5.0,1.15,,over,8.70967741935484,10.5,25.509110430857017,0.2312886888013506,16.0,4.985422677731401,
2026-07-12,676282,823842,fe2a389f5cf40c61156a794804ec0fff,Joey Cantillo,Miami Marlins,4.5,over,0.0628647135757043,0.6493596933610587,0.5864949797853544,-166.0,127.0,5,2026-07-12T16:15:48,,,9.0,0.6024096385542168,,over,11.25,10.241379310344827,28.3971899816738,0.2089470812875068,5.0,5.647755369058967,
2026-07-12,676282,823842,fe2a389f5cf40c61156a794804ec0fff,Joey Cantillo,Miami Marlins,5.5,over,0.0753747356680998,0.4892197319058726,0.4138449962377727,128.0,-164.0,1,2026-07-12T16:15:48,,,9.0,1.2800000000000002,,over,11.25,10.241379310344827,28.3971899816738,0.2089470812875068,5.0,5.647755369058967,
2026-07-12,663969,823842,fe2a389f5cf40c61156a794804ec0fff,Tyler Phillips,Cleveland Guardians,2.5,under,0.2003047763994883,0.3906483441357926,0.5909531205352809,-170.9,129.0,2,2026-07-12T16:15:48,,,1.0,1.29,,under,3.446808510638298,4.909090909090909,27.208746618575297,0.2207261360904063,4.0,4.105371502670834,
2026-07-20,801139,824736,0dd84d01f2970e524c07c9ff2a747b7f,Payton Tolle,Baltimore Orioles,6.5,under,0.1808198766663297,0.288367678741257,0.4691875554075867,-102.0,-125.0,5,2026-07-20T21:27:12,,,9.0,-1.0,,over,12.789473684210527,9.467532467532466,29.840131578947368,0.2461719670200235,8.0,5.296002049696737,3.444444444444444
2026-07-20,669358,824736,0dd84d01f2970e524c07c9ff2a747b7f,Shane Baz,Boston Red Sox,4.5,over,0.1193218890488142,0.6639139194093455,0.5445920303605313,-140.0,105.0,1,2026-07-20T21:27:12,,,6.0,0.7142857142857144,,over,9.169811320754716,9.13235294117647,25.83940397350993,0.2275908783020997,8.0,5.751926847502518,5.888888888888889
2026-07-20,669358,824736,0dd84d01f2970e524c07c9ff2a747b7f,Shane Baz,Boston Red Sox,5.5,over,0.0797461950073228,0.5055638480155561,0.4258176530082332,120.5,-157.0,4,2026-07-20T21:27:12,,,6.0,1.205,,over,9.169811320754716,9.13235294117647,25.83940397350993,0.2275908783020997,8.0,5.751926847502518,5.888888888888889
2026-07-20,686218,823436,128e4328bfe1ffa187a85b1e5e2b5ec6,Emmet Sheehan,Philadelphia Phillies,5.5,under,0.0854542244980179,0.4358972013720332,0.5213514258700512,-123.5,-104.5,6,2026-07-20T21:27:12,,,6.0,-1.0,,over,10.431818181818183,10.5,32.222707423580786,0.2068720379146919,8.0,5.316068668239664,4.888888888888888
2026-07-20,677952,823522,29d4af8b2386afc600f412243c22a53b,Braxton Ashcraft,New York Yankees,6.5,under,0.1088437398434643,0.4135948905804946,0.5224386304239589,-126.5,-101.5,6,2026-07-20T21:27:12,,,2.0,0.9852216748768474,,under,11.34,12.308823529411764,26.564065335753178,0.2342441604230938,9.0,6.134468672224799,5.555555555555556
2026-07-20,677960,823522,29d4af8b2386afc600f412243c22a53b,Ryan Weathers,Pittsburgh Pirates,6.5,under,0.2849783528111356,0.1940288448762619,0.4790071976873976,-105.0,-125.0,6,2026-07-20T21:27:12,,,5.0,0.8,,under,12.272727272727272,11.117647058823527,29.07647975077881,0.2579986385296119,10.0,4.620218795661417,3.3333333333333326
2026-07-20,642547,823762,b6936af60f2ffed1b270c119f7127ae7,Freddy Peralta,Milwaukee Brewers,5.5,under,0.0795900264354978,0.3749228075068849,0.4545128339423827,107.5,-141.0,6,2026-07-20T21:27:12,,,6.0,-1.0,,over,11.076923076923077,9.703125,30.201166558651977,0.2069904675442578,9.0,4.946158265269,4.333333333333333
2026-07-20,694819,823762,b6936af60f2ffed1b270c119f7127ae7,Jacob Misiorowski,New York Mets,8.5,over,0.0928522405698568,0.5872454969198526,0.4943932563499958,-109.5,-117.4,6,2026-07-20T21:27:12,,,6.0,-1.0,,under,14.5,14.5,29.512199312714777,0.2098681218735789,13.0,7.361968730731391,6.0
2026-07-20,693821,824898,b829b2871533d73401916f919c2b485a,Bryce Elder,San Diego Padres,3.5,under,0.2037625944280028,0.3655076424503467,0.5692702368783495,-154.8,117.5,6,2026-07-20T21:27:12,,,4.0,-1.0,,over,8.357142857142858,8.357142857142858,21.643476531424025,0.1931067044381492,11.0,3.970431942851529,4.666666666666667
2026-07-20,676664,824898,b829b2871533d73401916f919c2b485a,JP Sears,Atlanta Braves,3.5,under,0.1889029625296799,0.3745563165335814,0.5634592790632614,-149.5,114.0,6,2026-07-20T21:27:12,,,3.0,1.1399999999999997,,under,7.714285714285714,7.779661016949152,21.67502113271344,0.2193087008343265,10.0,4.018938549066774,4.666666666666667
2026-07-20,608379,824087,c9a69923caed0afdda9fd6b94171b189,Michael Wacha,San Francisco Giants,4.5,over,0.0574077292459715,0.5238748467431539,0.4664671174971823,102.0,-131.0,6,2026-07-20T21:27:12,,,5.0,1.02,,over,9.327272727272726,8.526315789473683,21.24315196998124,0.2202742189256012,11.0,4.847289344502588,6.111111111111112
2026-07-20,686790,824087,c9a69923caed0afdda9fd6b94171b189,Trevor McDonald,Kansas City Royals,3.5,under,0.0912639579373891,0.3430208751621398,0.434284833099529,116.0,-151.5,6,2026-07-20T21:27:12,,,3.0,0.6600660066006601,,under,5.282608695652174,4.943661971830986,27.53018867924528,0.174065165099497,8.0,3.849986232002296,5.111111111111112
2026-07-20,656302,822788,f237d860c80df8632a4717d53fee1c25,Dylan Cease,Tampa Bay Rays,7.5,over,0.2262992702085337,0.6761994144667601,0.4499001442582264,110.0,-141.5,6,2026-07-20T21:27:12,,,7.0,-1.0,,under,13.728813559322033,13.499999999999998,33.45716162943495,0.2248506571087216,12.0,8.097385855136423,5.333333333333333
2026-07-20,607259,822788,f237d860c80df8632a4717d53fee1c25,Nick Martinez,Toronto Blue Jays,2.5,under,0.3106376113905067,0.2672804603914902,0.577918071781997,-161.9,121.5,2,2026-07-20T21:27:12,,,0.0,1.215,,under,3.857142857142857,4.835820895522389,19.88684516880093,0.175,10.0,3.440089926516936,5.444444444444444
2026-07-20,607259,822788,f237d860c80df8632a4717d53fee1c25,Nick Martinez,Toronto Blue Jays,3.5,under,0.1293870320355866,0.2672804603914902,0.3966674924270769,137.5,-177.5,4,2026-07-20T21:27:12,,,0.0,0.563380281690141,,under,3.857142857142857,4.835820895522389,19.88684516880093,0.175,10.0,3.440089926516936,5.444444444444444
2026-07-20,657746,824410,ed99d6d31957cf5543b0733a49085559,Joe Ryan,Cleveland Guardians,5.5,under,0.1530184508275687,0.3835390510764678,0.5365575019040365,-137.5,100.0,2,2026-07-20T23:03:35,,,3.0,1.0,,under,9.878048780487806,11.028169014084506,26.149391553328563,0.2207261360904063,0.0,4.99812852376806,5.0
2026-07-20,676440,824410,ed99d6d31957cf5543b0733a49085559,Tanner Bibee,Minnesota Twins,5.5,under,0.382256533007755,0.1842543042213142,0.5665108372290693,-155.0,115.0,1,2026-07-20T23:03:35,,,5.0,1.15,,under,4.628571428571428,4.013513513513513,23.33802627147188,0.2246675836772123,0.0,3.74651816354725,4.444444444444445
2026-07-21,800048,824409,0423e391e6f8cfd58c7f2f1c72d0aec7,Parker Messick,Minnesota Twins,5.5,under,0.0383275824138396,0.3944371447910128,0.4327647272048524,120.0,-153.0,5,2026-07-21T17:55:50,,,6.0,-1.0,,over,4.584905660377358,6.749999999999999,26.01344,0.2309958750736594,11.0,5.063947419299463,5.888888888888889
2026-07-21,656876,822787,267dae014ac02839048da8da0bf226c3,Drew Rasmussen,Toronto Blue Jays,4.5,under,0.2057536717770731,0.257271586750962,0.4630252585280351,105.0,-135.0,5,2026-07-21T17:55:50,,,5.0,-1.0,,over,6.074999999999999,6.517241379310345,22.080051813471503,0.175,12.0,3.384736876792721,4.444444444444445
2026-07-21,592332,822787,267dae014ac02839048da8da0bf226c3,Kevin Gausman,Tampa Bay Rays,5.5,over,0.1473171148990693,0.6070665475924172,0.4597494326933479,103.0,-135.0,5,2026-07-21T17:55:50,,,1.0,-1.0,,under,11.942307692307692,10.414285714285716,26.79686468646865,0.2248506571087216,9.0,6.440711209672136,5.777777777777778
2026-07-21,680736,823437,41aa20c582aac0979e875a6e5a86b79b,Justin Wrobleski,Philadelphia Phillies,5.5,over,0.1717537751235438,0.6428782199870904,0.4711244448635465,100.0,-129.5,6,2026-07-21T17:55:50,,,7.0,1.0,,over,9.857142857142858,9.857142857142858,23.691300366300368,0.2384378211716341,14.0,6.708142533177511,7.0
2026-07-21,696149,823519,4b39d95fa5e27f227c44ec3a8f68aaf4,Bubba Chandler,New York Yankees,4.5,over,0.1250583124772496,0.657910622087351,0.5328523096101013,-130.0,101.0,6,2026-07-21T17:55:50,,,,,,,7.2,7.081967213114755,30.13101952277657,0.2342441604230938,10.0,5.708584810811849,5.0
2026-07-21,701542,823519,4b39d95fa5e27f227c44ec3a8f68aaf4,Will Warren,Pittsburgh Pirates,5.5,under,0.2038639747575974,0.2563034210882491,0.4601673958458465,104.5,-135.0,6,2026-07-21T17:55:50,,,,,,,7.5348837209302335,5.4,24.7826909350464,0.2297862965410883,9.0,4.221615937085554,4.777777777777778
2026-07-21,641816,824085,a33e389530d74f9495e5d0108d6b038b,Tyler Mahle,Kansas City Royals,3.5,under,0.2369548863866154,0.3393711162007067,0.5763260025873221,-162.0,120.0,1,2026-07-21T17:55:50,,,4.0,-1.0,,over,6.893617021276596,6.75,23.15626357711803,0.174065165099497,10.0,3.8304296938071616,5.222222222222222
2026-07-21,641816,824085,a33e389530d74f9495e5d0108d6b038b,Tyler Mahle,Kansas City Royals,4.5,under,0.0712440557591782,0.3393711162007067,0.4106151719598849,130.0,-170.0,5,2026-07-21T17:55:50,,,4.0,0.5882352941176472,,under,6.893617021276596,6.75,23.15626357711803,0.174065165099497,10.0,3.8304296938071616,5.222222222222222
2026-07-21,687075,823760,aac7942aa7683280dcbfe7dcfc16d44e,Brandon Sproat,New York Mets,4.5,under,0.1972660222114708,0.376169214504805,0.5734352367162758,-161.0,124.0,5,2026-07-21T17:55:50,,,4.0,1.2400000000000002,,under,10.216216216216218,11.781818181818185,14.871034482758622,0.2098681218735789,10.0,4.027590460891202,4.111111111111111
2026-07-21,687075,823760,aac7942aa7683280dcbfe7dcfc16d44e,Brandon Sproat,New York Mets,5.5,under,0.1867621194078503,0.2260216694469873,0.4127837888548377,129.0,-164.0,1,2026-07-21T17:55:50,,,4.0,0.6097560975609757,,under,10.216216216216218,11.781818181818185,14.871034482758622,0.2098681218735789,10.0,4.027590460891202,4.111111111111111
2026-07-21,680694,824735,ded163387935cca0e01c3281ff323291,Kyle Bradish,Boston Red Sox,5.5,over,0.1248910177767309,0.5767531026505648,0.4518620848738339,110.0,-141.5,6,2026-07-21T17:55:50,,,,,,,5.89090909090909,7.177215189873417,33.56578947368421,0.2275908783020997,10.0,6.225815391319257,6.111111111111112
2026-07-21,621111,824895,ebe684b6aa76271158a53ba859a81432,Walker Buehler,Atlanta Braves,3.5,under,0.2357525024297024,0.3245057947558093,0.5602582971855118,-150.0,114.5,6,2026-07-21T17:55:50,,,3.0,1.145,,under,9.0,8.816326530612246,18.47227044312472,0.2224933451641526,10.0,3.750683780986513,3.6666666666666665
2026-07-22,665152,824735,10ee5044193bffe8f24adf381ebde5ad,Dean Kremer,Boston Red Sox,5.5,under,0.2720390208897506,0.1833689487497179,0.4554079696394686,105.0,-140.0,1,2026-07-22T18:24:10,,,5.0,0.7142857142857144,,under,9.818181818181818,8.470588235294118,22.366233283803865,0.2275908783020997,0.0,3.740336485685973,3.6666666666666665
2026-07-22,687562,824735,10ee5044193bffe8f24adf381ebde5ad,Jake Bennett,Baltimore Orioles,5.5,under,0.0460951620437847,0.3885053745000875,0.4346005365438722,115.0,-153.5,2,2026-07-22T18:24:10,,,4.0,0.6514657980456025,,under,5.625,7.0,25.509110430857017,0.2461719670200235,0.0,5.028108138944848,5.333333333333333
2026-07-22,605400,823438,111a955795876d50988b15c219ce0796,Aaron Nola,Los Angeles Dodgers,5.5,over,0.0348598109152125,0.4865696281992557,0.4517098172840432,108.0,-142.0,5,2026-07-22T18:24:10,,,4.0,-1.0,,under,10.5,10.207317073170731,24.140752551020405,0.217731129968736,6.0,5.630992725680762,6.0
2026-07-22,641778,823438,111a955795876d50988b15c219ce0796,Eric Lauer,Philadelphia Phillies,3.5,under,0.0702044178369301,0.4453701473608662,0.5155745651977963,-122.0,-105.0,5,2026-07-22T18:24:10,,,5.0,-1.0,,over,4.5,3.75,23.817013682331947,0.2384378211716341,16.0,4.402676497852485,6.0
2026-07-22,650633,824896,573a8d20a4ce1b6795f2e3ac8d30cae0,Michael King,Atlanta Braves,4.5,over,0.1154327106958791,0.5694764574006552,0.454043746704776,106.0,-139.0,5,2026-07-22T18:24:10,,,7.0,1.06,,over,6.882352941176471,7.305882352941177,25.325758818703854,0.2224933451641526,5.0,5.121722867954543,5.666666666666667
2026-07-22,663903,823110,5d1eeebcccadcfc65a1ae65709da7845,Brady Singer,Seattle Mariners,4.5,over,0.0433587929759003,0.6268558460210871,0.5834970530451867,-165.0,125.0,1,2026-07-22T18:24:10,,,6.0,0.606060606060606,,over,7.913793103448277,8.804347826086957,23.27410526315789,0.2270009199632014,5.0,5.492360565101959,6.444444444444444
2026-07-22,676106,823110,5d1eeebcccadcfc65a1ae65709da7845,Emerson Hancock,Cincinnati Reds,5.5,under,0.1649435100860469,0.3335649786476542,0.4985084887337011,-114.0,-114.0,4,2026-07-22T18:24:10,,,3.0,0.8771929824561404,,under,8.162790697674419,8.162790697674419,20.420604781997184,0.2335734555773848,10.0,4.696682707445789,4.777777777777778
2026-07-22,696149,823519,825819c6eb7f33c306b094f49bcd9bb0,Bubba Chandler,New York Yankees,4.5,over,0.1045160227107983,0.6562500118853163,0.551733989174518,-142.0,110.0,3,2026-07-22T18:24:10,,,5.0,0.704225352112676,,over,7.2,7.081967213114755,30.13101952277657,0.2342441604230938,11.0,5.696689728646472,5.0
2026-07-22,608331,823519,825819c6eb7f33c306b094f49bcd9bb0,Max Fried,Pittsburgh Pirates,3.5,under,0.1011252196851826,0.4820644327369203,0.583189652422103,-163.5,125.5,2,2026-07-22T18:24:10,,,7.0,-1.0,,over,8.162790697674419,8.162790697674419,27.81067867481505,0.2579986385296119,70.0,4.607010101185172,4.777777777777778
2026-07-22,543037,823518,8291188eca889695bdbc42aac91ad1e5,Gerrit Cole,Pittsburgh Pirates,11.5,under,0.0648968298605212,0.3488962735877545,0.4137931034482758,125.0,-170.0,1,2026-07-22T18:24:10,,,11.0,0.5882352941176472,,under,11.942307692307692,11.25,25.509110430857017,0.2297862965410883,0.0,5.703388209212812,5.777777777777778
2026-07-22,690928,824004,9121395092ebe73ce8eaba439dc5be34,Hunter Dobbins,Los Angeles Angels,3.5,under,0.1070783944291283,0.4969507823683707,0.6040291767974991,-185.0,135.0,1,2026-07-22T18:24:10,,,5.0,-1.0,,over,8.560975609756097,7.2,21.875510204081632,0.2714727085478888,15.0,4.691519912332445,4.555555555555555
2026-07-22,690928,824004,9121395092ebe73ce8eaba439dc5be34,Hunter Dobbins,Los Angeles Angels,4.5,over,0.0445471946543241,0.4969507823683707,0.4524035877140466,108.0,-138.0,4,2026-07-22T18:24:10,,,5.0,1.08,,over,8.560975609756097,7.2,21.875510204081632,0.2714727085478888,15.0,4.691519912332445,4.555555555555555
2026-07-22,672282,824004,9121395092ebe73ce8eaba439dc5be34,Reid Detmers,St. Louis Cardinals,5.5,under,0.070622633130939,0.4856237954632019,0.556246428594141,-147.0,115.0,3,2026-07-22T18:24:10,,,6.0,-1.0,,over,10.8,11.32258064516129,31.832502308402585,0.2217598097502972,5.0,5.625018252346054,5.0
2026-07-22,672282,824004,9121395092ebe73ce8eaba439dc5be34,Reid Detmers,St. Louis Cardinals,6.5,under,0.0466504879319736,0.3371525875636403,0.383803075495614,145.5,-189.0,2,2026-07-22T18:24:10,,,6.0,0.5291005291005291,,under,10.8,11.32258064516129,31.832502308402585,0.2217598097502972,5.0,5.625018252346054,5.0
2026-07-22,694738,824083,a319064ad34e8e60220140acb9035af3,Landen Roupp,Kansas City Royals,5.5,under,0.227918032624703,0.2453466853335686,0.4732647179582716,-110.0,-120.0,3,2026-07-22T18:24:10,,,7.0,-1.0,,over,4.595744680851064,6.657534246575342,23.9378714208536,0.174065165099497,0.0,4.152143114831911,5.222222222222222
2026-07-22,607625,824083,a319064ad34e8e60220140acb9035af3,Seth Lugo,San Francisco Giants,4.5,under,0.2084923868340545,0.2633385968155444,0.4718309836495989,-100.8,-128.4,2,2026-07-22T18:24:10,,,5.0,-1.0,,over,7.363636363636363,7.860759493670886,20.43710084033613,0.2202742189256012,0.0,3.4183396170545617,3.6666666666666665
2026-07-22,681035,823761,a362299f25a2814e5b0e40d072bb782f,Christian Scott,Milwaukee Brewers,5.5,under,0.3075984589957453,0.2144832858491269,0.5220817448448722,-125.0,-103.5,2,2026-07-22T18:24:10,,,6.0,-1.0,,over,10.323529411764705,11.89830508474576,25.509110430857017,0.2069904675442578,0.0,3.9517670389880224,3.777777777777778
2026-07-22,701656,823761,a362299f25a2814e5b0e40d072bb782f,Logan Henderson,New York Mets,5.5,under,0.3122700878009565,0.2072618863079253,0.5195319741088819,-123.5,-104.5,2,2026-07-22T18:24:10,,,9.0,-1.0,,over,8.73529411764706,8.73529411764706,27.58390243902439,0.2098681218735789,0.0,3.90366845165158,3.777777777777777
2026-07-22,701656,823761,a362299f25a2814e5b0e40d072bb782f,Logan Henderson,New York Mets,7.5,under,0.4161955078425166,0.1101193701513527,0.5263148779938693,-130.2,-103.4,2,2026-07-22T18:24:10,,,9.0,-1.0,,over,8.73529411764706,8.73529411764706,27.58390243902439,0.2098681218735789,0.0,3.90366845165158,3.777777777777777
2026-07-22,643377,822784,b6df72e0280eb235fcca22cc3d3fc1ab,Griffin Jax,Toronto Blue Jays,4.5,over,0.2286120367542672,0.721416859865891,0.4928048231116237,-110.0,-120.0,5,2026-07-22T18:24:10,,,5.0,0.9090909090909092,,over,11.4,10.73076923076923,37.24784995425435,0.175,5.0,6.198551126015709,5.0
2026-07-22,677944,824408,be25eb82b82629d959c1e5ccb8dcc1e7,Slade Cecconi,Minnesota Twins,3.5,under,0.1726322484356289,0.3960512124441181,0.5686834608797471,-155.5,118.0,4,2026-07-22T18:24:10,,,5.0,-1.0,,over,6.75,6.75,22.613766359670382,0.2246675836772123,14.0,4.134460296403152,4.888888888888888
2026-07-22,680694,824732,e3d220f8bbf8ac99e58dbf7088695b59,Kyle Bradish,Boston Red Sox,5.5,over,0.1580709149497525,0.5748812625276496,0.416810347577897,125.5,-163.5,2,2026-07-22T18:24:10,,,4.0,-1.0,,under,5.89090909090909,7.177215189873417,33.56578947368421,0.2275908783020997,11.0,6.212842546370724,6.111111111111112
2026-07-22,676917,824327,fcc83e954b9e74964b190cb0e29366c7,Cade Cavalli,Colorado Rockies,5.5,over,0.0643497518887333,0.5101367210083214,0.445786969119588,112.0,-146.0,5,2026-07-22T18:24:10,,,8.0,1.12,,over,10.674418604651162,12.182926829268292,28.040482233502534,0.2636058230683091,5.0,5.781332378120112,4.777777777777778
2026-07-22,687312,824327,fcc83e954b9e74964b190cb0e29366c7,Gabriel Hughes,Washington Nationals,3.5,over,0.0361238037006452,0.6196995683289497,0.5835757646283044,-167.2,124.0,2,2026-07-22T18:24:10,,,5.0,0.598086124401914,,over,10.323529411764708,10.323529411764708,25.509110430857017,0.2150035054919373,5.0,5.44425668964429,5.666666666666666
2026-07-22,687312,824327,fcc83e954b9e74964b190cb0e29366c7,Gabriel Hughes,Washington Nationals,4.5,over,0.1802090260464516,0.6196995683289497,0.439490542282498,115.0,-148.0,3,2026-07-22T18:24:10,,,5.0,1.15,,over,10.323529411764708,10.323529411764708,25.509110430857017,0.2150035054919373,5.0,5.44425668964429,5.666666666666666
2026-07-22,695611,825055,fe2c8918c10c47fffd27be962809d726,Gage Jump,Arizona Diamondbacks,3.5,under,0.1392160301123723,0.4442810229328143,0.5834970530451867,-165.0,125.0,1,2026-07-22T18:24:10,,,5.0,-1.0,,over,11.675675675675675,12.272727272727272,25.509110430857017,0.1911764705882352,5.0,4.396685281382817,4.111111111111112
2026-07-22,695611,825055,fe2c8918c10c47fffd27be962809d726,Gage Jump,Arizona Diamondbacks,4.5,under,0.0314421271924503,0.4442810229328143,0.4757231501252646,-102.4,-127.5,4,2026-07-22T18:24:10,,,5.0,-1.0,,over,11.675675675675675,12.272727272727272,25.509110430857017,0.1911764705882352,5.0,4.396685281382817,4.111111111111112
2026-07-22,518876,825055,fe2c8918c10c47fffd27be962809d726,Merrill Kelly,Athletics,3.5,under,0.0613141807887058,0.5221828722564809,0.5834970530451867,-165.0,125.0,1,2026-07-22T18:24:10,,,3.0,1.25,,under,7.9411764705882355,6.206896551724138,23.33279209318744,0.222388698630137,5.0,4.8373782019423865,5.666666666666667
2026-07-22,518876,825055,fe2c8918c10c47fffd27be962809d726,Merrill Kelly,Athletics,4.5,over,0.1098238770177099,0.5221828722564809,0.4123589952387709,127.5,-166.5,4,2026-07-22T18:24:10,,,3.0,-1.0,,under,7.9411764705882355,6.206896551724138,23.33279209318744,0.222388698630137,5.0,4.8373782019423865,5.666666666666667
2026-07-23,519242,824893,22fc220be6958e93fba4354054d8fd16,Chris Sale,San Diego Padres,9.5,under,0.0662736426367316,0.3762042334694631,0.4424778761061947,110.0,-150.0,1,2026-07-23T17:58:07,,,11.0,-1.0,,over,12.375,11.666666666666666,30.1000984736583,0.1853052404105888,0.0,5.885174472753894,5.333333333333333
2026-07-23,669456,822785,36ba7a8a8c46e8cc308c1dd037995889,Shane Bieber,Tampa Bay Rays,4.5,over,0.0685023928029419,0.4865837123153458,0.4180813195124038,124.5,-161.5,6,2026-07-23T17:58:07,,,3.0,-1.0,,under,7.977272727272727,7.225352112676056,27.10232558139535,0.2248506571087216,5.0,4.632555748815626,4.888888888888889
2026-07-23,677976,824247,38d3052ec454022a14314b324e0ff5f3,Randy Dobnak,Detroit Tigers,3.5,under,0.0968402595568225,0.3190244658144945,0.415864725371317,126.5,-165.0,6,2026-07-23T17:58:07,,,3.0,0.606060606060606,,under,6.230769230769231,6.230769230769231,22.20506329113924,0.244591209291733,5.0,3.7212234502842216,4.333333333333333
2026-07-23,675512,824247,38d3052ec454022a14314b324e0ff5f3,Troy Melton,Kansas City Royals,5.5,under,0.0545995843700676,0.4849472413523557,0.5395468257224233,-134.3,102.0,6,2026-07-23T17:58:07,,,5.0,1.02,,under,12.980769230769232,11.957142857142856,22.91173780487805,0.174065165099497,6.0,5.620747319809112,5.777777777777778
2026-07-23,671737,824406,5c7e77b42c0db49ce882d3c9473d74c1,Taj Bradley,Cleveland Guardians,4.5,over,0.1530620923190611,0.5955399684252558,0.4424778761061947,110.0,-150.0,1,2026-07-23T17:58:07,,,5.0,1.1,,over,7.8,10.852941176470589,25.096170774647888,0.2207261360904063,0.0,5.286027062535414,5.0
2026-07-23,694297,823042,8e2411581a27c6dccd9eae0b233fe64c,Brandon Pfaadt,St. Louis Cardinals,3.5,under,0.1392686270768073,0.3470901753828497,0.486358802459657,-107.5,-121.4,6,2026-07-23T17:58:07,,,1.0,0.8237232289950578,,under,6.319148936170214,5.571428571428572,22.41631254283756,0.2160930020515158,5.0,3.871784775712477,5.222222222222221
2026-07-23,700241,823042,8e2411581a27c6dccd9eae0b233fe64c,Michael McGreevy,Arizona Diamondbacks,3.5,over,0.0558265618056466,0.4808354563188344,0.4250088945131877,120.5,-155.0,6,2026-07-23T17:58:07,,,3.0,-1.0,,under,6.750000000000001,6.567567567567568,19.507865937072506,0.2206218564243255,6.0,4.60007911890353,6.222222222222221
2026-07-24,593958,822707,12a8e27a29d44d46e10583c9c875e5f5,Eduardo Rodriguez,Washington Nationals,4.5,under,0.0722336678827724,0.3732175690298644,0.4454512369126369,112.0,-145.0,5,2026-07-24T18:05:10,,,4.0,0.6896551724137931,,under,6.75,4.984615384615385,22.867581143740345,0.2530827950675279,5.0,4.011758737902507,4.888888888888888
2026-07-24,683003,823352,263aac2dfd923f6a65c5136418407715,Jared Jones,Chicago Cubs,5.5,under,0.0345434820097392,0.4396861292799601,0.4742296112896992,100.0,-129.0,6,2026-07-24T18:05:10,,,5.0,0.7751937984496124,,under,13.8,12.35593220338983,25.509110430857017,0.204853519895059,6.0,5.339306846465397,5.0
2026-07-24,571510,823352,263aac2dfd923f6a65c5136418407715,Matthew Boyd,Pittsburgh Pirates,5.5,under,0.0448191416188388,0.4160758765462635,0.4608950181651023,103.0,-136.5,6,2026-07-24T18:05:10,,,4.0,0.7326007326007327,,under,6.872727272727273,6.428571428571429,23.371230881281864,0.2579986385296119,6.0,5.195104255028543,6.111111111111111
2026-07-24,676282,822952,29437f5a0e0b0af43535ee03d438df64,Joey Cantillo,Tampa Bay Rays,4.5,over,0.1791425354165547,0.7282043013492456,0.5490617659326908,-143.0,107.0,2,2026-07-24T18:05:10,,,4.0,-1.0,,under,13.8,12.461538461538462,28.3971899816738,0.2451612903225806,5.0,6.255712365500751,5.0
2026-07-24,676282,822952,29437f5a0e0b0af43535ee03d438df64,Joey Cantillo,Tampa Bay Rays,5.5,over,0.1576700946140183,0.5810491282411061,0.4233790336270877,122.0,-159.5,4,2026-07-24T18:05:10,,,4.0,-1.0,,under,13.8,12.461538461538462,28.3971899816738,0.2451612903225806,5.0,6.255712365500751,5.0
2026-07-24,693645,823434,5859ce305cb0ae65e5e7f771db28dcdd,Cam Schlittler,Philadelphia Phillies,6.5,under,0.1153724268620692,0.451138410367,0.5665108372290693,-155.0,115.0,1,2026-07-24T18:05:10,,,12.0,-1.0,,over,10.421052631578949,11.571428571428571,26.06073423782921,0.2068720379146919,5.0,6.387308245453274,6.333333333333333
2026-07-24,656550,824812,5dc243f04181b459d0cc18968be70660,Grant Holmes,Baltimore Orioles,4.5,under,0.1063970135417369,0.463614196282754,0.5700112098244909,-157.0,117.0,1,2026-07-24T18:05:10,,,5.0,-1.0,,over,5.4,5.4,28.47726809378185,0.2403979639055992,5.0,4.50362896565637,5.0
2026-07-24,656550,824812,5dc243f04181b459d0cc18968be70660,Grant Holmes,Baltimore Orioles,5.5,under,0.1295279086546734,0.3017924512594203,0.4313203599140937,120.0,-156.0,5,2026-07-24T18:05:10,,,5.0,0.641025641025641,,under,5.4,5.4,28.47726809378185,0.2403979639055992,5.0,4.50362896565637,5.0
2026-07-24,669432,824812,5dc243f04181b459d0cc18968be70660,Trevor Rogers,Atlanta Braves,4.5,over,0.0740124444134228,0.6194090268579928,0.54539658244457,-137.0,107.0,6,2026-07-24T18:05:10,,,6.0,0.7299270072992701,,over,8.307692307692308,8.746478873239438,25.649907805777502,0.2193087008343265,6.0,5.442316227666515,5.777777777777778
2026-07-24,687473,823843,6a85ed309a708411951843fe95d213bb,Ryan Gusto,San Diego Padres,2.5,under,0.293751657205262,0.2795058107890481,0.5732574679943101,-155.0,121.0,1,2026-07-24T18:05:10,,,4.0,-1.0,,over,10.125,8.526315789473683,23.147329545454543,0.1931067044381492,22.0,3.507178143633798,3.555555555555556
2026-07-24,669373,824248,74d637de5babda95c445e8cf11c32a15,Tarik Skubal,Kansas City Royals,7.5,under,0.0649447932294507,0.4988334062251263,0.5637781994545771,-150.0,115.5,4,2026-07-24T18:05:10,,,12.0,-1.0,,over,12.176470588235292,12.724137931034482,31.73436293436293,0.2090592334494773,6.0,6.7157056505230805,5.666666666666667
2026-07-24,669373,824248,74d637de5babda95c445e8cf11c32a15,Tarik Skubal,Kansas City Royals,8.5,over,0.0685044793113003,0.4988334062251263,0.4303289269138259,119.0,-152.9,2,2026-07-24T18:05:10,,,12.0,1.19,,over,12.176470588235292,12.724137931034482,31.73436293436293,0.2090592334494773,6.0,6.7157056505230805,5.666666666666667
2026-07-24,663776,824733,7cb10d307b371751677d513fb168b3bd,Patrick Sandoval,Toronto Blue Jays,3.5,under,0.1872614371572633,0.4167677396402358,0.6040291767974991,-185.0,135.0,1,2026-07-24T18:05:10,,,3.0,1.35,,under,9.642857142857144,9.642857142857144,25.509110430857017,0.1858024691358024,6.0,4.246448519196003,4.666666666666666
2026-07-24,702056,824733,7cb10d307b371751677d513fb168b3bd,Trey Yesavage,Boston Red Sox,5.5,over,0.1060411118134678,0.5545722536938928,0.448531141880425,110.0,-143.5,6,2026-07-24T18:05:10,,,9.0,1.1,,over,11.195121951219512,8.653846153846153,33.42803347280335,0.2275908783020997,5.0,6.074067815440967,4.555555555555555
2026-07-24,808963,823601,cee011b0978086fc2ebee48d455d495e,Roki Sasaki,New York Mets,4.5,under,0.1853776663636568,0.3856821120359879,0.5710597783996447,-158.0,117.5,2,2026-07-24T18:05:10,,,9.0,-1.0,,over,7.977272727272727,7.232142857142857,23.7389694041868,0.2098681218735789,7.0,4.078667447700958,4.888888888888889
2026-07-24,808963,823601,cee011b0978086fc2ebee48d455d495e,Roki Sasaki,New York Mets,5.5,under,0.1830809611348942,0.2338937035151547,0.416974664650049,125.5,-162.5,4,2026-07-24T18:05:10,,,9.0,-1.0,,over,7.977272727272727,7.232142857142857,23.7389694041868,0.2098681218735789,7.0,4.078667447700958,4.888888888888889
2026-07-24,640455,823601,cee011b0978086fc2ebee48d455d495e,Sean Manaea,Los Angeles Dodgers,4.5,under,0.063817498602638,0.5175080405394742,0.5813255391421123,-165.0,123.0,1,2026-07-24T18:05:10,,,3.0,1.23,,under,9.18,8.88157894736842,27.34977168949772,0.2211819777647747,6.0,4.810083673522069,5.555555555555556
2026-07-24,640455,823601,cee011b0978086fc2ebee48d455d495e,Sean Manaea,Los Angeles Dodgers,5.5,under,0.0674925229540072,0.3523486527858803,0.4198411757398875,124.0,-160.0,5,2026-07-24T18:05:10,,,3.0,0.625,,under,9.18,8.88157894736842,27.34977168949772,0.2211819777647747,6.0,4.810083673522069,5.555555555555556
2026-07-24,675660,823759,d7f4b3c3080d3f6612a4be54f7e0f798,Shane Drohan,Colorado Rockies,5.5,under,0.0478040633506021,0.4969386185835982,0.5447426819342004,-136.5,106.0,6,2026-07-24T18:05:10,,,6.0,-1.0,,over,8.345454545454546,9.211764705882354,25.509110430857017,0.2453222453222453,6.0,5.69677835082318,6.111111111111111
2026-07-24,608372,823759,d7f4b3c3080d3f6612a4be54f7e0f798,Tomoyuki Sugano,Milwaukee Brewers,3.5,under,0.1055942648305263,0.3333594843698608,0.4389537492003872,114.0,-150.0,6,2026-07-24T18:05:10,,,5.0,-1.0,,over,5.1923076923076925,3.970588235294118,18.28031189083821,0.2069904675442578,6.0,3.7982012636755527,5.777777777777778
2026-07-24,663436,824573,e25ed72c9f5c072ef60c242c29ccf1a3,Davis Martin,Houston Astros,4.5,under,0.113827972146133,0.3362002286141892,0.4500282007603223,109.5,-141.5,6,2026-07-24T18:05:10,,,3.0,0.706713780918728,,under,4.846153846153846,4.909090909090909,21.96757693974859,0.2124764496545949,6.0,3.8134334442127926,4.333333333333333
2026-07-25,680732,824571,159efeea2dcd885c7cbe6edfea2f2603,Sean Burke,Houston Astros,5.5,over,0.0340988792825161,0.5145468266819959,0.4804479473994797,-103.5,-125.0,6,2026-07-25T21:13:48,,,10.0,0.9661835748792268,,over,11.440677966101694,11.88,25.35391414141414,0.2124764496545949,6.0,5.809806160886015,6.555555555555556
2026-07-25,687064,824811,45d79b3c7b013180e77cfe3675a85eb6,Brandon Young,Atlanta Braves,3.5,over,0.0366049680713511,0.5941270919651565,0.5575221238938053,-150.0,110.0,1,2026-07-25T21:13:48,,,6.0,0.6666666666666665,,over,8.052631578947368,9.375,21.24249201277956,0.2224933451641526,6.0,5.2769593500968455,6.333333333333333
2026-07-25,687064,824811,45d79b3c7b013180e77cfe3675a85eb6,Brandon Young,Atlanta Braves,4.5,over,0.1649779897766258,0.5941270919651565,0.4291491021885306,118.0,-150.0,5,2026-07-25T21:13:48,,,6.0,1.1799999999999995,,over,8.052631578947368,9.375,21.24249201277956,0.2224933451641526,6.0,5.2769593500968455,6.333333333333333
2026-07-25,693821,824811,45d79b3c7b013180e77cfe3675a85eb6,Bryce Elder,Baltimore Orioles,4.5,under,0.1024335723008396,0.4204053392216449,0.5228389115224845,-126.4,-103.5,6,2026-07-25T21:13:48,,,8.0,-1.0,,over,7.071428571428571,7.071428571428571,21.643476531424025,0.2403979639055992,5.0,4.266201175602537,4.666666666666667
2026-07-25,656492,822704,4d0a3e98e89c319342e1597db85fdb41,Foster Griffin,Arizona Diamondbacks,2.5,under,0.0860230518441201,0.4585689785164111,0.5445920303605313,-140.0,105.0,1,2026-07-25T21:13:48,,,2.0,1.0499999999999998,,under,6.352941176470588,7.137931034482759,25.509110430857017,0.1911764705882352,0.0,4.475594077588712,5.666666666666667
2026-07-25,607259,822948,6b50126f3d5d20aaeb5339572c025bf3,Nick Martinez,Cleveland Guardians,3.5,under,0.1338656483847093,0.323705700244886,0.4575713486295953,104.5,-135.5,6,2026-07-25T21:13:48,,,5.0,-1.0,,over,2.16,2.82089552238806,19.88684516880093,0.2207261360904063,5.0,3.746385795765506,5.5555555555555545
2026-07-25,676440,822948,6b50126f3d5d20aaeb5339572c025bf3,Tanner Bibee,Tampa Bay Rays,3.5,under,0.0939674944469448,0.4842769744705164,0.5782444689174613,-162.5,121.5,2,2026-07-25T21:13:48,,,5.0,-1.0,,over,4.859999999999999,4.183098591549296,23.33802627147188,0.2248506571087216,5.0,4.619505087926486,5.555555555555556
2026-07-25,676440,822948,6b50126f3d5d20aaeb5339572c025bf3,Tanner Bibee,Tampa Bay Rays,4.5,over,0.0763106188401989,0.4842769744705164,0.4079663556303175,131.0,-170.0,4,2026-07-25T21:13:48,,,5.0,1.31,,over,4.859999999999999,4.183098591549296,23.33802627147188,0.2248506571087216,5.0,4.619505087926486,5.555555555555556
2026-07-25,688107,823758,7d87987ec48dfc47ee32eab874f92200,Robert Gasser,Colorado Rockies,4.5,under,0.2048709621325383,0.3892249788268712,0.5940959409594095,-175.0,130.0,1,2026-07-25T21:13:48,,,4.0,1.2999999999999998,,under,6.893617021276596,7.171874999999999,23.20686274509804,0.2453222453222453,6.0,4.097714763394896,5.222222222222222
2026-07-25,688107,823758,7d87987ec48dfc47ee32eab874f92200,Robert Gasser,Colorado Rockies,5.5,under,0.2181887946046191,0.2368485561674113,0.4550373507720304,108.0,-140.0,5,2026-07-25T21:13:48,,,4.0,0.7142857142857144,,under,6.893617021276596,7.171874999999999,23.20686274509804,0.2453222453222453,6.0,4.097714763394896,5.222222222222222
2026-07-25,693433,822869,87b76cce3c853cd42c5b4437b091cdc6,Bryan Woo,Texas Rangers,5.5,under,0.0968768650680909,0.4427373849673491,0.5396142500354401,-138.4,106.0,6,2026-07-25T21:13:48,,,5.0,1.06,,under,8.826923076923077,8.826923076923077,26.131392778187173,0.2133058984910836,7.0,5.358051199119974,5.777777777777778
2026-07-25,543135,822869,87b76cce3c853cd42c5b4437b091cdc6,Nathan Eovaldi,Seattle Mariners,5.5,under,0.0653931020724827,0.5097702966203277,0.5751633986928104,-160.0,120.0,1,2026-07-25T21:13:48,,,8.0,-1.0,,over,12.6,12.272727272727272,27.42871287128713,0.2270009199632014,6.0,5.778971696337971,5.0
2026-07-25,543135,822869,87b76cce3c853cd42c5b4437b091cdc6,Nathan Eovaldi,Seattle Mariners,6.5,under,0.0886985123208918,0.360243927094652,0.4489424394155438,110.0,-142.0,5,2026-07-25T21:13:48,,,8.0,-1.0,,over,12.6,12.272727272727272,27.42871287128713,0.2270009199632014,6.0,5.778971696337971,5.0
2026-07-25,694973,823355,cf3dedae37cf6426bfdf0b99237f1ba0,Paul Skenes,Chicago Cubs,6.5,under,0.092485581704682,0.4646849334054159,0.557170515110098,-147.0,111.0,4,2026-07-25T21:13:48,,,11.0,-1.0,,over,9.327272727272728,10.207317073170731,30.190223556890224,0.204853519895059,6.0,6.479592359724301,6.111111111111111
2026-07-25,684007,823355,cf3dedae37cf6426bfdf0b99237f1ba0,Shota Imanaga,Pittsburgh Pirates,5.5,under,0.0939038831455231,0.3979271231661344,0.4918310063116576,-114.0,-114.3,6,2026-07-25T21:13:48,,,4.0,0.8748906386701663,,under,9.18,8.217391304347826,24.40409007352941,0.2579986385296119,6.0,5.085052761487276,5.555555555555556
2026-07-25,808967,823600,d65c687b0748c456de9fbecd90808fe1,Yoshinobu Yamamoto,New York Mets,6.5,over,0.0478610908832826,0.5121900855491355,0.4643289946658528,103.5,-133.5,6,2026-07-25T21:13:48,,,5.0,-1.0,,under,9.409090909090908,8.678571428571429,28.367551093581927,0.2098681218735789,6.0,6.809705582136784,7.333333333333333
2026-07-25,656302,824734,e7cd26360ce2edd30f37cdfc01391fd5,Dylan Cease,Boston Red Sox,5.5,over,0.11173091613471,0.6812673399757697,0.5695364238410596,-160.0,115.0,1,2026-07-25T21:13:48,,,12.0,0.625,,over,10.188679245283016,11.96590909090909,33.45716162943495,0.2275908783020997,0.0,7.015335593298174,5.888888888888889
2026-07-25,656302,824734,e7cd26360ce2edd30f37cdfc01391fd5,Dylan Cease,Boston Red Sox,6.5,over,0.0408595237107234,0.5408595237107234,0.5,-115.0,-115.0,1,2026-07-25T21:13:48,,,12.0,0.8695652173913042,,over,10.188679245283016,11.96590909090909,33.45716162943495,0.2275908783020997,0.0,7.015335593298174,5.888888888888889
2026-07-25,677960,823435,ebada13102ac78459b266ff9c6e9d207,Ryan Weathers,Philadelphia Phillies,5.5,under,0.1408557140485997,0.427075708546905,0.5679314225955048,-152.0,115.0,3,2026-07-25T21:13:48,,,7.0,-1.0,,over,10.928571428571429,11.489361702127658,29.07647975077881,0.2384378211716341,5.0,5.262116057318004,4.666666666666667
2026-07-25,677960,823435,ebada13102ac78459b266ff9c6e9d207,Ryan Weathers,Philadelphia Phillies,6.5,under,0.1464228516452747,0.2834141217911262,0.4298369734364009,120.0,-154.0,3,2026-07-25T21:13:48,,,7.0,-1.0,,over,10.928571428571429,11.489361702127658,29.07647975077881,0.2384378211716341,5.0,5.262116057318004,4.666666666666667
2026-07-25,669467,823027,f1e238320de4aea5750434c876076d20,Andre Pallante,Cincinnati Reds,3.5,under,0.2174212677071196,0.3663353263813378,0.5837565940884575,-164.5,125.5,2,2026-07-25T21:13:48,,,8.0,-1.0,,over,3.9375,4.367647058823529,23.51262421788737,0.2335734555773848,6.0,3.974866964909343,5.333333333333333
2026-07-25,669467,823027,f1e238320de4aea5750434c876076d20,Andre Pallante,Cincinnati Reds,4.5,under,0.072509654623795,0.3663353263813378,0.4388449810051328,116.5,-150.0,4,2026-07-25T21:13:48,,,8.0,-1.0,,over,3.9375,4.367647058823529,23.51262421788737,0.2335734555773848,6.0,3.974866964909343,5.333333333333333
2026-07-25,668881,823027,f1e238320de4aea5750434c876076d20,Hunter Greene,St. Louis Cardinals,6.5,over,0.0982859553382164,0.5726830016461042,0.4743970463078877,101.0,-128.5,6,2026-07-25T21:13:48,,,3.0,-1.0,,under,14.326530612244897,14.326530612244897,32.087471395881,0.2160930020515158,6.0,7.251018046255092,5.4444444444444455
2026-07-25,592662,823197,fbf7e1c3dc649ffbc76604f37419e3d8,Robbie Ray,Los Angeles Angels,7.5,under,0.2040344830196254,0.3162700855082934,0.5203045685279188,-125.0,-105.0,1,2026-07-25T21:13:48,,,5.0,0.9523809523809524,,under,10.384615384615383,7.0,28.35787414411477,0.2698689956331878,0.0,5.4850374353140365,4.333333333333333
2026-07-26,686218,823599,17b69aed6b1c1715ffbd01b155af848d,Emmet Sheehan,New York Mets,5.5,under,0.0923327705217283,0.4448700712226023,0.5372028417443308,-131.0,101.0,6,2026-07-26T16:31:09,,,5.0,1.0099999999999998,,under,10.8,10.35,32.222707423580786,0.2098681218735789,6.0,5.371169397521954,5.0
2026-07-26,642547,823599,17b69aed6b1c1715ffbd01b155af848d,Freddy Peralta,Los Angeles Dodgers,4.5,over,0.0435275473649454,0.6100383845940147,0.5665108372290693,-155.0,115.0,1,2026-07-26T16:31:09,,,3.0,-1.0,,under,11.30232558139535,10.8,30.201166558651977,0.217731129968736,6.0,5.380237757853961,4.777777777777778
2026-07-26,701542,823433,210e6566d3641ee245e8a099a1679244,Will Warren,Philadelphia Phillies,3.5,under,0.2173692423370045,0.3672281905684798,0.5845974329054843,-167.0,125.0,1,2026-07-26T16:31:09,,,5.0,-1.0,,over,7.5348837209302335,5.4,24.7826909350464,0.2068720379146919,14.0,3.979651605201544,4.777777777777778
2026-07-26,701542,823433,210e6566d3641ee245e8a099a1679244,Will Warren,Philadelphia Phillies,4.5,under,0.0761397258098757,0.3672281905684798,0.4433679163783555,110.0,-143.0,5,2026-07-26T16:31:09,,,5.0,-1.0,,over,7.5348837209302335,5.4,24.7826909350464,0.2068720379146919,14.0,3.979651605201544,4.777777777777778
2026-07-26,676083,823840,3f5e40b78b4be8ec30a552f1081e4dc0,Janson Junk,San Diego Padres,3.5,under,0.2067164293394281,0.3538054479052185,0.5605218772446466,-148.5,115.5,6,2026-07-26T16:31:09,,,6.0,-1.0,,over,7.071428571428571,8.0,18.04124537607892,0.1931067044381492,6.0,3.907750015242424,4.666666666666667
2026-07-26,621111,823840,3f5e40b78b4be8ec30a552f1081e4dc0,Walker Buehler,Miami Marlins,3.5,under,0.2497731827933238,0.3301072330058234,0.5798804157991473,-163.4,122.5,2,2026-07-26T16:31:09,,,7.0,-1.0,,over,5.684210526315789,7.772727272727272,18.47227044312472,0.2005105592944998,5.0,3.780754948276993,4.222222222222222
2026-07-26,621111,823840,3f5e40b78b4be8ec30a552f1081e4dc0,Walker Buehler,Miami Marlins,4.5,under,0.0826730559292381,0.3301072330058234,0.4127802889350616,128.5,-165.0,4,2026-07-26T16:31:09,,,7.0,-1.0,,over,5.684210526315789,7.772727272727272,18.47227044312472,0.2005105592944998,5.0,3.780754948276993,4.222222222222222
2026-07-26,677952,823354,458f1aad594ae5477de447c6d836a79d,Braxton Ashcraft,Chicago Cubs,5.5,under,0.2207793878255185,0.3430104038526913,0.5637897916782099,-153.4,119.0,6,2026-07-26T16:31:09,,,5.0,1.19,,under,9.878048780487804,10.52542372881356,26.564065335753178,0.204853519895059,6.0,4.753746688207214,4.555555555555556
2026-07-26,592791,823354,458f1aad594ae5477de447c6d836a79d,Jameson Taillon,Pittsburgh Pirates,4.5,under,0.0941225665295527,0.4164193870827055,0.5105419536122583,-120.0,-107.4,6,2026-07-26T16:31:09,,,3.0,0.9310986964618247,,under,10.8,12.461538461538462,20.27801920161697,0.2297862965410883,6.0,4.244558467201135,3.888888888888889
2026-07-26,592332,824730,48df7c31ab5c07dc2c7073170f193a8f,Kevin Gausman,Boston Red Sox,5.5,over,0.0357191120327998,0.4855147581615624,0.4497956461287626,111.0,-143.5,6,2026-07-26T16:31:09,,,6.0,1.1100000000000003,,over,10.431818181818182,10.451612903225808,26.79686468646865,0.2275908783020997,5.0,5.624329778035171,4.888888888888888
2026-07-26,664285,824246,695de475f6a8dd1f205bda6ba50db0ee,Framber Valdez,Kansas City Royals,4.5,under,0.1629971087336188,0.3843894732023533,0.5473865819359721,-135.5,105.5,6,2026-07-26T16:31:09,,,4.0,1.0549999999999995,,under,7.815789473684211,6.267857142857142,26.521584226911106,0.2090592334494773,5.0,4.071721556193936,4.222222222222222
2026-07-26,679883,824246,695de475f6a8dd1f205bda6ba50db0ee,Luinder Avila,Detroit Tigers,3.5,over,0.0819398564896946,0.6675327888153164,0.5855929323256218,-166.5,129.0,6,2026-07-26T16:31:09,,,2.0,-1.0,,under,7.714285714285714,7.967213114754099,32.53271889400922,0.244591209291733,5.0,5.778317859533273,5.444444444444444
2026-07-26,571945,822706,714c1847e9003da34be408b74dca72e3,Miles Mikolas,Arizona Diamondbacks,2.5,under,0.2508765110529399,0.2837416851075804,0.5346181961605204,-134.0,105.0,3,2026-07-26T16:31:09,,,1.0,1.0499999999999998,,under,4.408163265306122,4.153846153846154,16.812620967741935,0.2206218564243255,20.0,3.5303062307758832,5.4444444444444455
2026-07-26,594798,822870,8eb22b9b7908e0cc06501501e79a4d17,Jacob deGrom,Seattle Mariners,7.5,over,0.0609732111998703,0.4868809121366555,0.4259077009367851,118.5,-156.5,6,2026-07-26T16:31:09,,,4.0,-1.0,,under,11.88,11.88,30.94319051262433,0.2270009199632014,6.0,6.632425053039309,5.555555555555556
2026-07-26,669302,822870,8eb22b9b7908e0cc06501501e79a4d17,Logan Gilbert,Texas Rangers,6.5,over,0.0515771952678053,0.511092325549184,0.4595151302813787,104.5,-135.9,6,2026-07-26T16:31:09,,,4.0,-1.0,,under,9.9,9.666666666666666,32.59387755102041,0.2133058984910836,7.0,6.801940079096699,6.666666666666667
2026-07-26,671096,823028,9064f61fe767dfa3c4a613a4f02250d3,Andrew Abbott,St. Louis Cardinals,3.5,under,0.0434107155666246,0.5272730265536008,0.5706837421202254,-155.5,120.0,6,2026-07-26T16:31:09,,,4.0,-1.0,,over,9.5625,8.88607594936709,23.60425849831901,0.2217598097502972,6.0,4.867248147335815,5.333333333333333
2026-07-26,687570,823678,a9c8aad6e31f322b330deb1a7fdd3eb3,Connor Prielipp,Athletics,4.5,over,0.2385125492641853,0.690208002370863,0.4516954531066776,109.0,-142.5,6,2026-07-26T16:31:09,,,5.0,1.09,,over,10.588235294117649,13.090909090909092,25.509110430857017,0.2481406355645706,18.0,5.9485425981382365,5.666666666666667
2026-07-26,605488,823678,a9c8aad6e31f322b330deb1a7fdd3eb3,Jeffrey Springs,Minnesota Twins,3.5,under,0.1759722537130656,0.3957927336883411,0.5717649874014068,-155.5,119.5,4,2026-07-26T16:31:09,,,0.0,1.1950000000000005,,under,4.909090909090909,4.909090909090909,24.574885844748856,0.2309958750736594,6.0,4.133067706765758,4.888888888888888
2026-07-26,607200,824572,b61e67dbd760d186d865cc2ff013a7c0,Erick Fedde,Houston Astros,3.5,under,0.123291467590793,0.321809652143511,0.445101119734304,111.0,-143.5,6,2026-07-26T16:31:09,,,2.0,0.6968641114982579,,under,7.071428571428571,9.0,17.56158716758126,0.2124764496545949,6.0,3.736197531767077,4.666666666666667
2026-07-26,669854,824572,b61e67dbd760d186d865cc2ff013a7c0,Ronel Blanco,Chicago White Sox,4.5,over,0.1354978543958021,0.726550381219329,0.5910525268235269,-167.0,128.5,4,2026-07-26T16:31:09,,,4.0,-1.0,,under,15.428571428571429,15.428571428571429,30.186506935687262,0.2270367862784924,6.0,6.24168331300578,4.666666666666667
2026-07-26,669854,824572,b61e67dbd760d186d865cc2ff013a7c0,Ronel Blanco,Chicago White Sox,5.5,over,0.1716094774006435,0.5790363323382939,0.4074268549376503,131.0,-170.0,2,2026-07-26T16:31:09,,,4.0,-1.0,,under,15.428571428571429,15.428571428571429,30.186506935687262,0.2270367862784924,6.0,6.24168331300578,4.666666666666667
2026-07-26,694819,823755,c66c0c97123e0bc5e1a3c1b170c9b269,Jacob Misiorowski,Colorado Rockies,8.5,over,0.124892772202893,0.6204000691471699,0.4955072969442769,-110.0,-116.5,6,2026-07-26T16:31:09,,,12.0,0.9090909090909092,,over,15.1875,14.318181818181818,29.51219931271477,0.2636058230683091,6.0,7.62325071443769,5.333333333333333
2026-07-26,669358,824810,ce049001315d997fa2641116b7a1ede0,Shane Baz,Atlanta Braves,4.5,over,0.0465013633272723,0.6040234872210777,0.5575221238938053,-150.0,110.0,1,2026-07-26T16:31:09,,,2.0,-1.0,,under,9.72,9.126760563380282,25.83940397350993,0.2224933451641526,6.0,5.340890695967648,5.555555555555556
2026-07-26,800048,822950,d651270eb53d061fc93a471f11c2f53d,Parker Messick,Tampa Bay Rays,4.5,under,0.1811526681202117,0.4228765086772874,0.6040291767974991,-185.0,135.0,1,2026-07-26T16:31:09,,,6.0,-1.0,,over,5.684210526315789,5.917808219178082,26.01344,0.2451612903225806,0.0,4.279637350748862,4.222222222222222
2026-07-26,800048,822950,d651270eb53d061fc93a471f11c2f53d,Parker Messick,Tampa Bay Rays,5.5,under,0.1769379549257845,0.2655399211804101,0.4424778761061947,110.0,-150.0,1,2026-07-26T16:31:09,,,6.0,-1.0,,over,5.684210526315789,5.917808219178082,26.01344,0.2451612903225806,0.0,4.279637350748862,4.222222222222222
2026-08-01,571945,824890,07b62357ba8988490469a685727ecf38,Miles Mikolas,Atlanta Braves,2.5,under,0.1625498598244668,0.3116893938792808,0.4742392537037476,100.0,-128.0,6,2026-08-01T16:29:56,,,3.0,-1.0,,over,3.7058823529411766,3.6,16.812620967741935,0.2224933451641526,6.0,3.681735288484748,5.666666666666667
2026-08-01,656849,824649,1a1c1a4c350d1fb71d29920db55c19f5,David Peterson,New York Yankees,4.5,under,0.0779307358450246,0.4907051993169373,0.568635935161962,-153.5,118.0,6,2026-08-01T16:29:56,,,8.0,-1.0,,over,4.6730769230769225,5.142857142857143,23.084772137828825,0.2357100766057749,5.0,4.655935281905383,5.777777777777779
2026-08-01,608331,824649,1a1c1a4c350d1fb71d29920db55c19f5,Max Fried,Chicago Cubs,4.5,under,0.1075654166517622,0.4674285974720857,0.574994014123848,-157.5,120.0,4,2026-08-01T16:29:56,,,7.0,-1.0,,over,10.636363636363637,12.375,27.81067867481505,0.2141057934508816,5.0,4.524888504835642,3.6666666666666665
2026-08-01,608331,824649,1a1c1a4c350d1fb71d29920db55c19f5,Max Fried,Chicago Cubs,5.5,under,0.0955106088628791,0.3052727225836065,0.4007833314464856,134.5,-175.9,2,2026-08-01T16:29:56,,,7.0,-1.0,,over,10.636363636363637,12.375,27.81067867481505,0.2141057934508816,5.0,4.524888504835642,3.6666666666666665
2026-08-01,656876,822944,2984d38103bf67fc68bc0fb23e98ad8e,Drew Rasmussen,Chicago White Sox,5.5,under,0.2309045916777786,0.311943049442188,0.5428476411199666,-136.5,106.0,6,2026-08-01T16:29:56,,,10.0,-1.0,,over,10.046511627906977,8.379310344827585,22.080051813471503,0.2270367862784924,6.0,4.565544731920041,4.777777777777778
2026-08-01,687570,823109,2dba5e88d89d78ac32b8892ae2214bb9,Connor Prielipp,Seattle Mariners,5.5,under,0.0468151836337166,0.4956304506302836,0.5424456342640003,-134.0,104.5,6,2026-08-01T16:29:56,,,5.0,1.045,,under,11.34,9.281249999999998,25.509110430857017,0.2478401727861771,6.0,5.688448746167812,5.555555555555556
2026-08-01,677952,824485,4cf22ff99815959994e2c4f8662d97bf,Braxton Ashcraft,Cincinnati Reds,6.5,under,0.2652010838413718,0.2333229882721674,0.4985240721135393,-113.5,-116.0,6,2026-08-01T16:29:56,,,5.0,0.8620689655172413,,under,8.357142857142858,9.152542372881356,26.564065335753178,0.2335734555773848,6.0,4.911194925664533,4.666666666666667
2026-08-01,684442,824405,65f625f15ac20a0c9dd7905ac686d7aa,Kohl Drake,Cleveland Guardians,3.5,under,0.1258905223203595,0.4160519283490698,0.5419424506694294,-135.5,103.0,6,2026-08-01T16:29:56,,,6.0,-1.0,,over,6.0,6.0,25.509110430857017,0.2387892376681614,6.0,4.242565038152981,4.5
2026-08-01,800048,824405,65f625f15ac20a0c9dd7905ac686d7aa,Parker Messick,Arizona Diamondbacks,4.5,under,0.0421180377029082,0.5383689839989256,0.5804870217018339,-164.8,125.0,4,2026-08-01T16:29:56,,,6.0,-1.0,,over,6.051724137931034,5.917808219178082,26.01344,0.1911764705882352,6.0,4.932932028370352,6.4444444444444455
2026-08-01,800048,824405,65f625f15ac20a0c9dd7905ac686d7aa,Parker Messick,Arizona Diamondbacks,5.5,under,0.0441220832847139,0.3727289908588813,0.4168510741435952,126.0,-162.5,2,2026-08-01T16:29:56,,,6.0,-1.0,,over,6.051724137931034,5.917808219178082,26.01344,0.1911764705882352,6.0,4.932932028370352,6.4444444444444455
2026-08-01,663969,823594,84746342d2944e433747b81eda041fa8,Tyler Phillips,New York Mets,3.5,under,0.2176381848765043,0.2564344903980087,0.4740726752745129,-104.5,-123.5,6,2026-08-01T16:29:56,,,3.0,0.8097165991902835,,under,6.967741935483872,6.267857142857142,27.208746618575294,0.2098681218735789,5.0,3.380087870900747,3.444444444444444
2026-08-01,592332,822781,887515990979436aed352a22f6f8fdff,Kevin Gausman,St. Louis Cardinals,5.5,under,0.077676495740915,0.3793910864313587,0.4570675821722738,105.5,-138.0,6,2026-08-01T16:29:56,,,4.0,0.7246376811594204,,under,8.804347826086957,10.016129032258066,26.79686468646865,0.2160930020515158,6.0,4.973103805422258,5.111111111111112
2026-08-01,669358,824808,8ad8229352651cf1b573f9ee834b57ac,Shane Baz,Philadelphia Phillies,5.5,under,0.130021752575745,0.3272133335351173,0.4572350861108623,106.0,-137.5,6,2026-08-01T16:29:56,,,4.0,0.7272727272727273,,under,10.2,8.571428571428571,25.83940397350993,0.2068720379146919,6.0,4.6582453265386885,5.0
2026-08-01,594798,824162,dae6d7e042dc64a28ea484408927af8c,Jacob deGrom,Houston Astros,6.5,under,0.1712473720162506,0.3164166142921032,0.4876639863083539,-107.5,-119.5,6,2026-08-01T16:29:56,,,3.0,0.8368200836820083,,under,10.431818181818182,10.431818181818182,30.94319051262433,0.2124764496545949,6.0,5.486023306182432,4.888888888888889
2026-08-02,680694,824807,0a83565a7c1b5059b188a176bf7ef21f,Kyle Bradish,Philadelphia Phillies,5.5,under,0.0411116724573669,0.4546578959854973,0.4957695684428643,-113.5,-116.5,6,2026-08-02T16:29:45,,,3.0,0.8583690987124464,,under,6.749999999999999,6.479999999999999,33.56578947368421,0.2068720379146919,6.0,5.431562668232046,5.777777777777779
2026-08-02,554430,824807,0a83565a7c1b5059b188a176bf7ef21f,Zack Wheeler,Baltimore Orioles,7.5,over,0.084275354670022,0.5864246707610585,0.5021493160910365,-114.9,-112.0,6,2026-08-02T16:29:45,,,3.0,-1.0,,under,14.0625,15.26086956521739,31.88258145363408,0.2403979639055992,6.0,7.355657617836607,5.333333333333333
2026-08-02,676917,824891,279531c847530b5f8dc9fa88594748e6,Cade Cavalli,Atlanta Braves,4.5,over,0.1139266291576691,0.6909431479974891,0.57701651883982,-160.0,120.0,3,2026-08-02T16:29:45,,,3.0,-1.0,,under,10.0,9.569620253164556,28.040482233502534,0.2224933451641526,5.0,5.954210742097756,6.0
2026-08-02,676917,824891,279531c847530b5f8dc9fa88594748e6,Cade Cavalli,Atlanta Braves,5.5,over,0.1121984492381117,0.5366283044822409,0.4244298552441291,124.0,-159.0,3,2026-08-02T16:29:45,,,3.0,-1.0,,under,10.0,9.569620253164556,28.040482233502534,0.2224933451641526,5.0,5.954210742097756,6.0
2026-08-02,702275,824891,279531c847530b5f8dc9fa88594748e6,JR Ritchie,Washington Nationals,3.5,under,0.1365069198919266,0.4392377807481396,0.5757447006400662,-161.0,120.0,2,2026-08-02T16:29:45,,,4.0,-1.0,,over,9.642857142857142,9.642857142857142,25.509110430857017,0.2150035054919373,40.0,4.368990325823916,4.666666666666667
2026-08-02,669461,822783,2ee28b25d57aa155a35d9706065b4963,Matthew Liberatore,Toronto Blue Jays,3.5,under,0.0899884154938162,0.4750431651396549,0.5650315806334711,-152.0,117.0,5,2026-08-02T16:29:45,,,7.0,-1.0,,over,10.8,9.45,19.94689857502096,0.1858024691358024,6.0,4.567501461988875,4.999999999999999
2026-08-02,669461,822783,2ee28b25d57aa155a35d9706065b4963,Matthew Liberatore,Toronto Blue Jays,4.5,over,0.0863032187589579,0.4750431651396549,0.388739946380697,140.0,-190.0,1,2026-08-02T16:29:45,,,7.0,1.4,,over,10.8,9.45,19.94689857502096,0.1858024691358024,6.0,4.567501461988875,4.999999999999999
2026-08-02,453286,822783,2ee28b25d57aa155a35d9706065b4963,Max Scherzer,St. Louis Cardinals,3.5,under,0.2901958470427535,0.2847977231073653,0.5749935701501188,-158.0,121.0,6,2026-08-02T16:29:45,,,5.0,-1.0,,over,8.639999999999999,13.5,22.89079136690648,0.2160930020515158,6.0,3.5360637593087123,2.777777777777778
2026-08-02,645261,823592,42cc8ab6df88e7bec73eafe4f684cbb1,Sandy Alcantara,New York Mets,4.5,over,0.0853722657833211,0.629979535733403,0.5446072699500819,-136.5,106.5,4,2026-08-02T16:29:45,,,5.0,0.7326007326007327,,over,6.75,7.9714285714285715,20.992943618125217,0.2098681218735789,5.0,5.513547991287969,6.666666666666667
2026-08-02,645261,823592,42cc8ab6df88e7bec73eafe4f684cbb1,Sandy Alcantara,New York Mets,5.5,over,0.0718869700090301,0.467857793211531,0.3959708232025009,135.0,-185.0,1,2026-08-02T16:29:45,,,5.0,-1.0,,under,6.75,7.9714285714285715,20.992943618125217,0.2098681218735789,5.0,5.513547991287969,6.666666666666667
2026-08-02,694738,823270,436bf68ad25a5637c9bf15c85396514a,Landen Roupp,San Diego Padres,4.5,under,0.1513475244313289,0.406318848048651,0.55766637247998,-145.0,110.0,5,2026-08-02T16:29:45,,,6.0,-1.0,,over,5.4,5.472972972972973,23.9378714208536,0.1931067044381492,5.0,4.189865529466438,5.555555555555556
2026-08-02,694738,823270,436bf68ad25a5637c9bf15c85396514a,Landen Roupp,San Diego Padres,5.5,under,0.1735551817292933,0.2512814195778962,0.4248366013071895,120.0,-160.0,1,2026-08-02T16:29:45,,,6.0,-1.0,,over,5.4,5.472972972972973,23.9378714208536,0.1931067044381492,5.0,4.189865529466438,5.555555555555556
2026-08-02,650633,823270,436bf68ad25a5637c9bf15c85396514a,Michael King,San Francisco Giants,5.5,under,0.0639293798556751,0.4208330774336931,0.4847624572893682,-105.0,-122.5,6,2026-08-02T16:29:45,,,,,,,9.0,8.068965517241379,25.325758818703854,0.2202742189256012,5.0,5.224052412355974,5.666666666666667
2026-08-02,641743,822943,47af60aedd60c2f453d5618c98f9a180,Anthony Kay,Tampa Bay Rays,4.5,over,0.1476121490420371,0.5566389865071467,0.4090268374651095,130.0,-170.0,3,2026-08-02T16:29:45,,,3.0,-1.0,,under,10.046511627906977,8.366197183098592,25.509110430857017,0.2451612903225806,5.0,5.042927603674957,4.777777777777778
2026-08-02,643377,822943,47af60aedd60c2f453d5618c98f9a180,Griffin Jax,Chicago White Sox,6.5,over,0.1280088139205933,0.5754119720411539,0.4474031581205605,110.0,-143.0,5,2026-08-02T16:29:45,,,8.0,1.1,,over,11.34,11.475,37.24784995425435,0.2270367862784924,5.0,7.271649842962418,5.555555555555556
2026-08-02,677958,824163,5df20c738d76a47684394acb9ea9814e,Kumar Rocker,Houston Astros,4.5,over,0.1409999029429338,0.6806214266114616,0.5396215236685278,-137.5,103.5,6,2026-08-02T16:29:45,,,5.0,0.7272727272727273,,over,9.327272727272726,9.13235294117647,24.61614906832298,0.2124764496545949,6.0,5.87551241620274,6.111111111111112
2026-08-02,663567,824163,5df20c738d76a47684394acb9ea9814e,Peter Lambert,Texas Rangers,5.5,under,0.0684497429842327,0.4510344448186092,0.519484187802842,-125.0,-105.0,6,2026-08-02T16:29:45,,,8.0,-1.0,,over,10.058823529411764,10.046511627906977,25.509110430857017,0.2133058984910836,5.0,5.409167874681407,5.666666666666667
2026-08-02,695505,824483,65c026b0a2fdad67a6ebb83ff414a011,Chase Burns,Pittsburgh Pirates,6.5,under,0.1257374810140594,0.4008419749099327,0.5265794559239921,-128.5,-102.0,6,2026-08-02T16:29:45,,,9.0,-1.0,,over,7.2,7.2,31.70353403141361,0.2297862965410883,5.0,6.04927123935905,5.0
2026-08-02,656605,824483,65c026b0a2fdad67a6ebb83ff414a011,Mitch Keller,Cincinnati Reds,4.5,under,0.1199108069024306,0.4137559727690691,0.5336667796714998,-131.5,103.5,6,2026-08-02T16:29:45,,,2.0,1.035,,under,8.775,6.517241379310345,20.543205574912893,0.2335734555773848,6.0,4.230116266107741,4.444444444444444
2026-08-02,694819,823996,76967dffaea1fac3dcec1e9edc62b85f,Jacob Misiorowski,Los Angeles Angels,8.5,over,0.0826010289123494,0.6866302057098486,0.6040291767974991,-185.0,135.0,1,2026-08-02T16:29:45,,,10.0,0.5405405405405406,,over,16.3125,16.3125,29.51219931271477,0.2714727085478888,7.0,8.191979359085005,5.333333333333333
2026-08-02,694819,823996,76967dffaea1fac3dcec1e9edc62b85f,Jacob Misiorowski,Los Angeles Angels,9.5,over,0.2270606678307092,0.6866302057098486,0.4595695378791393,105.0,-135.0,5,2026-08-02T16:29:45,,,10.0,1.0499999999999998,,over,16.3125,16.3125,29.51219931271477,0.2714727085478888,7.0,8.191979359085005,5.333333333333333
2026-08-02,607067,824648,7cae5f89359f34f8e1b03d1c46f2c3d6,Colin Rea,New York Yankees,4.5,under,0.0725770229916664,0.4853374445799181,0.5579144675715846,-149.8,110.5,2,2026-08-02T16:29:45,,,7.0,-1.0,,over,6.882352941176471,6.044776119402985,22.120686932491115,0.2342441604230938,5.0,4.625501798062472,5.666666666666667
2026-08-02,607067,824648,7cae5f89359f34f8e1b03d1c46f2c3d6,Colin Rea,New York Yankees,5.5,under,0.0875306896650542,0.3218110150702846,0.4093417047353389,130.0,-169.5,4,2026-08-02T16:29:45,,,7.0,-1.0,,over,6.882352941176471,6.044776119402985,22.120686932491115,0.2342441604230938,5.0,4.625501798062472,5.666666666666667
2026-08-02,543037,824648,7cae5f89359f34f8e1b03d1c46f2c3d6,Gerrit Cole,Chicago Cubs,6.5,under,0.10023309728088,0.3616321071146566,0.4618652043955366,103.5,-133.5,6,2026-08-02T16:29:45,,,5.0,0.7490636704119851,,under,12.31578947368421,11.571428571428571,25.509110430857017,0.204853519895059,5.0,5.788211742432802,6.333333333333333
2026-08-02,669923,823107,90e23149710c7c8f69e968ca8323f375,George Kirby,Minnesota Twins,5.5,under,0.0532240394338099,0.4384326430490621,0.491656682482872,-113.5,-116.0,6,2026-08-02T16:29:45,,,3.0,0.8620689655172413,,under,9.0,9.0,26.32574304889741,0.2246675836772123,6.0,5.331614439794105,5.333333333333333
2026-08-02,671737,823107,90e23149710c7c8f69e968ca8323f375,Taj Bradley,Seattle Mariners,6.5,under,0.075709450651488,0.4271731595835404,0.5028826102350284,-115.0,-115.0,6,2026-08-02T16:29:45,,,2.0,0.8695652173913042,,under,10.5,10.40625,25.096170774647888,0.2270009199632014,5.0,6.225503165551599,6.0
2026-08-02,668909,824404,93093742f035808566b727b495407df8,Gavin Williams,Arizona Diamondbacks,6.5,over,0.0720938960289134,0.6067154815590307,0.5346215855301172,-132.0,103.5,6,2026-08-02T16:29:45,,,10.0,0.7575757575757576,,over,15.3,14.494736842105263,28.15299349982894,0.2206218564243255,5.0,7.513832513946954,6.666666666666667
2026-08-02,518876,824404,93093742f035808566b727b495407df8,Merrill Kelly,Cleveland Guardians,3.5,under,0.0908261360718598,0.427238825554793,0.5180649616266528,-121.5,-106.5,6,2026-08-02T16:29:45,,,5.0,-1.0,,over,6.893617021276596,7.80722891566265,23.33279209318744,0.2207261360904063,6.0,4.303392117235908,5.222222222222222
2026-08-02,607536,824323,c77232b741072d22e3c49926ff91c383,Kyle Freeland,Kansas City Royals,3.5,under,0.1661043690359536,0.4269857259601134,0.593090094996067,-169.0,132.0,1,2026-08-02T16:29:45,,,8.0,-1.0,,over,7.788461538461539,6.850746268656716,21.30072522159549,0.2090592334494773,7.0,4.302012578912157,5.777777777777778
2026-08-02,607625,824323,c77232b741072d22e3c49926ff91c383,Seth Lugo,Colorado Rockies,4.5,over,0.16332698158073,0.5870733524922536,0.4237463709115235,121.0,-159.5,6,2026-08-02T16:29:45,,,3.0,-1.0,,under,4.7368421052631575,6.585365853658537,20.43710084033613,0.2636058230683091,5.0,5.231975385008681,6.333333333333333
2026-08-03,693645,823520,74ae10226cb75552e9cb91f8488d161e,Cam Schlittler,St. Louis Cardinals,6.5,under,0.108185899240138,0.4514479954070398,0.5596338946471778,-147.0,113.5,4,2026-08-03T19:00:21,,,6.0,1.1349999999999998,,under,14.0,11.571428571428571,26.06073423782921,0.2160930020515158,5.0,6.389409915727685,6.0
2026-08-03,693645,823520,74ae10226cb75552e9cb91f8488d161e,Cam Schlittler,St. Louis Cardinals,7.5,over,0.0313595232232942,0.4514479954070398,0.4200884721837456,122.5,-163.5,2,2026-08-03T19:00:21,,,6.0,-1.0,,under,14.0,11.571428571428571,26.06073423782921,0.2160930020515158,5.0,6.389409915727685,6.0
2026-08-03,700241,823520,74ae10226cb75552e9cb91f8488d161e,Michael McGreevy,New York Yankees,3.5,under,0.2076547584994497,0.3864411824599598,0.5940959409594095,-175.0,130.0,2,2026-08-03T19:00:21,,,5.0,-1.0,,over,6.279069767441861,6.967741935483871,19.507865937072506,0.2342441604230938,6.0,4.08274713665076,4.777777777777778
2026-08-03,700241,823520,74ae10226cb75552e9cb91f8488d161e,Michael McGreevy,New York Yankees,4.5,under,0.0355207499798906,0.3864411824599598,0.4219619324398504,123.0,-160.0,4,2026-08-03T19:00:21,,,5.0,-1.0,,over,6.279069767441861,6.967741935483871,19.507865937072506,0.2342441604230938,6.0,4.08274713665076,4.777777777777778
2026-08-03,605400,823431,d5f05941c82f5ea7de7ee32d879c0d59,Aaron Nola,Washington Nationals,5.5,under,0.0458417333084928,0.4097685779008482,0.455610311209341,102.5,-131.5,6,2026-08-03T19:00:21,,,5.0,0.7604562737642584,,under,7.411764705882353,9.0,24.140752551020405,0.2150035054919373,6.0,5.156793602647364,5.666666666666667
2026-08-03,674841,823431,d5f05941c82f5ea7de7ee32d879c0d59,Andrew Alvarez,Philadelphia Phillies,4.5,under,0.0646317432263189,0.3971097866765455,0.4617415299028645,100.0,-130.0,5,2026-08-03T19:00:21,,,5.0,-1.0,,over,6.279069767441861,4.5,21.998561151079137,0.2384378211716341,14.0,4.140164558913519,4.777777777777778
2026-08-03,687075,823757,de37e0dedc65578fdd76ba2fe3519038,Brandon Sproat,Pittsburgh Pirates,5.5,under,0.1907051746406146,0.2791586302392416,0.4698638048798562,100.0,-130.0,5,2026-08-03T19:00:21,,,4.0,0.7692307692307692,,under,7.902439024390243,8.150943396226415,14.871034482758622,0.2297862965410883,7.0,4.364405401506184,4.555555555555556
2026-08-04,663776,824731,00828e81b6bef980ada2777528d99f93,Patrick Sandoval,Chicago White Sox,5.5,under,0.156689083179114,0.3432646742561035,0.4999537574352176,-114.5,-114.5,6,2026-08-04T18:20:13,,,5.0,0.8733624454148472,,under,9.204545454545451,9.473684210526317,25.509110430857017,0.2300771208226221,6.0,4.755281565625442,4.888888888888889
2026-08-04,690928,823517,2279edd120dc52c88defa2a54e0e107d,Hunter Dobbins,New York Yankees,3.5,under,0.1659731759748196,0.4168590578582578,0.5828322338330775,-164.0,124.0,5,2026-08-04T18:20:13,,,4.0,-1.0,,over,8.217391304347826,7.363636363636363,21.875510204081632,0.2342441604230938,13.0,4.246944027280805,5.111111111111111
2026-08-04,683003,823756,9981a2df41e94c5547e84ff3f9979beb,Jared Jones,Milwaukee Brewers,5.5,under,0.0560767468061309,0.4634242205046766,0.5195009673108075,-123.0,-104.0,5,2026-08-04T18:20:13,,,4.0,0.9615384615384616,,under,10.058823529411764,10.565217391304348,25.509110430857017,0.2069904675442578,6.0,5.485937102146138,5.666666666666667
2026-08-04,701656,823756,9981a2df41e94c5547e84ff3f9979beb,Logan Henderson,Pittsburgh Pirates,6.5,under,0.1647627691363286,0.3001641563176769,0.4649269254540055,100.0,-130.0,5,2026-08-04T18:20:13,,,8.0,-1.0,,over,11.489361702127658,10.285714285714286,27.58390243902439,0.2297862965410883,7.0,5.376269026517884,5.222222222222222
2026-08-04,657746,824084,9c77a3a4edfe3bf897bbe0330b1edbb7,Joe Ryan,Kansas City Royals,5.5,under,0.2537848546093385,0.2728571864055398,0.5266420410148783,-128.5,-102.0,6,2026-08-04T18:20:13,,,3.0,0.9803921568627452,,under,7.3125,8.608695652173912,26.149391553328563,0.174065165099497,6.0,4.32528988382815,5.333333333333333
2026-08-04,677976,824084,9c77a3a4edfe3bf897bbe0330b1edbb7,Randy Dobnak,Minnesota Twins,2.5,under,0.2127307782708752,0.3209422697003188,0.5336730479711941,-131.0,102.0,6,2026-08-04T18:20:13,,,1.0,1.02,,under,5.510204081632653,5.510204081632653,22.20506329113924,0.2246675836772123,6.0,3.731535263102852,5.444444444444444
2026-08-04,687473,824888,b78e7c3194121b22ad94556a6db3048c,Ryan Gusto,Atlanta Braves,3.5,under,0.1754921891514637,0.3264462990534229,0.5019384882048866,-114.9,-112.4,6,2026-08-04T18:20:13,,,5.0,-1.0,,over,7.147058823529411,7.56,23.147329545454543,0.2224933451641526,6.0,3.761104937613798,3.777777777777778
2026-08-04,676282,824403,c242db575b7b666cd549f31569266d89,Joey Cantillo,New York Mets,5.5,under,0.1193674891069477,0.3962405603556316,0.5156080494625793,-120.0,-108.0,6,2026-08-04T18:20:13,,,5.0,0.925925925925926,,under,13.5,13.897058823529411,28.3971899816738,0.2258426966292135,6.0,5.074851493575185,4.222222222222222
2026-08-04,640455,824403,c242db575b7b666cd549f31569266d89,Sean Manaea,Cleveland Guardians,4.5,over,0.0858853913955461,0.5807916474629273,0.4949062560673812,-110.5,-118.0,6,2026-08-04T18:20:13,,,7.0,0.9049773755656108,,over,7.56,7.605633802816901,27.34977168949772,0.2387892376681614,6.0,5.192304184167644,5.555555555555556
2026-08-04,680570,824805,fadc6a3080af39afc5de586f3e2945a3,Grayson Rodriguez,Baltimore Orioles,4.5,under,0.2087048436934647,0.3726206954486475,0.5813255391421123,-165.0,123.0,1,2026-08-04T18:20:13,,,6.0,-1.0,,over,8.307692307692308,5.890909090909092,25.509110430857017,0.2403979639055992,6.0,4.008558071830449,4.333333333333333
2026-08-04,680570,824805,fadc6a3080af39afc5de586f3e2945a3,Grayson Rodriguez,Baltimore Orioles,5.5,under,0.1985110002770855,0.2231083710763286,0.4216193713534142,125.0,-160.0,5,2026-08-04T18:20:13,,,6.0,-1.0,,over,8.307692307692308,5.890909090909092,25.509110430857017,0.2403979639055992,6.0,4.008558071830449,4.333333333333333
2026-08-05,687931,822866,1af87dcd6b0633f04d74f0dea798bee9,Carson Whisenhunt,Texas Rangers,3.5,under,0.0835953304889792,0.4915680682038311,0.5751633986928104,-160.0,120.0,1,2026-08-05T18:11:57,,,4.0,-1.0,,over,8.999999999999998,8.999999999999998,22.13382352941176,0.235645933014354,5.0,4.660840201668478,4.666666666666667
2026-08-05,687931,822866,1af87dcd6b0633f04d74f0dea798bee9,Carson Whisenhunt,Texas Rangers,4.5,over,0.0693833234967079,0.4915680682038311,0.4221847447071232,122.0,-159.0,5,2026-08-05T18:11:57,,,4.0,-1.0,,under,8.999999999999998,8.999999999999998,22.13382352941176,0.235645933014354,5.0,4.660840201668478,4.666666666666667
2026-08-05,680732,824728,1f3cb32a66435b66d77c6543ea984cc6,Sean Burke,Boston Red Sox,6.5,under,0.0303327870335913,0.4100070948183426,0.4403398818519339,113.5,-147.2,2,2026-08-05T18:11:57,,,4.0,0.6793478260869565,,under,12.053571428571429,11.92207792207792,25.35391414141414,0.2275908783020997,6.0,6.110474217921193,6.222222222222222
2026-08-05,669467,823516,2da70aefb8ce542046f6790787c32469,Andre Pallante,New York Yankees,4.5,over,0.1140131599633642,0.5737844748855698,0.4597713149222056,105.5,-135.5,6,2026-08-05T18:11:57,,,4.0,-1.0,,under,6.750000000000001,6.084507042253522,23.51262421788737,0.2342441604230938,6.0,5.148465802765468,6.222222222222221
2026-08-05,690986,823753,34a753d38dc147edbd4974784d1746a0,Kyle Harrison,Pittsburgh Pirates,5.5,under,0.3954438541037427,0.1733394383626477,0.5687832924663905,-155.0,117.0,1,2026-08-05T18:11:57,,,10.0,-1.0,,over,10.8,4.5,25.52606473594549,0.2579986385296119,28.0,3.669513162946296,3.888888888888889
2026-08-05,690986,823753,34a753d38dc147edbd4974784d1746a0,Kyle Harrison,Pittsburgh Pirates,6.5,under,0.3314292638667401,0.0876560231993114,0.4190852870660514,122.0,-160.0,5,2026-08-05T18:11:57,,,10.0,-1.0,,over,10.8,4.5,25.52606473594549,0.2579986385296119,28.0,3.669513162946296,3.888888888888889
2026-08-05,694973,823753,34a753d38dc147edbd4974784d1746a0,Paul Skenes,Milwaukee Brewers,6.5,under,0.0355101443109753,0.53189488202467,0.5674050263356453,-152.0,117.0,5,2026-08-05T18:11:57,,,6.0,1.17,,under,14.326530612244898,12.036144578313252,30.190223556890224,0.2069904675442578,5.0,6.950421223515577,5.444444444444444
2026-08-05,694973,823753,34a753d38dc147edbd4974784d1746a0,Paul Skenes,Milwaukee Brewers,7.5,over,0.0984057192537392,0.53189488202467,0.4334891627709307,115.0,-155.0,1,2026-08-05T18:11:57,,,6.0,-1.0,,under,14.326530612244898,12.036144578313252,30.190223556890224,0.2069904675442578,5.0,6.950421223515577,5.444444444444444
2026-08-05,641778,824646,3c86d930d993bc3d18da99df6bc33038,Eric Lauer,Chicago Cubs,3.5,under,0.0458573716005532,0.4393228411312428,0.485180212731796,-106.5,-122.0,6,2026-08-05T18:11:57,,,1.0,0.819672131147541,,under,6.230769230769231,6.230769230769231,23.817013682331947,0.2141057934508816,7.0,4.369456799433485,5.777777777777778
2026-08-05,695076,824482,3cf7e6e67663cb95cf7840aeb10f3020,Rhett Lowder,Athletics,3.5,under,0.1762042819619207,0.3813178419318845,0.5575221238938053,-150.0,110.0,1,2026-08-05T18:11:57,,,3.0,1.1,,under,7.425,7.425,25.509110430857017,0.222388698630137,6.0,4.055223612237212,4.444444444444445
2026-08-05,695076,824482,3cf7e6e67663cb95cf7840aeb10f3020,Rhett Lowder,Athletics,4.5,under,0.0431404875008485,0.3813178419318845,0.4244583294327331,122.0,-160.0,5,2026-08-05T18:11:57,,,3.0,0.625,,under,7.425,7.425,25.509110430857017,0.222388698630137,6.0,4.055223612237212,4.444444444444445
2026-08-05,592791,824158,62d92e8ecf4bb3be97f03a09925eaec3,Jameson Taillon,Houston Astros,3.5,under,0.3025975988634106,0.2725657998293997,0.5751633986928104,-160.0,120.0,1,2026-08-05T18:11:57,,,4.0,-1.0,,over,10.607142857142858,9.72,20.27801920161697,0.2124764496545949,10.0,3.4691591094930407,3.1111111111111107
2026-08-05,592791,824158,62d92e8ecf4bb3be97f03a09925eaec3,Jameson Taillon,Houston Astros,4.5,under,0.1615371045209116,0.2725657998293997,0.4341029043503114,116.5,-153.0,4,2026-08-05T18:11:57,,,4.0,0.65359477124183,,under,10.607142857142858,9.72,20.27801920161697,0.2124764496545949,10.0,3.4691591094930407,3.1111111111111107
2026-08-05,691725,823429,abfd6c313f05e6a63db17ff99a71c76b,Andrew Painter,Washington Nationals,3.5,under,0.1248151967353249,0.4570959505359332,0.5819111472712581,-164.0,125.0,5,2026-08-05T18:11:57,,,4.0,-1.0,,over,9.236842105263158,9.0,25.509110430857017,0.2150035054919373,5.0,4.467426455338021,4.222222222222222
2026-08-05,691725,823429,abfd6c313f05e6a63db17ff99a71c76b,Andrew Painter,Washington Nationals,4.5,over,0.0443121616810955,0.4570959505359332,0.4127837888548377,129.0,-164.0,1,2026-08-05T18:11:57,,,4.0,-1.0,,under,9.236842105263158,9.0,25.509110430857017,0.2150035054919373,5.0,4.467426455338021,4.222222222222222
2026-08-05,663623,823429,abfd6c313f05e6a63db17ff99a71c76b,Jake Irvin,Philadelphia Phillies,3.5,under,0.2543184198074406,0.2758305376294667,0.5301489574369074,-129.0,100.0,6,2026-08-05T18:11:57,,,3.0,1.0,,under,9.0,1.8,18.286990489130435,0.2068720379146919,6.0,3.4870644987386505,4.666666666666667
2026-08-05,607259,824322,afe94dee1642445e86e426474b8e7dee,Nick Martinez,Colorado Rockies,3.5,under,0.0539743635511308,0.4385795924438941,0.4925539559950249,-110.0,-118.0,6,2026-08-05T18:11:57,,,4.0,-1.0,,over,3.5,3.085714285714286,19.88684516880093,0.2636058230683091,5.0,4.365381523143055,6.0
2026-08-05,608372,824322,afe94dee1642445e86e426474b8e7dee,Tomoyuki Sugano,Tampa Bay Rays,2.5,under,0.0879939685315948,0.4088315734669187,0.4968255419985135,-115.0,-115.0,6,2026-08-05T18:11:57,,,3.0,-1.0,,over,4.909090909090909,4.909090909090909,18.28031189083821,0.2248506571087216,5.0,4.203452649646173,6.111111111111111
2026-08-05,665152,824082,fbdb4a62358d122e0acbb41bc889d778,Dean Kremer,Kansas City Royals,4.5,under,0.1436531036962924,0.3667921451669723,0.5104452488632648,-119.5,-109.5,6,2026-08-05T18:11:57,,,2.0,0.91324200913242,,under,9.0,8.526315789473685,22.366233283803865,0.174065165099497,8.0,3.977314896665895,4.666666666666667
2026-08-05,702070,824082,fbdb4a62358d122e0acbb41bc889d778,Noah Cameron,Minnesota Twins,4.5,over,0.1018279935901039,0.6682116334651871,0.5663836398750831,-152.0,115.5,6,2026-08-05T18:11:57,,,9.0,0.6578947368421053,,over,7.65,8.64,26.10124768946396,0.2309958750736594,6.0,5.783291030473926,6.666666666666667
2026-08-05,672282,824806,fe0d956203b65ef42f68a6d324f8b922,Reid Detmers,Baltimore Orioles,6.5,under,0.0638371224419244,0.4997502857072849,0.5635874081492094,-149.0,115.5,4,2026-08-05T18:11:57,,,5.0,1.1550000000000002,,under,12.122448979591836,12.39344262295082,31.832502308402585,0.2461719670200235,8.0,6.722125628862511,5.444444444444444
2026-08-05,672282,824806,fe0d956203b65ef42f68a6d324f8b922,Reid Detmers,Baltimore Orioles,7.5,over,0.0682489705737947,0.4997502857072849,0.4315013151334902,119.0,-151.0,1,2026-08-05T18:11:57,,,5.0,-1.0,,under,12.122448979591836,12.39344262295082,31.832502308402585,0.2461719670200235,8.0,6.722125628862511,5.444444444444444
2026-08-05,669432,824806,fe0d956203b65ef42f68a6d324f8b922,Trevor Rogers,Los Angeles Angels,5.5,over,0.0381060623721848,0.545753071940425,0.5076470095682402,-115.0,-111.0,5,2026-08-05T18:11:57,,,9.0,0.8695652173913042,,over,9.310344827586208,8.526315789473685,25.649907805777502,0.2698689956331878,7.0,6.014857636847947,6.444444444444444
2026-08-07,678022,824727,91a75ec8bd4cdcae338a3b513e0ad681,Jack Perkins,Boston Red Sox,4.5,over,0.1299058643490447,0.6555368924296499,0.5256310280806051,-129.5,100.5,6,2026-08-07T15:40:09,,,3.0,-1.0,,under,9.5625,9.5625,32.740031397174256,0.2275908783020997,6.0,5.691593873863049,5.333333333333333
2026-08-07,676917,822699,99fc4bfc698f7aa670b98139e490d1ff,Cade Cavalli,Cincinnati Reds,5.5,under,0.0582724693612664,0.5126487923129807,0.5709212616742471,-156.5,119.5,6,2026-08-07T15:40:09,-163.5,122.5,8.0,-1.0,-0.0090161673355769,over,7.0,8.4,28.040482233502534,0.2335734555773848,5.0,5.797537446346169,6.0
2026-08-07,669387,823349,b16edbe527767ab334db0995f39c8a5d,Carmen Mlodzinski,New York Mets,3.5,under,0.1818656695229018,0.2383135310757617,0.4201792005986635,124.5,-161.5,6,2026-08-07T15:40:09,,,1.0,0.6191950464396285,,under,2.25,2.25,22.34001214329083,0.2098681218735789,74.0,3.27860306357125,5.333333333333333
2026-08-07,702273,824566,cad05e7cd27dfc1bc5a8301e34d64c33,Noah Schultz,Cleveland Guardians,3.5,under,0.2034726556614684,0.3299600493348957,0.5334327049963642,-131.0,102.0,6,2026-08-07T15:40:09,-130.0,100.0,1.0,1.02,0.0028204600984049,under,8.25,8.25,25.509110430857017,0.2387892376681614,11.0,3.779965186019424,4.0
2026-08-07,800048,824566,cad05e7cd27dfc1bc5a8301e34d64c33,Parker Messick,Chicago White Sox,5.5,under,0.1561698128005324,0.396194434562469,0.5523642473630015,-143.9,111.5,6,2026-08-07T15:40:09,-160.0,120.0,8.0,-1.0,-0.022799151329809,over,9.169811320754716,7.225352112676056,26.01344,0.2300771208226221,6.0,5.074572550671862,5.888888888888889
2026-08-07,691946,823836,cd7a442939785b6d6b84212d352d5f62,George Klassen,Miami Marlins,4.5,under,0.1778972869172748,0.2726845824582609,0.4505818693755356,108.5,-141.0,6,2026-08-07T15:40:09,,,3.0,0.7092198581560285,,under,11.571428571428571,11.571428571428571,25.509110430857017,0.2005105592944998,118.0,3.4698112283622,2.333333333333333
2026-08-07,663969,823836,cd7a442939785b6d6b84212d352d5f62,Tyler Phillips,Los Angeles Angels,3.5,under,0.0799515714660168,0.4952118272267936,0.5751633986928104,-160.0,120.0,1,2026-08-07T15:40:09,,,4.0,-1.0,,over,6.279069767441861,6.19672131147541,27.208746618575294,0.2714727085478888,6.0,4.681592792375574,4.777777777777778
2026-08-07,663969,823836,cd7a442939785b6d6b84212d352d5f62,Tyler Phillips,Los Angeles Angels,4.5,over,0.0705251467119471,0.4952118272267936,0.4246866805148464,120.0,-158.0,5,2026-08-07T15:40:09,,,4.0,-1.0,,under,6.279069767441861,6.19672131147541,27.208746618575294,0.2714727085478888,6.0,4.681592792375574,4.777777777777778
2026-08-07,554430,823428,de2d6836db4bc97363ff6663002a1226,Zack Wheeler,Toronto Blue Jays,5.5,under,0.2037637717102297,0.3794258807118732,0.583189652422103,-163.5,125.5,2,2026-08-07T15:40:09,-164.0,128.0,6.0,-1.0,-0.0029653513401242,over,13.5,14.0,31.88258145363408,0.175,5.0,4.973313672195268,4.0
2026-08-07,554430,823428,de2d6836db4bc97363ff6663002a1226,Zack Wheeler,Toronto Blue Jays,6.5,under,0.1859832222120162,0.2420033275556016,0.4279865497676178,120.0,-158.0,4,2026-08-07T15:40:09,117.0,-150.0,6.0,0.6329113924050633,-0.0064183155668738,under,13.5,14.0,31.88258145363408,0.175,5.0,4.973313672195268,4.0
2026-08-07,675660,823750,ed9fcfc2137fc652d961d19c318bc7be,Shane Drohan,Minnesota Twins,5.5,over,0.0634926867310254,0.5227567510740714,0.4592640643430459,105.5,-135.5,6,2026-08-07T15:40:09,109.0,-140.5,4.0,-1.0,-0.0090117920199875,under,11.0,10.356164383561644,25.509110430857017,0.2309958750736594,7.0,5.86312740774168,6.0
2026-08-07,641816,823515,f21b26648f99c091191633eaa4b9d593,Tyler Mahle,New York Yankees,5.5,under,0.1605419022721932,0.3341774666920469,0.4947193689642401,-112.5,-114.5,6,2026-08-07T15:40:09,100.0,-131.4,9.0,-1.0,0.0264878837355878,over,8.639999999999999,7.605633802816901,23.15626357711803,0.2342441604230938,6.0,4.700386198071722,5.555555555555556
2026-08-08,453286,823426,1832664964f1aa706bdd77989f364361,Max Scherzer,Philadelphia Phillies,3.5,under,0.1640049974873206,0.3761294263971173,0.540134423884438,-135.5,105.0,6,2026-08-08T14:19:52,,,4.0,-1.0,,over,9.75,9.346153846153848,22.89079136690648,0.2068720379146919,6.0,4.027377004560771,4.0
2026-08-08,674841,822701,254ca63a4cce98af560e2a7fa7b64551,Andrew Alvarez,Cincinnati Reds,4.5,under,0.0403204869349834,0.4954496911701511,0.5357701781051346,-132.0,104.0,5,2026-08-08T14:19:52,,,2.0,1.04,,under,5.510204081632653,5.90625,21.998561151079137,0.2298467688207861,5.0,4.682949788551194,5.444444444444444
2026-08-08,695505,822701,254ca63a4cce98af560e2a7fa7b64551,Chase Burns,Washington Nationals,5.5,over,0.0822172400566707,0.6343077348571462,0.5520904948004755,-141.5,110.0,6,2026-08-08T14:19:52,,,6.0,0.706713780918728,,over,10.6875,10.6875,31.70353403141361,0.2150035054919373,6.0,6.642630246021419,5.333333333333333
2026-08-08,641743,824565,33be2f3b18fff5a3f250b48a5980305d,Anthony Kay,Cleveland Guardians,4.5,over,0.1524341683464878,0.5689371153013012,0.4165029469548134,125.0,-165.0,1,2026-08-08T14:19:52,125.5,-163.4,4.0,-1.0,0.0003569302028796,under,7.560000000000001,7.961538461538463,25.509110430857017,0.2387892376681614,6.0,5.118385712635438,5.5555555555555545
2026-08-08,668909,824565,33be2f3b18fff5a3f250b48a5980305d,Gavin Williams,Chicago White Sox,7.5,over,0.0835493746878132,0.6199657057339512,0.536416331046138,-134.5,101.0,6,2026-08-08T14:19:52,-152.0,114.0,7.0,-1.0,0.027053735472709,under,15.101694915254235,15.153061224489797,28.15299349982894,0.2270367862784924,6.0,7.619741164612039,6.555555555555556
2026-08-08,694738,823188,3ba899e2de8498870462a2bf41364384,Landen Roupp,Detroit Tigers,4.5,under,0.1022952784915908,0.4741407125448486,0.5764359910364394,-159.0,120.0,5,2026-08-08T14:19:52,-157.0,121.0,3.0,1.2000000000000002,0.0019538147694062,under,8.790697674418606,6.749999999999999,23.9378714208536,0.244591209291733,6.0,4.562438681684819,4.777777777777778
2026-08-08,694738,823188,3ba899e2de8498870462a2bf41364384,Landen Roupp,Detroit Tigers,5.5,under,0.1310450682018304,0.3114328079043642,0.4424778761061947,110.0,-150.0,1,2026-08-08T14:19:52,120.0,-160.0,3.0,0.6666666666666665,0.0176412747990051,under,8.790697674418606,6.749999999999999,23.9378714208536,0.244591209291733,6.0,4.562438681684819,4.777777777777778
2026-08-08,519242,823514,5c292777a98d90d363d05f1ad9eb489d,Chris Sale,New York Yankees,8.5,over,0.103579162155508,0.5404450020653164,0.4368658399098084,116.0,-148.0,1,2026-08-08T14:19:52,,,8.0,-1.0,,under,12.31578947368421,12.681818181818182,30.1000984736583,0.2357100766057749,10.0,7.012320735981771,6.333333333333333
2026-08-08,645261,823834,60f49a7e49d759fbf523ceb66bc321c7,Sandy Alcantara,Los Angeles Angels,5.5,over,0.0333648673983153,0.5375455325984422,0.5041806652001268,-115.0,-113.0,6,2026-08-08T14:19:52,,,8.0,0.8695652173913042,,over,5.85,7.636363636363637,20.992943618125217,0.2714727085478888,6.0,5.9602798345532095,6.666666666666667
2026-08-08,695611,824726,62272079b123c3878cf52a664914a57f,Gage Jump,Boston Red Sox,5.5,over,0.0921058382208189,0.5772511036301226,0.4851452654093036,-107.4,-121.5,6,2026-08-08T14:19:52,,,11.0,0.9310986964618247,,over,10.674418604651162,12.169014084507042,25.509110430857017,0.2312886888013506,6.0,6.229272245653135,4.777777777777778
2026-08-08,650633,823267,65088419b2bbe20536ff82ba4b8956c4,Michael King,Houston Astros,4.5,over,0.0435604309511982,0.6187238296440086,0.5751633986928104,-160.0,120.0,1,2026-08-08T14:19:52,-161.0,126.0,6.0,0.625,0.0071430379489973,over,9.529411764705882,9.0,25.325758818703854,0.2124764496545949,5.0,5.437743753457986,5.666666666666667
2026-08-08,650633,823267,65088419b2bbe20536ff82ba4b8956c4,Michael King,Houston Astros,5.5,over,0.0473219824756407,0.4556566916121315,0.4083347091364907,135.0,-174.0,5,2026-08-08T14:19:52,128.0,-167.0,6.0,1.35,0.0038549907523569,over,9.529411764705882,9.0,25.325758818703854,0.2124764496545949,5.0,5.437743753457986,5.666666666666667
2026-08-08,607536,823021,7d9e89063e6e0241bd42d8621d9a3aa8,Kyle Freeland,St. Louis Cardinals,3.5,over,0.0638856992629359,0.5631164097320476,0.4992307104691116,-114.0,-114.0,6,2026-08-08T14:19:52,-117.5,-110.5,3.0,-1.0,0.0079462003834028,under,6.19672131147541,7.860759493670886,21.30072522159549,0.2217598097502972,6.0,5.082521565827804,6.777777777777778
2026-08-08,688107,823752,ac5e921307945f0cd2dcd651f4209604,Robert Gasser,Minnesota Twins,4.5,under,0.0634569236540991,0.4400151172975035,0.5034720409516027,-116.0,-111.0,5,2026-08-08T14:19:52,-111.0,-115.0,3.0,0.900900900900901,0.0076274533762858,under,8.4375,8.526315789473685,23.20686274509804,0.2309958750736594,7.0,4.373254059620628,5.333333333333333
2026-08-08,671737,823752,ac5e921307945f0cd2dcd651f4209604,Taj Bradley,Milwaukee Brewers,5.5,under,0.0618306399269545,0.5213590124951484,0.583189652422103,-163.5,125.5,2,2026-08-08T14:19:52,-162.0,125.0,7.0,-1.0,0.0013859812329569,over,8.052631578947368,8.419354838709678,25.096170774647888,0.2069904675442578,6.0,5.854019798493362,6.333333333333333
2026-08-08,671737,823752,ac5e921307945f0cd2dcd651f4209604,Taj Bradley,Milwaukee Brewers,6.5,under,0.0506322286198313,0.3715217460276239,0.4221539746474551,122.0,-159.0,3,2026-08-08T14:19:52,124.5,-163.0,7.0,-1.0,0.0039867554594626,over,8.052631578947368,8.419354838709678,25.096170774647888,0.2069904675442578,6.0,5.854019798493362,6.333333333333333
2026-08-08,696149,823348,c70414f74d2d01667ec47d97408c9f83,Bubba Chandler,New York Mets,4.5,over,0.1473234819933263,0.6524435302628562,0.5051200482695298,-117.0,-112.0,6,2026-08-08T14:19:52,,,5.0,0.8547008547008548,,over,7.3125,8.274193548387096,30.13101952277657,0.2098681218735789,5.0,5.669573497567649,5.333333333333333
2026-08-08,476594,823348,c70414f74d2d01667ec47d97408c9f83,Robert Stock,Pittsburgh Pirates,3.5,under,0.3173408243907006,0.2642770858231601,0.5816179102138608,-162.5,123.5,4,2026-08-08T14:19:52,,,4.0,-1.0,,over,7.2,7.2,20.315254237288134,0.2297862965410883,6.0,3.423523653673365,5.0
2026-08-08,476594,823348,c70414f74d2d01667ec47d97408c9f83,Robert Stock,Pittsburgh Pirates,4.5,under,0.1088572425350488,0.2642770858231601,0.3731343283582089,152.0,-200.0,1,2026-08-08T14:19:52,,,4.0,0.5,,under,7.2,7.2,20.315254237288134,0.2297862965410883,6.0,3.423523653673365,5.0
2026-08-08,594798,822864,d9ec780336d9a4003b470398837385da,Jacob deGrom,Baltimore Orioles,7.5,under,0.1659750732061888,0.2818965072545936,0.4478715804607825,111.0,-144.5,6,2026-08-08T14:19:52,110.0,-146.5,9.0,-1.0,0.0030461721778265,over,8.999999999999998,8.999999999999998,30.94319051262433,0.2403979639055992,7.0,5.251711094159255,4.333333333333334
2026-08-08,680694,822864,d9ec780336d9a4003b470398837385da,Kyle Bradish,Texas Rangers,5.5,under,0.1147851397292423,0.3569376551419529,0.4717227948711953,-102.5,-128.5,6,2026-08-08T14:19:52,-101.5,-127.5,4.0,0.7782101167315174,-0.0016283043959599,under,7.24390243902439,7.081967213114753,33.56578947368421,0.2133058984910836,6.0,4.837750660440895,4.555555555555556
2026-08-08,607625,824079,f55697bcdc0241e9015625a0b5281355,Seth Lugo,Chicago Cubs,3.5,under,0.0974641120644131,0.4755450397600621,0.5730091518244753,-159.0,120.0,3,2026-08-08T14:19:52,-162.0,120.0,5.0,-1.0,-0.0033168507628467,over,5.0,6.107142857142857,20.43710084033613,0.204853519895059,6.0,4.5703184720850265,6.0
2026-08-08,607625,824079,f55697bcdc0241e9015625a0b5281355,Seth Lugo,Chicago Cubs,4.5,over,0.0694524646273224,0.4755450397600621,0.4060925751327397,130.0,-175.0,3,2026-08-08T14:19:52,130.0,-170.0,5.0,1.2999999999999998,0.0023794369701348,over,5.0,6.107142857142857,20.43710084033613,0.204853519895059,6.0,4.5703184720850265,6.0
2026-08-09,683003,823345,3081c067af129c2354800a0fde3a3568,Jared Jones,New York Mets,5.5,under,0.0786877721961893,0.3667779808382116,0.445465753034401,110.0,-148.0,5,2026-08-09T14:56:48,,,3.0,0.6756756756756757,,under,7.875,9.857142857142858,25.509110430857017,0.2098681218735789,5.0,4.8970612436141305,5.333333333333333
2026-08-09,640455,823345,3081c067af129c2354800a0fde3a3568,Sean Manaea,Pittsburgh Pirates,5.5,over,0.1336668805853208,0.5650045412970337,0.4313376607117128,114.0,-147.0,5,2026-08-09T14:56:48,,,11.0,1.1399999999999997,,over,7.0,8.338235294117647,27.34977168949772,0.2579986385296119,5.0,6.144912691096537,6.0
2026-08-09,680570,823835,440c77bba5359e2f5581b4cc8db80c54,Grayson Rodriguez,Miami Marlins,4.5,under,0.1314392105642359,0.4489952119869798,0.5804344225512157,-150.0,118.0,3,2026-08-09T14:56:48,,,8.0,-1.0,,over,8.4375,6.394736842105264,25.509110430857017,0.2005105592944998,5.0,4.422645074790127,5.333333333333333
2026-08-09,680570,823835,440c77bba5359e2f5581b4cc8db80c54,Grayson Rodriguez,Miami Marlins,5.5,under,0.1337003855593178,0.2885905811874448,0.4222909667467626,124.0,-160.0,3,2026-08-09T14:56:48,,,8.0,-1.0,,over,8.4375,6.394736842105264,25.509110430857017,0.2005105592944998,5.0,4.422645074790127,5.333333333333333
2026-08-09,687473,823835,440c77bba5359e2f5581b4cc8db80c54,Ryan Gusto,Los Angeles Angels,4.5,under,0.0401571106693748,0.5004131798910283,0.5405702905604032,-132.5,101.5,6,2026-08-09T14:56:48,,,4.0,1.0149999999999997,,under,7.534883720930233,7.534883720930233,23.147329545454543,0.2714727085478888,5.0,4.711331082838089,4.777777777777778
2026-08-09,547179,823020,6b6ba5b15bfaaa7ec8e1e6d5c8666468,Michael Lorenzen,St. Louis Cardinals,3.5,under,0.2010859256148696,0.2035992901848897,0.4046852157997593,132.0,-172.0,6,2026-08-09T14:56:48,,,1.0,0.5813953488372094,,under,5.90625,4.595744680851064,22.919930974978428,0.2160930020515158,6.0,3.078443451645545,3.555555555555556
2026-08-09,700241,823020,6b6ba5b15bfaaa7ec8e1e6d5c8666468,Michael McGreevy,Colorado Rockies,3.5,under,0.1859369209068117,0.3604773594568083,0.54641428036362,-138.0,107.0,6,2026-08-09T14:56:48,,,4.0,-1.0,,over,7.297297297297298,7.232142857142858,19.507865937072506,0.2636058230683091,6.0,3.9434836264028448,4.111111111111111
2026-08-09,593958,825050,87469e2153fb7260dafc6c43a4ebee53,Eduardo Rodriguez,Los Angeles Dodgers,3.5,under,0.0795036353712173,0.4751100777282573,0.5546137130994746,-145.0,110.0,5,2026-08-09T14:56:48,,,9.0,-1.0,,over,4.576271186440677,5.7176470588235295,22.867581143740345,0.2211819777647747,5.0,4.567876979373416,6.555555555555556
2026-08-09,593958,825050,87469e2153fb7260dafc6c43a4ebee53,Eduardo Rodriguez,Los Angeles Dodgers,4.5,over,0.1309805230723869,0.4751100777282573,0.3441295546558704,170.0,-240.0,1,2026-08-09T14:56:48,,,9.0,1.7000000000000002,,over,4.576271186440677,5.7176470588235295,22.867581143740345,0.2211819777647747,5.0,4.567876979373416,6.555555555555556
2026-08-09,680736,825050,87469e2153fb7260dafc6c43a4ebee53,Justin Wrobleski,Arizona Diamondbacks,4.5,over,0.1590636133939656,0.5649249439206175,0.4058613305266518,132.0,-171.0,2,2026-08-09T14:56:48,,,3.0,-1.0,,under,9.72,9.72,23.691300366300368,0.1911764705882352,6.0,5.093635459141629,5.5555555555555545
2026-08-09,680736,825050,87469e2153fb7260dafc6c43a4ebee53,Justin Wrobleski,Arizona Diamondbacks,5.5,over,0.1729305115346384,0.399345605874261,0.2264150943396226,310.0,-500.0,1,2026-08-09T14:56:48,,,3.0,-1.0,,under,9.72,9.72,23.691300366300368,0.1911764705882352,6.0,5.093635459141629,5.5555555555555545
2026-08-09,669456,823425,8b5f6c697c629a56e47212f0e767cc15,Shane Bieber,Philadelphia Phillies,3.5,under,0.1242514972604762,0.4290620400125073,0.5533135372729836,-141.4,109.0,6,2026-08-09T14:56:48,,,4.0,-1.0,,over,6.074999999999999,7.124999999999999,27.10232558139535,0.2068720379146919,6.0,4.313334539979067,4.444444444444445
2026-08-09,663436,824564,9787ffdc39d62ec33a07c7d40b78adee,Davis Martin,Cleveland Guardians,3.5,under,0.1397616371260532,0.3814149028324267,0.52117653995848,-126.0,-101.5,6,2026-08-09T14:56:48,,,1.0,0.9852216748768474,,under,5.625,6.230769230769231,21.96757693974859,0.2207261360904063,5.0,4.05574478459291,5.333333333333333
2026-08-09,676282,824564,9787ffdc39d62ec33a07c7d40b78adee,Joey Cantillo,Chicago White Sox,5.5,under,0.1739089199006041,0.3509434424079714,0.5248523623085755,-127.0,-103.5,6,2026-08-09T14:56:48,,,3.0,0.9661835748792268,,under,12.078947368421051,13.102941176470589,28.3971899816738,0.2300771208226221,5.0,4.801609780231556,4.222222222222222
2026-08-09,675512,823190,9e78ca8707c1e5012ccd30c142e37a40,Troy Melton,San Francisco Giants,5.5,over,0.0939832700039468,0.5056807106346253,0.4116974406306784,130.0,-169.5,6,2026-08-09T14:56:48,,,5.0,-1.0,,under,6.631578947368421,8.391891891891891,22.91173780487805,0.2202742189256012,5.0,5.7526768479448185,6.333333333333333
2026-08-09,700249,822862,a7521ab1b3d33fa79e27498c47700cb4,Cade Povich,Texas Rangers,4.5,under,0.0591795216338787,0.4504978752863748,0.5096773969202536,-117.9,-108.9,6,2026-08-09T14:56:48,,,2.0,0.9182736455463728,,under,8.307692307692308,10.5,24.07376966007103,0.235645933014354,5.0,4.430935035350185,4.333333333333333
2026-08-09,677958,822862,a7521ab1b3d33fa79e27498c47700cb4,Kumar Rocker,Baltimore Orioles,5.5,over,0.1182066614097882,0.5617411523804614,0.4435344909706731,112.0,-146.5,6,2026-08-09T14:56:48,,,5.0,-1.0,,under,9.0,9.126760563380282,24.61614906832298,0.2403979639055992,7.0,6.122654125795089,6.0
2026-08-09,687570,823751,cace409c1c9708d449b8598e55ca9536,Connor Prielipp,Milwaukee Brewers,5.5,under,0.076217796621387,0.3843481809772595,0.4605659775986466,106.5,-140.5,6,2026-08-09T14:56:48,,,7.0,-1.0,,over,9.0,8.181818181818182,25.509110430857017,0.1943986820428336,8.0,5.003011475471384,5.333333333333333
2026-08-09,694819,823751,cace409c1c9708d449b8598e55ca9536,Jacob Misiorowski,Minnesota Twins,8.5,over,0.0888939632122648,0.62536154652553,0.5364675833132652,-132.5,103.0,6,2026-08-09T14:56:48,,,9.0,0.7547169811320755,,over,15.75,15.75,29.51219931271477,0.2246675836772123,7.0,7.663515076067363,5.333333333333333
2026-08-09,571510,824078,d9bb4855e4ed5d8ae038db62356ed74f,Matthew Boyd,Kansas City Royals,4.5,over,0.0732015565697308,0.5728079934679836,0.4996064368982527,-114.5,-114.5,6,2026-08-09T14:56:48,,,3.0,-1.0,,under,5.225806451612903,5.181818181818182,23.371230881281864,0.2090592334494773,6.0,5.142390378730256,6.888888888888889
2026-08-09,677976,824078,d9bb4855e4ed5d8ae038db62356ed74f,Randy Dobnak,Chicago Cubs,2.5,under,0.2518982629877095,0.2857816655137364,0.537679928501446,-133.5,104.5,6,2026-08-09T14:56:48,,,4.0,-1.0,,over,4.235294117647059,4.640625,22.20506329113924,0.204853519895059,5.0,3.5414252804206643,5.666666666666667
2026-08-10,665152,823675,253334441d4a57efddaf3e77f2c41ad4,Dean Kremer,Baltimore Orioles,5.5,under,0.1536787267660724,0.2949850911876988,0.4486638179537712,110.0,-141.0,5,2026-08-10T16:10:25,114.0,-149.0,7.0,-1.0,0.0101754581467764,over,6.6,7.578947368421052,22.366233283803865,0.2403979639055992,5.0,4.461941911462526,5.0
2026-08-10,669432,823675,253334441d4a57efddaf3e77f2c41ad4,Trevor Rogers,Minnesota Twins,4.5,over,0.0852592123074014,0.653515652231043,0.5682564399236416,-152.0,116.0,5,2026-08-10T16:10:25,-130.0,100.0,4.0,-1.0,-0.0376441950256823,under,9.947368421052632,10.302631578947368,25.649907805777502,0.2309958750736594,5.0,5.677190060274626,6.333333333333333
2026-08-10,693821,824887,4a90a077ddd83a66ffc796851a64a7ac,Bryce Elder,New York Mets,4.5,over,0.0852589747672644,0.5547020289631464,0.4694430541958819,100.0,-130.0,5,2026-08-10T16:10:25,-101.0,-127.0,4.0,-1.0,0.0037273754900057,under,7.0,6.75,21.643476531424025,0.2098681218735789,5.0,5.031150533120881,6.0
2026-08-10,681035,824887,4a90a077ddd83a66ffc796851a64a7ac,Christian Scott,Atlanta Braves,5.5,under,0.04775475029982,0.4178850551183126,0.4656398054181326,100.0,-135.0,5,2026-08-10T16:10:25,-115.0,-113.0,6.0,-1.0,-0.0364097949098035,over,12.272727272727272,11.950819672131146,25.509110430857017,0.2224933451641526,5.0,5.206107703212263,4.888888888888888
2026-08-10,592791,822780,af25489423425fb7619de2e178b46bc0,Jameson Taillon,Boston Red Sox,4.5,under,0.0430869860973992,0.3979043332281615,0.4409913193255607,113.5,-146.5,6,2026-08-10T16:10:25,114.0,-148.0,3.0,0.68259385665529,0.0018356315510883,under,9.486486486486488,9.486486486486488,20.27801920161697,0.2275908783020997,5.0,4.144447200038081,4.111111111111111
2026-08-10,690928,823018,c255384aa44923f4efbe8a468688481e,Hunter Dobbins,Philadelphia Phillies,3.5,over,0.0482172348733183,0.4829032366836243,0.434686001810306,115.0,-152.0,6,2026-08-10T16:10:25,-109.0,-119.0,6.0,1.15,0.0550559045538152,over,6.750000000000001,6.567567567567568,21.875510204081632,0.2068720379146919,6.0,4.611744521381096,5.777777777777778
2026-08-11,641927,823673,08024ab4d6a4704a87dcd8fa1253890c,Bailey Ober,Baltimore Orioles,4.5,under,0.0802778430581325,0.3653967837092149,0.4456746267673475,112.5,-144.5,6,2026-08-11T14:13:34,114.5,-149.5,4.0,0.6920415224913494,0.0080915934136989,under,2.8125,5.0625,24.366129032258065,0.2403979639055992,5.0,3.969837945881718,5.333333333333333
2026-08-11,687064,823673,08024ab4d6a4704a87dcd8fa1253890c,Brandon Young,Minnesota Twins,3.5,under,0.0506355123822956,0.4939565179782356,0.5445920303605313,-140.0,105.0,1,2026-08-11T14:13:34,-165.0,125.0,4.0,-1.0,-0.0389050226846554,over,8.26530612244898,8.485714285714286,21.24249201277956,0.2246675836772123,5.0,4.674435984521828,5.444444444444444
2026-08-11,687064,823673,08024ab4d6a4704a87dcd8fa1253890c,Brandon Young,Minnesota Twins,4.5,over,0.0746972379445387,0.4939565179782356,0.4192592800336968,125.0,-162.0,5,2026-08-11T14:13:34,125.0,-162.0,4.0,-1.0,-0.0010629512228427,under,8.26530612244898,8.485714285714286,21.24249201277956,0.2246675836772123,5.0,4.674435984521828,5.444444444444444
2026-08-11,623454,824240,2acdb349dc48b0b151d3ecf05b134e88,Drew Anderson,Cleveland Guardians,3.5,under,0.1601980894029222,0.2872237720493797,0.4474218614523019,110.0,-143.0,5,2026-08-11T14:13:34,126.0,-165.0,4.0,-1.0,0.0319962461520981,over,9.818181818181818,0.0,25.509110430857017,0.2207261360904063,6.0,3.5492783230303755,3.6666666666666665
2026-08-11,676440,824240,2acdb349dc48b0b151d3ecf05b134e88,Tanner Bibee,Detroit Tigers,4.5,over,0.1290985811380458,0.6254431471890365,0.4963445660509906,-111.0,-115.0,5,2026-08-11T14:13:34,-111.0,-120.0,4.0,-1.0,-0.0053916106830774,under,8.526315789473685,8.28,23.33802627147188,0.244591209291733,6.0,5.482816918749077,6.333333333333333
2026-08-11,690997,824886,6da2466049f8fac0d952ce018080b949,Nolan McLean,Atlanta Braves,5.5,over,0.0515370025434326,0.6311336374069378,0.5795966348635052,-161.5,125.5,6,2026-08-11T14:13:34,-157.0,120.0,3.0,-1.0,-0.0062234608927216,under,10.903846153846157,11.957142857142856,28.48807588075881,0.2224933451641526,5.0,6.6186214920934185,5.777777777777778
2026-08-11,684007,822697,9032dbaaa6088fc03938418d3939db3c,Shota Imanaga,Washington Nationals,5.5,under,0.1078124199462431,0.3638979087313638,0.471710328677607,100.0,-130.0,5,2026-08-11T14:13:34,115.0,-150.0,5.0,0.7692307692307692,0.0350291059701834,under,8.150943396226415,7.297297297297297,24.40409007352941,0.2530827950675279,6.0,4.879702914151303,5.888888888888889
2026-08-11,656302,822778,9c82c4f0b33ba5e7ab520128ca969014,Dylan Cease,Boston Red Sox,7.5,over,0.1633576971098268,0.7088598778380026,0.5455021807281758,-135.0,105.0,3,2026-08-11T14:13:34,-149.5,116.5,7.0,-1.0,0.0191974925784929,under,11.863636363636363,11.571428571428571,33.45716162943495,0.2275908783020997,5.0,8.401235125866211,7.333333333333333
2026-08-11,656302,822778,9c82c4f0b33ba5e7ab520128ca969014,Dylan Cease,Boston Red Sox,8.5,over,0.265825862423055,0.7088598778380026,0.4430340154149476,112.0,-147.0,3,2026-08-11T14:13:34,,,7.0,-1.0,,under,11.863636363636363,11.571428571428571,33.45716162943495,0.2275908783020997,5.0,8.401235125866211,7.333333333333333
2026-08-11,666157,824563,bd7e76db673b0ad81d62b744ba2d18d1,Nick Lodolo,Chicago White Sox,4.5,over,0.0315388784962028,0.5383814529749902,0.5068425744787873,-116.0,-114.0,6,2026-08-11T14:13:34,-118.0,-111.5,5.0,0.8620689655172413,-0.0002454650276667,over,6.75,6.75,27.37707828894269,0.2300771208226221,31.0,4.933006296722463,5.333333333333333
2026-08-11,680732,824563,bd7e76db673b0ad81d62b744ba2d18d1,Sean Burke,Cincinnati Reds,6.5,under,0.225914885660308,0.3519792826656305,0.5778941683259385,-160.0,124.0,3,2026-08-11T14:13:34,,,8.0,-1.0,,over,13.224489795918368,11.347826086956522,25.35391414141414,0.2335734555773848,6.0,5.723934168678804,5.444444444444444
2026-08-11,680732,824563,bd7e76db673b0ad81d62b744ba2d18d1,Sean Burke,Cincinnati Reds,7.5,under,0.0849045982785596,0.3519792826656305,0.4368838809441902,114.0,-150.0,3,2026-08-11T14:13:34,110.0,-143.5,8.0,-1.0,-0.0100281131826337,over,13.224489795918368,11.347826086956522,25.35391414141414,0.2335734555773848,6.0,5.723934168678804,5.444444444444444
2026-08-11,693433,823512,ecc0c12601956f4d4217883a9c7ca7ca,Bryan Woo,New York Yankees,6.5,under,0.0462401184569808,0.3872466889175857,0.4334868073745665,118.5,-154.5,6,2026-08-11T14:13:34,115.0,-152.0,5.0,0.6472491909385112,-0.0018967448023512,under,9.529411764705882,9.782608695652174,26.131392778187173,0.2342441604230938,6.0,5.958668634495652,5.666666666666667
2026-08-11,694973,823832,f0a09a749d56c0e6a61574359233e36a,Paul Skenes,Miami Marlins,6.5,under,0.0574109934566886,0.5017205244480408,0.5591315179047295,-149.5,115.0,6,2026-08-11T14:13:34,-146.5,110.0,4.0,1.15,0.0039569261876853,under,15.069767441860469,13.1625,30.190223556890224,0.2005105592944998,6.0,6.7359370588451455,4.777777777777778
2026-08-11,669467,823019,fc1d0b97ed35a31e5f1f60df77f6b377,Andre Pallante,Philadelphia Phillies,3.5,over,0.0827508591316251,0.5405001099363381,0.457749250804713,106.0,-136.5,6,2026-08-11T14:13:34,-107.5,-120.0,2.0,-1.0,0.0293774227277278,under,7.232142857142858,6.750000000000001,23.51262421788737,0.2068720379146919,6.0,4.945640885998626,6.222222222222221
2026-08-12,682243,823511,0472808610b7bdd2a94311cb114e3c4a,Bryce Miller,New York Yankees,5.5,under,0.2375779241849889,0.2577769861551802,0.4953549103401691,-110.5,-116.5,6,2026-08-12T14:14:43,-112.5,-115.0,5.0,0.8583690987124464,-0.0020743955724272,under,4.595744680851064,5.90625,24.025875486381324,0.2342441604230938,6.0,4.230904086539048,5.222222222222222
2026-08-12,592662,823263,08b25f6a0f8cef91660f3825d3a5a34e,Robbie Ray,Milwaukee Brewers,4.5,over,0.0305653732164897,0.586242405564535,0.5556770323480452,-145.0,112.0,3,2026-08-12T14:14:43,,,4.0,-1.0,,under,6.882352941176471,8.142857142857142,28.35787414411477,0.1943986820428336,5.0,5.226706964522128,5.666666666666667
2026-08-12,624133,822779,275215c7903b36c511b863b276f1010b,Ranger Suarez,Toronto Blue Jays,4.5,under,0.1853127577099846,0.2747918767218784,0.460104634431863,104.5,-134.0,6,2026-08-12T14:14:43,108.0,-140.5,2.0,0.7462686567164178,0.0086649077359136,under,8.485714285714284,8.485714285714284,21.38604938271605,0.1858024691358024,6.0,3.4813720096208254,3.888888888888889
2026-08-12,669358,823672,382fb88aee61d73f9cc4f47fabd2c7e7,Shane Baz,Minnesota Twins,4.5,over,0.1294691564444313,0.6550048244144046,0.5255356679699732,-128.0,-102.0,5,2026-08-12T14:14:43,,,2.0,-1.0,,under,7.232142857142858,7.662162162162163,25.83940397350993,0.2246675836772123,5.0,5.687796562084399,6.222222222222221
2026-08-12,805673,823672,382fb88aee61d73f9cc4f47fabd2c7e7,Zebby Matthews,Baltimore Orioles,5.5,over,0.0569558782374838,0.4941793304234632,0.4372234521859793,115.0,-150.0,5,2026-08-12T14:14:43,,,4.0,-1.0,,under,8.4375,9.0,27.107760532150778,0.2403979639055992,5.0,5.679219255545776,5.333333333333333
2026-08-12,518876,825047,728cc32aaa264e0fe4b6cf664f88bf6e,Merrill Kelly,Colorado Rockies,4.5,over,0.0998083143294333,0.6304449613367629,0.5306366470073295,-130.0,100.0,5,2026-08-12T14:14:43,,,2.0,-1.0,,under,8.265306122448978,7.177215189873417,23.33279209318744,0.2636058230683091,5.0,5.516715016257869,5.4444444444444455
2026-08-12,681517,823017,99d0aa9944cae60f4cd020c7b883b0e9,Kyle Leahy,Philadelphia Phillies,3.5,under,0.0328410446650824,0.5477702492315977,0.5806112938966801,-163.0,125.0,6,2026-08-12T14:14:43,,,6.0,-1.0,,over,10.588235294117649,9.391304347826088,23.156296296296297,0.2068720379146919,5.0,4.989233072404175,5.666666666666667
2026-08-12,554430,823017,99d0aa9944cae60f4cd020c7b883b0e9,Zack Wheeler,St. Louis Cardinals,5.5,under,0.1633822620205172,0.4064499852661791,0.5698322472866963,-152.0,118.0,6,2026-08-12T14:14:43,,,5.0,1.1799999999999995,,under,13.06451612903226,12.461538461538462,31.88258145363408,0.2160930020515158,5.0,5.136665549404303,3.444444444444444
2026-08-12,656492,824241,e2e25c66df409559d9d80cd2f5c0583e,Foster Griffin,Detroit Tigers,4.5,under,0.1004401344616182,0.457081989432187,0.5575221238938053,-150.0,110.0,1,2026-08-12T14:14:43,-150.6,116.0,3.0,1.1,-0.0073298632705438,under,6.1875,5.086956521739131,25.509110430857017,0.2232667450058754,6.0,4.4673490812682815,5.333333333333333
2026-08-12,656492,824241,e2e25c66df409559d9d80cd2f5c0583e,Foster Griffin,Detroit Tigers,5.5,under,0.1334015686121403,0.2958667278948519,0.4292682965069923,120.0,-156.0,5,2026-08-12T14:14:43,123.0,-160.5,3.0,0.641025641025641,0.0080301311972892,under,6.1875,5.086956521739131,25.509110430857017,0.2232667450058754,6.0,4.4673490812682815,5.333333333333333
2026-08-12,664285,824241,e2e25c66df409559d9d80cd2f5c0583e,Framber Valdez,Cleveland Guardians,4.5,over,0.2202025334969455,0.6950174733126135,0.474814939815668,-103.5,-125.0,6,2026-08-12T14:14:43,102.0,-133.5,3.0,-1.0,-0.0107570667310246,under,7.105263157894737,7.322033898305084,26.521584226911106,0.2387892376681614,6.0,5.98580590534178,6.333333333333333
2026-08-12,622491,824562,e7c0a434cffb5f56a2446383ebb2e3ad,Luis Castillo,Cincinnati Reds,5.5,under,0.1769232792392263,0.323925212046607,0.5008484912858334,-114.5,-114.0,6,2026-08-12T14:14:43,-108.0,-118.5,10.0,-1.0,0.0117302224138026,over,5.625,5.625,24.805220883534137,0.2335734555773848,6.0,4.638322092987067,5.333333333333333
2026-08-12,695076,824562,e7c0a434cffb5f56a2446383ebb2e3ad,Rhett Lowder,Chicago White Sox,3.5,under,0.0750192108216653,0.5190767301377442,0.5940959409594095,-175.0,130.0,1,2026-08-12T14:14:43,,,4.0,-1.0,,over,6.352941176470588,6.517241379310344,25.509110430857017,0.2270367862784924,7.0,4.819228170670757,5.666666666666667
2026-08-12,695076,824562,e7c0a434cffb5f56a2446383ebb2e3ad,Rhett Lowder,Chicago White Sox,4.5,over,0.1044031822559534,0.5190767301377442,0.4146735478817908,126.0,-164.0,5,2026-08-12T14:14:43,120.0,-156.9,4.0,-1.0,0.0120139355091207,under,6.352941176470588,6.517241379310344,25.509110430857017,0.2270367862784924,7.0,4.819228170670757,5.666666666666667
2026-08-12,656849,822698,ef65849259f26e9d34360ce6755ee236,David Peterson,Washington Nationals,4.5,over,0.072398367029032,0.5265936302279711,0.454195263198939,104.5,-137.0,6,2026-08-12T14:14:43,110.5,-142.4,6.0,1.045,-0.0070881788388333,over,7.411764705882353,6.845070422535211,23.084772137828825,0.2530827950675279,6.0,4.863252059441215,5.666666666666667
2026-08-12,669387,823833,f6f17db1f13670f04ec571027601d33c,Carmen Mlodzinski,Miami Marlins,3.5,under,0.2632001621317739,0.2399068442867375,0.5031070064185115,-115.0,-111.5,6,2026-08-12T14:14:43,-111.5,-118.0,1.0,0.8968609865470851,0.009704115869632,under,2.769230769230769,3.0,22.34001214329083,0.2005105592944998,5.0,3.287596329561011,4.333333333333333
2026-08-12,676083,823833,f6f17db1f13670f04ec571027601d33c,Janson Junk,Pittsburgh Pirates,3.5,under,0.2338479895441683,0.3413154091486421,0.5751633986928104,-160.0,120.0,1,2026-08-12T14:14:43,,,2.0,1.2000000000000002,,under,7.81578947368421,7.56,18.04124537607892,0.2297862965410883,6.0,3.840848575044392,4.222222222222222
2026-08-12,676083,823833,f6f17db1f13670f04ec571027601d33c,Janson Junk,Pittsburgh Pirates,4.5,under,0.0816413686411108,0.3413154091486421,0.422956777789753,122.0,-159.0,5,2026-08-12T14:14:43,125.0,-163.5,2.0,0.6289308176100628,0.0056136774135898,under,7.81578947368421,7.56,18.04124537607892,0.2297862965410883,6.0,3.840848575044392,4.222222222222222
2026-08-12,656876,824967,faaf742bd19eafaaa516aa4e78fa3900,Drew Rasmussen,Athletics,4.5,over,0.2090387883220847,0.7842021870148952,0.5751633986928104,-160.0,120.0,1,2026-08-12T14:14:43,,,3.0,-1.0,,under,12.15,11.52,22.080051813471503,0.222388698630137,5.0,6.776173289398539,6.666666666666667
2026-08-12,656876,824967,faaf742bd19eafaaa516aa4e78fa3900,Drew Rasmussen,Athletics,5.5,over,0.2135811700277557,0.651636714391524,0.4380555443637682,115.0,-149.5,4,2026-08-12T14:14:43,,,3.0,-1.0,,under,12.15,11.52,22.080051813471503,0.222388698630137,5.0,6.776173289398539,6.666666666666667
2026-08-12,678022,824967,faaf742bd19eafaaa516aa4e78fa3900,Jack Perkins,Tampa Bay Rays,3.5,over,0.0518816932336728,0.62715972698984,0.5752780337561672,-156.5,122.0,2,2026-08-12T14:14:43,,,2.0,-1.0,,under,10.285714285714286,9.473684210526317,32.740031397174256,0.2248506571087216,5.0,5.494416576965961,4.666666666666667
2026-08-12,678022,824967,faaf742bd19eafaaa516aa4e78fa3900,Jack Perkins,Tampa Bay Rays,4.5,over,0.2087648788232481,0.62715972698984,0.4183948481665918,125.0,-164.0,3,2026-08-12T14:14:43,,,2.0,-1.0,,under,10.285714285714286,9.473684210526317,32.740031397174256,0.2248506571087216,5.0,5.494416576965961,4.666666666666667
2026-08-13,672456,824238,32dd5e1c6b71a610636cc0fb2087b9a4,Keider Montero,Cleveland Guardians,2.5,under,0.1613641541728638,0.436887186871532,0.5982513410443959,-172.0,134.0,5,2026-08-13T14:16:28,,,0.0,1.34,,under,4.408163265306123,6.646153846153847,19.4953125,0.2207261360904063,6.0,4.356107984821308,5.444444444444444
2026-08-13,453286,822776,3ed772c2f7f038e1b8d40c6a678ecc88,Max Scherzer,Boston Red Sox,3.5,under,0.1471547577454529,0.4204952931192469,0.5676500508646999,-155.0,116.0,1,2026-08-13T14:16:28,,,4.0,-1.0,,over,8.357142857142858,8.357142857142858,22.89079136690648,0.2275908783020997,5.0,4.266690019223045,4.666666666666667
2026-08-13,801139,822776,3ed772c2f7f038e1b8d40c6a678ecc88,Payton Tolle,Toronto Blue Jays,5.5,over,0.1123657034115919,0.6139693253463568,0.5016036219347649,-114.5,-115.0,6,2026-08-13T14:16:28,,,4.0,-1.0,,under,14.53846153846154,14.478260869565217,29.840131578947368,0.1858024691358024,6.0,6.491023993056203,5.777777777777778
2026-08-13,663436,824561,7d03df008d15f138b3726ef4b85c983f,Davis Martin,Cincinnati Reds,4.5,under,0.2117102087385942,0.3143275916574998,0.526037800396094,-125.0,-102.5,6,2026-08-13T14:16:28,,,3.0,0.975609756097561,,under,6.0,6.352941176470588,21.96757693974859,0.2335734555773848,4.0,3.695947358079566,4.0
2026-08-13,677952,823829,7f3d422253cc0ea2296a6cb920fc2186,Braxton Ashcraft,Miami Marlins,5.5,under,0.1238858186219414,0.4065962157360904,0.5304820343580319,-126.0,-101.0,5,2026-08-13T14:16:28,,,10.0,-1.0,,over,8.4375,8.052631578947368,26.564065335753178,0.2005105592944998,7.0,5.137552076754929,5.333333333333333
2026-08-13,663969,823829,7f3d422253cc0ea2296a6cb920fc2186,Tyler Phillips,Pittsburgh Pirates,3.5,under,0.1165532955904385,0.4482092788238221,0.5647625744142607,-152.0,117.0,5,2026-08-13T14:16:28,,,6.0,-1.0,,over,7.714285714285714,6.872727272727273,27.208746618575294,0.2297862965410883,6.0,4.418312168759936,4.666666666666667
2026-08-13,671737,823669,9fa039b0c801332ed857fb145a2926b9,Taj Bradley,Philadelphia Phillies,5.5,under,0.0565184416858065,0.4912797603709903,0.5477982020567969,-138.9,107.5,6,2026-08-13T14:16:28,-123.9,-103.4,3.0,1.0750000000000002,0.0265997205712403,under,10.058823529411764,9.310344827586206,25.096170774647888,0.2068720379146919,5.0,5.660809346623088,5.666666666666667
2026-08-14,668909,824399,5cda557da650854853e0c90e63ff83d9,Gavin Williams,San Diego Padres,7.5,over,0.0635049891801518,0.4906125698069656,0.4271075806268138,121.0,-158.0,5,2026-08-14T14:09:22,125.0,-162.0,5.0,-1.0,-0.0089112518159598,under,14.236363636363636,14.648936170212766,28.15299349982894,0.1931067044381492,6.0,6.658346157147951,6.111111111111112
2026-08-14,669456,822777,9f51cc216a43c5a0e0e91078754fffb5,Shane Bieber,New York Yankees,5.5,under,0.0994939410447364,0.3191735380191018,0.4186674790638383,123.5,-163.5,6,2026-08-14T14:09:22,129.0,-168.5,5.0,0.6116207951070336,0.008346022384462,under,7.5,6.84,27.10232558139535,0.2342441604230938,5.0,4.609496546387986,4.0
2026-08-14,605280,824643,f3659cdd72f761a2763f92483ca59b6e,Clay Holmes,St. Louis Cardinals,3.5,under,0.2478911494071538,0.3103833251524878,0.5582744745596416,-147.5,114.5,6,2026-08-14T14:09:22,,,3.0,1.145,,under,9.642857142857142,2.25,21.87651953690304,0.2160930020515158,6.0,3.6746952182911854,4.666666666666667
2026-08-14,696149,823346,f444fb112bf67217921f1e1644fd0caa,Bubba Chandler,Boston Red Sox,4.5,over,0.2167804766533574,0.6562849971582504,0.4395045205048929,114.0,-148.0,5,2026-08-14T14:09:22,115.0,-150.0,5.0,1.1399999999999997,-0.0028232977974693,over,7.468085106382978,7.363636363636363,30.13101952277657,0.2275908783020997,6.0,5.696939917783846,5.222222222222222
2026-08-14,687562,823346,f444fb112bf67217921f1e1644fd0caa,Jake Bennett,Pittsburgh Pirates,4.5,over,0.2064606331036078,0.6270470911305062,0.4205864580268983,124.0,-161.0,5,2026-08-14T14:09:22,110.0,-146.0,6.0,1.2400000000000002,0.0245818373042635,over,6.750000000000001,6.206896551724138,25.509110430857017,0.2579986385296119,6.0,5.493654371221053,5.777777777777778
2026-08-14,674841,823591,fb9bb261d69e161466f242e153b1044f,Andrew Alvarez,New York Mets,4.5,under,0.0422735091428415,0.4205515783106077,0.4628250874534493,104.0,-135.0,5,2026-08-14T14:09:22,120.0,-153.0,4.0,0.7407407407407407,0.033720609841509,under,5.0625,5.0625,21.998561151079137,0.2258426966292135,6.0,4.266995903862973,5.333333333333333
2026-08-14,476594,823591,fb9bb261d69e161466f242e153b1044f,Robert Stock,Washington Nationals,3.5,under,0.3025136086328454,0.2616975019581826,0.564211110591028,-150.0,114.0,6,2026-08-14T14:09:22,-155.5,120.0,5.0,-1.0,-0.0082453820461875,over,9.0,9.0,20.315254237288134,0.2150035054919373,6.0,3.409265771728776,4.0
2026-08-15,683003,823347,229c4156bb02dc75dc6f247f5380c6ca,Jared Jones,Boston Red Sox,4.5,under,0.0662806196286986,0.4725289087955984,0.5388095284242971,-136.5,105.5,6,2026-08-15T13:22:55,-135.5,105.0,7.0,-1.0,-0.0023720993580808,over,8.307692307692308,9.75,25.509110430857017,0.2275908783020997,6.0,4.553404870197966,4.333333333333333
2026-08-15,543243,823347,229c4156bb02dc75dc6f247f5380c6ca,Sonny Gray,Pittsburgh Pirates,5.5,over,0.0490884551169997,0.4959502023646389,0.4468617472476392,111.0,-145.0,6,2026-08-15T13:22:55,100.0,-129.0,7.0,1.1100000000000003,0.0233641254422992,over,8.052631578947368,7.5,26.83307579102281,0.2297862965410883,5.0,5.690483906920247,6.333333333333333
2026-08-15,687570,823671,4cbeb5e491e3002fdaa00b7006777419,Connor Prielipp,Philadelphia Phillies,5.5,over,0.0452027902875722,0.4836901491783034,0.4384873588907312,114.5,-148.5,6,2026-08-15T13:22:55,113.5,-147.0,6.0,1.145,0.0019195271473007,over,9.5625,9.5625,25.509110430857017,0.2384378211716341,6.0,5.612817309323452,5.333333333333333
2026-08-15,663903,824480,5bab26a4a86845bfbf909f59a676a22a,Brady Singer,Miami Marlins,4.5,under,0.1363247017794639,0.4209398133263694,0.5572645151058334,-143.0,111.5,6,2026-08-15T13:22:55,-152.9,117.5,4.0,1.1150000000000002,-0.0107656151768941,under,6.612244897959184,7.2,23.27410526315789,0.2005105592944998,6.0,4.269105986846,5.444444444444444
2026-08-15,687473,824480,5bab26a4a86845bfbf909f59a676a22a,Ryan Gusto,Cincinnati Reds,4.5,under,0.0468931158481941,0.4651350159610301,0.5120281318092242,-119.0,-108.0,6,2026-08-15T13:22:55,-108.0,-120.5,6.0,-1.0,0.0248150707183448,over,7.2,7.854545454545454,23.147329545454543,0.2335734555773848,6.0,4.512098506879877,5.0
2026-08-15,571510,824644,62943d2963a59424707e551cf46e5987,Matthew Boyd,St. Louis Cardinals,4.5,over,0.0985164774125938,0.5872474301308802,0.4887309527182863,-109.0,-120.0,5,2026-08-15T13:22:55,,,2.0,-1.0,,under,4.790322580645161,5.079207920792078,23.371230881281864,0.2217598097502972,6.0,5.233079893070464,6.888888888888889
2026-08-15,700241,824644,62943d2963a59424707e551cf46e5987,Michael McGreevy,Chicago Cubs,3.5,under,0.224798978413178,0.2362072033501957,0.4610061817633738,102.0,-130.0,5,2026-08-15T13:22:55,,,6.0,-1.0,,over,8.485714285714284,7.027397260273973,19.507865937072506,0.204853519895059,6.0,3.266691531003299,3.888888888888889
2026-08-15,676106,824157,69928d29919a7b30493d93a7e4d73a32,Emerson Hancock,Houston Astros,4.5,under,0.1325076223146978,0.3979749877721252,0.5304826100868231,-130.5,102.5,6,2026-08-15T13:22:55,-102.4,-128.7,8.0,-1.0,0.0570655804901727,over,8.042553191489361,7.061538461538461,20.420604781997184,0.2124764496545949,6.0,4.1448280785541325,5.222222222222222
2026-08-15,669713,824157,69928d29919a7b30493d93a7e4d73a32,Hayden Wesneski,Seattle Mariners,4.5,over,0.1714793206643516,0.5991457823400517,0.4276664616757,120.5,-157.9,6,2026-08-15T13:22:55,120.0,-159.0,6.0,1.205,-0.0022393920304963,over,5.785714285714286,5.785714285714286,23.660629921259844,0.2270009199632014,5.0,5.309257839993115,6.222222222222222
2026-08-15,694819,823914,70b9a39a05a83f14d55b30a01b17396f,Jacob Misiorowski,Los Angeles Dodgers,8.5,over,0.1469735073899012,0.6652563098821855,0.5182828024922843,-125.0,-105.0,5,2026-08-15T13:22:55,-126.5,-102.5,6.0,-1.0,0.0062909956953981,under,15.5,15.136363636363637,29.51219931271477,0.217731129968736,6.0,8.000372113211913,6.0
2026-08-15,680736,823914,70b9a39a05a83f14d55b30a01b17396f,Justin Wrobleski,Milwaukee Brewers,4.5,under,0.1152904714642675,0.4672002422257627,0.5824907136900302,-163.0,125.0,4,2026-08-15T13:22:55,-167.5,129.0,6.0,-1.0,-0.0066503222889276,over,9.219512195121952,9.45,23.691300366300368,0.1943986820428336,6.0,4.523614176788337,4.555555555555555
2026-08-15,680736,823914,70b9a39a05a83f14d55b30a01b17396f,Justin Wrobleski,Milwaukee Brewers,5.5,under,0.1197726467401038,0.3050639545670857,0.4248366013071895,120.0,-160.0,1,2026-08-15T13:22:55,127.5,-168.0,6.0,-1.0,0.0126557338817819,over,9.219512195121952,9.45,23.691300366300368,0.1943986820428336,6.0,4.523614176788337,4.555555555555555
2026-08-15,695418,823588,79741766452af66a44a3ea604d9c3e43,Brad Lord,New York Mets,3.5,under,0.2567218491792447,0.1605672221078765,0.4172890712871212,125.0,-162.0,5,2026-08-15T13:22:55,,,1.0,0.617283950617284,,under,9.0,13.5,21.373859896567936,0.2098681218735789,6.0,2.814585905725686,2.5
2026-08-15,640455,823588,79741766452af66a44a3ea604d9c3e43,Sean Manaea,Washington Nationals,5.5,over,0.0893537557172501,0.6360582115051701,0.5467044557879199,-143.2,108.0,6,2026-08-15T13:22:55,,,7.0,0.6983240223463687,,over,10.421052631578949,9.707865168539325,27.34977168949772,0.2530827950675279,6.0,6.655928612886412,6.333333333333333
2026-08-15,693855,822941,93719cc1bad0db5bf175f542387ea869,Ian Seymour,Baltimore Orioles,6.5,under,0.2025075285847594,0.3014282044555257,0.5039357330402852,-115.0,-112.5,6,2026-08-15T13:22:55,-142.0,110.0,9.0,-1.0,-0.0480820381555683,over,12.0,12.0,26.184924623115577,0.2461719670200235,6.0,5.384837324343915,5.0
2026-08-15,676282,824400,96401141a6a40b437d7e705946993a7b,Joey Cantillo,San Diego Padres,4.5,under,0.2380505824854862,0.3382754201018358,0.5763260025873221,-162.0,120.0,1,2026-08-15T13:22:55,,,7.0,-1.0,,over,14.4,13.017857142857144,28.3971899816738,0.1853052404105888,6.0,3.82455732544958,3.333333333333333
2026-08-15,676282,824400,96401141a6a40b437d7e705946993a7b,Joey Cantillo,San Diego Padres,5.5,under,0.2147369687738161,0.1955625068070436,0.4102994755808597,130.0,-170.0,3,2026-08-15T13:22:55,110.0,-143.0,7.0,-1.0,-0.0369672278978812,over,14.4,13.017857142857144,28.3971899816738,0.1853052404105888,6.0,3.82455732544958,3.333333333333333
2026-08-15,547179,823184,a9d5955568a03f0891eda9aba40a95f6,Michael Lorenzen,San Francisco Giants,3.5,under,0.2167061751382116,0.2198512238099791,0.4365573989481908,116.5,-149.5,6,2026-08-15T13:22:55,,,1.0,0.6688963210702341,,under,2.382352941176471,4.8,22.919930974978428,0.2202742189256012,6.0,3.173240964496991,3.777777777777777
2026-08-15,641743,824239,cbbb7f035af8c6962dbaf7ef81ec594f,Anthony Kay,Detroit Tigers,3.5,under,0.0378340847360627,0.5562618562233468,0.5940959409594095,-175.0,130.0,1,2026-08-15T13:22:55,,,4.0,-1.0,,over,7.132075471698114,7.762500000000001,25.509110430857017,0.2232667450058754,7.0,5.04063234689126,5.888888888888888
2026-08-15,641743,824239,cbbb7f035af8c6962dbaf7ef81ec594f,Anthony Kay,Detroit Tigers,4.5,over,0.1074456613004432,0.5562618562233468,0.4488161949229036,110.0,-141.0,5,2026-08-15T13:22:55,,,4.0,-1.0,,under,7.132075471698114,7.762500000000001,25.509110430857017,0.2232667450058754,7.0,5.04063234689126,5.888888888888888
2026-08-15,675512,824239,cbbb7f035af8c6962dbaf7ef81ec594f,Troy Melton,Chicago White Sox,4.5,over,0.1136759171036698,0.6618548013821393,0.5481788842784694,-145.0,105.0,1,2026-08-15T13:22:55,,,4.0,-1.0,,under,6.3,8.217391304347826,22.91173780487805,0.2270367862784924,6.0,5.736999864165066,6.666666666666667
2026-08-15,675512,824239,cbbb7f035af8c6962dbaf7ef81ec594f,Troy Melton,Chicago White Sox,5.5,over,0.07421560952116,0.5032355044903516,0.4290198949691916,118.0,-156.0,5,2026-08-15T13:22:55,,,4.0,-1.0,,under,6.3,8.217391304347826,22.91173780487805,0.2270367862784924,6.0,5.736999864165066,6.666666666666667
2026-08-15,593958,824884,d3dfabfdd39cb168285821d91a382724,Eduardo Rodriguez,Atlanta Braves,4.5,over,0.0801218244969803,0.5215142125439416,0.4413923880469613,115.0,-149.5,6,2026-08-15T13:22:55,115.5,-151.5,5.0,1.15,-0.0062581062996766,over,6.532258064516129,6.75,22.867581143740345,0.2193087008343265,6.0,4.833466154985475,6.888888888888889
2026-08-15,656550,824884,d3dfabfdd39cb168285821d91a382724,Grant Holmes,Arizona Diamondbacks,3.5,over,0.0383706566841578,0.5840640106374428,0.545693353953285,-137.0,106.5,6,2026-08-15T13:22:55,-140.5,109.0,3.0,-1.0,0.0040543737236565,under,5.94,6.074999999999999,28.47726809378185,0.2206218564243255,6.0,5.212925533114641,5.555555555555556
2026-08-16,691725,823670,1fb92c4b21dd10a8a1075a624ab98438,Andrew Painter,Minnesota Twins,3.5,over,0.0650170271637244,0.6065307340192791,0.5415137068555547,-135.5,105.5,6,2026-08-16T13:24:21,,,2.0,-1.0,,under,9.391304347826088,9.391304347826088,25.509110430857017,0.2246675836772123,6.0,5.357245847054169,5.111111111111111
2026-08-16,642547,822940,2c36a75025232680270055f9dc17e6a1,Freddy Peralta,Baltimore Orioles,6.5,under,0.2256254303949765,0.1984783649444537,0.4241037953394301,121.5,-161.9,6,2026-08-16T13:24:21,,,2.0,0.6176652254478072,,under,7.2439024390243905,8.052631578947368,30.201166558651977,0.2403979639055992,6.0,4.654117616266796,4.555555555555555
2026-08-16,669432,822940,2c36a75025232680270055f9dc17e6a1,Trevor Rogers,Tampa Bay Rays,4.5,over,0.1483355404074895,0.5918945480680413,0.4435590076605518,113.5,-149.0,6,2026-08-16T13:24:21,,,6.0,1.1349999999999998,,over,10.6875,10.125,25.649907805777502,0.2451612903225806,6.0,5.262670499391011,5.333333333333333
2026-08-16,663554,824397,35501cb39a66beda8aa7bc5e98bf37ca,Casey Mize,Cleveland Guardians,3.5,under,0.0923820310427943,0.4741288061862749,0.5665108372290693,-155.0,115.0,1,2026-08-16T13:24:21,,,3.0,1.15,,under,5.869565217391304,7.232142857142857,23.620356991075223,0.2207261360904063,6.0,4.562371909526202,5.111111111111112
2026-08-16,663554,824397,35501cb39a66beda8aa7bc5e98bf37ca,Casey Mize,Cleveland Guardians,4.5,over,0.0578712286167943,0.4741288061862749,0.4162575775694805,126.0,-164.0,5,2026-08-16T13:24:21,,,3.0,-1.0,,under,5.869565217391304,7.232142857142857,23.620356991075223,0.2207261360904063,6.0,4.562371909526202,5.111111111111112
2026-08-16,676440,824397,35501cb39a66beda8aa7bc5e98bf37ca,Tanner Bibee,San Diego Padres,4.5,over,0.0852154278367157,0.5492606244514219,0.4640451966147061,105.0,-135.0,6,2026-08-16T13:24:21,,,3.0,-1.0,,under,7.913793103448277,7.75531914893617,23.33802627147188,0.1931067044381492,5.0,4.998215849400826,6.444444444444444
2026-08-16,681035,823590,3a2403381633c75a1079d5ba12656cac,Christian Scott,Washington Nationals,5.5,under,0.1312642296153835,0.3973570650351744,0.528621294650558,-125.5,-102.5,6,2026-08-16T13:24:21,,,7.0,-1.0,,over,12.0,12.535714285714286,25.509110430857017,0.2150035054919373,6.0,5.081604318695288,5.0
2026-08-16,663623,823590,3a2403381633c75a1079d5ba12656cac,Jake Irvin,New York Mets,4.5,under,0.1435269599842976,0.2771821210491936,0.4207090810334913,124.0,-159.5,6,2026-08-16T13:24:21,,,6.0,-1.0,,over,5.2682926829268295,5.2682926829268295,18.286990489130435,0.2098681218735789,5.0,3.494466503405342,4.555555555555555
2026-08-16,669199,823344,3da21002f25375898c7d03328e5a64b2,Lake Bachar,Boston Red Sox,2.5,under,0.4243253565561915,0.1391447099626555,0.563470066518847,-152.0,114.0,1,2026-08-16T13:24:21,,,4.0,-1.0,,over,11.36842105263158,11.36842105263158,30.07812773403324,0.2275908783020997,58.0,2.6734616799744737,2.111111111111111
2026-08-16,663776,823344,3da21002f25375898c7d03328e5a64b2,Patrick Sandoval,Pittsburgh Pirates,4.5,over,0.0937092027057412,0.6581989218390725,0.5644897191333312,-150.0,116.0,5,2026-08-16T13:24:21,,,6.0,0.6666666666666665,,over,9.0,8.415584415584416,25.509110430857017,0.2579986385296119,5.0,5.710654023622898,5.333333333333333
2026-08-16,663776,823344,3da21002f25375898c7d03328e5a64b2,Patrick Sandoval,Pittsburgh Pirates,5.5,over,0.0702524168889405,0.4991146803472057,0.4288622634582652,118.0,-157.0,1,2026-08-16T13:24:21,,,6.0,1.1799999999999995,,over,9.0,8.415584415584416,25.509110430857017,0.2579986385296119,5.0,5.710654023622898,5.333333333333333
2026-08-16,656302,822774,43eaf8201a5f300983718f2c0ced6285,Dylan Cease,New York Yankees,8.5,over,0.0760112421018623,0.6052688592340721,0.5292576171322098,-129.3,101.0,6,2026-08-16T13:24:21,,,10.0,0.7733952049497292,,over,12.0,11.727272727272728,33.45716162943495,0.2342441604230938,5.0,7.502400132964851,6.0
2026-08-16,677960,822774,43eaf8201a5f300983718f2c0ced6285,Ryan Weathers,Toronto Blue Jays,4.5,over,0.0608236142403935,0.6248351057984657,0.5640114915580722,-145.0,110.0,5,2026-08-16T13:24:21,,,4.0,-1.0,,under,6.75,8.068965517241379,29.07647975077881,0.1858024691358024,5.0,5.478716514969288,6.222222222222222
2026-08-16,693433,824156,48a5944d0473c78bfacde374ade3a3bf,Bryan Woo,Houston Astros,5.5,under,0.0322754463469301,0.4844306545147793,0.5167061008617094,-123.0,-105.0,5,2026-08-16T13:24:21,-112.5,-117.4,5.0,0.9523809523809524,0.0216651131074334,under,9.529411764705882,9.642857142857142,26.131392778187173,0.2124764496545949,5.0,5.617487679700816,5.666666666666667
2026-08-16,665795,824642,4ac1d4b9642e9093871c7d439602a459,Edward Cabrera,St. Louis Cardinals,3.5,under,0.0718951082820181,0.5031749693350737,0.5750700776170918,-158.0,121.0,2,2026-08-16T13:24:21,,,2.0,1.21,,under,7.363636363636364,7.363636363636364,29.46345470692718,0.2160930020515158,54.0,4.727177815639728,4.888888888888888
2026-08-16,665795,824642,4ac1d4b9642e9093871c7d439602a459,Edward Cabrera,St. Louis Cardinals,4.5,over,0.0913248255503053,0.5031749693350737,0.4118501437847683,126.5,-165.5,4,2026-08-16T13:24:21,,,2.0,-1.0,,under,7.363636363636364,7.363636363636364,29.46345470692718,0.2160930020515158,54.0,4.727177815639728,4.888888888888888
2026-08-16,690928,824642,4ac1d4b9642e9093871c7d439602a459,Hunter Dobbins,Chicago Cubs,3.5,under,0.0343130229340125,0.5089534905575549,0.5432665134915674,-135.0,104.5,6,2026-08-16T13:24:21,,,7.0,-1.0,,over,7.788461538461539,7.788461538461539,21.875510204081632,0.204853519895059,6.0,4.760465189033449,5.777777777777778
2026-08-16,701656,823912,4e61a59acf88cd455b2de1e25f9e81e2,Logan Henderson,Los Angeles Dodgers,5.5,over,0.1081814019123347,0.5583919305005365,0.4502105285882017,110.0,-144.5,6,2026-08-16T13:24:21,,,6.0,1.1,,over,11.0,11.25,27.58390243902439,0.217731129968736,6.0,6.099902860693936,6.0
2026-08-16,693821,824880,5284155e4abb961e855f8786e8ad3d51,Bryce Elder,Arizona Diamondbacks,3.5,under,0.0439132504610758,0.5190674857913288,0.5629807362524046,-150.0,114.5,6,2026-08-16T13:24:21,,,5.0,-1.0,,over,5.0,6.827586206896552,21.643476531424025,0.2206218564243255,6.0,4.819174239302309,6.0
2026-08-16,647336,824880,5284155e4abb961e855f8786e8ad3d51,Michael Soroka,Atlanta Braves,4.5,under,0.0733597331332289,0.4034027194760066,0.4767624526092355,-103.5,-125.0,6,2026-08-16T13:24:21,,,5.0,-1.0,,over,8.027027027027028,8.307692307692308,25.07393582187296,0.2224933451641526,6.0,4.17411163034499,4.111111111111111
2026-08-16,674003,824965,79a6d874eef0ff0b65cd9e48cc4dd5d7,Cody Bradford,Athletics,4.5,over,0.0895690841222097,0.5437644941429381,0.4541954100207284,106.0,-139.0,6,2026-08-16T13:24:21,,,4.0,-1.0,,under,4.764705882352942,4.764705882352942,25.509110430857017,0.2481406355645706,5.0,4.965168421268376,5.666666666666666
2026-08-16,682052,824965,79a6d874eef0ff0b65cd9e48cc4dd5d7,Jacob Lopez,Texas Rangers,4.5,over,0.1223985643877693,0.6569975860591153,0.534599021671346,-133.5,104.5,6,2026-08-16T13:24:21,,,6.0,0.7490636704119851,,over,11.423076923076923,10.8,28.350420168067227,0.235645933014354,6.0,5.702039695439658,5.777777777777778
2026-08-16,696270,823991,79ee109acafadb327efea9802f800779,Ryan Johnson,Kansas City Royals,3.5,under,0.1770025277026704,0.4012900741815106,0.5782926018841811,-160.0,124.0,5,2026-08-16T13:24:21,,,4.0,-1.0,,over,6.075,7.476923076923076,26.95985401459854,0.174065165099497,5.0,4.1627077313751135,4.444444444444444
2026-08-16,694918,823182,7cbc2fdbcb76365df956f2fb706f3017,Blade Tidwell,Colorado Rockies,4.5,under,0.093978198605353,0.4066899226191139,0.500668121224467,-114.5,-114.4,6,2026-08-16T13:24:21,,,1.0,0.8741258741258742,,under,7.593749999999999,7.593749999999999,19.436893203883496,0.2636058230683091,6.0,4.191871304653813,5.333333333333334
2026-08-16,687312,823182,7cbc2fdbcb76365df956f2fb706f3017,Gabriel Hughes,San Francisco Giants,3.5,under,0.1051988415836966,0.4686747974367719,0.5738736390204685,-163.5,125.0,6,2026-08-16T13:24:21,,,2.0,1.25,,under,7.5348837209302335,8.391891891891893,25.509110430857017,0.2202742189256012,6.0,4.53184650470445,4.777777777777778
2026-08-16,623454,824236,b9ca059d2c11f42fa007c731af1dd7a2,Drew Anderson,Chicago White Sox,4.5,under,0.175700846262969,0.2861614823983038,0.4618623286612728,104.0,-133.5,6,2026-08-16T13:24:21,,,5.0,-1.0,,over,7.838709677419356,4.695652173913044,25.509110430857017,0.2270367862784924,5.0,3.5434941615105657,3.444444444444444
2026-08-17,683352,824725,35b8e20be878e657d78dad6bea7642dc,Mitch Bratt,Boston Red Sox,3.5,over,0.0817488533666681,0.6514460926682984,0.5696972393016303,-153.0,120.0,5,2026-08-17T13:32:45,-129.0,100.0,0.0,-1.0,-0.039923111991568616,under,7.5,7.156626506024096,25.509110430857017,0.2312886888013506,6.0,5.66250207715997,6.0
2026-08-17,683352,824725,35b8e20be878e657d78dad6bea7642dc,Mitch Bratt,Boston Red Sox,4.5,over,0.2277720952556206,0.6514460926682984,0.4236739974126778,120.0,-162.0,1,2026-08-17T13:32:45,,,0.0,-1.0,,under,7.5,7.156626506024096,25.509110430857017,0.2312886888013506,6.0,5.66250207715997,6.0
2026-08-17,641927,823668,50d18f8917581bd44447b6d3d754aaf4,Bailey Ober,Atlanta Braves,3.5,under,0.0824465482059571,0.3997052179419555,0.4821517661479127,-104.5,-124.9,6,2026-08-17T13:32:45,-103.5,-128.5,4.0,-1.0,0.007252419768932983,over,3.5,3.6818181818181817,24.366129032258065,0.2224933451641526,6.0,4.154157717803575,6.0
2026-08-17,686930,824077,759827c86479e28994e9d71487062482,Mason Barnett,Kansas City Royals,3.5,under,0.0965338628735088,0.3488622432785635,0.4453961061520724,111.0,-143.5,6,2026-08-17T13:32:45,114.0,-149.0,2.0,0.6968641114982579,0.0069077463450776255,under,8.775,8.775,21.866821345707656,0.174065165099497,6.0,3.881276073735645,4.444444444444444
2026-08-17,608379,824077,759827c86479e28994e9d71487062482,Michael Wacha,Athletics,4.5,under,0.0456831008132494,0.4650092364224742,0.5106923372357237,-116.5,-111.5,6,2026-08-17T13:32:45,104.5,-135.0,3.0,0.8968609865470851,0.050877241603967116,under,6.381818181818181,6.031914893617021,21.24315196998124,0.222388698630137,6.0,4.511397696270174,6.111111111111112
2026-08-17,695076,824478,917d1a9786952f563f30186ce8a09731,Rhett Lowder,St. Louis Cardinals,4.5,over,0.0540531888761171,0.4807090063988076,0.4266558175226905,120.0,-156.9,2,2026-08-17T13:32:45,113.0,-147.0,5.0,1.2000000000000002,0.014328989033164596,over,6.230769230769231,6.567567567567568,25.509110430857017,0.2160930020515158,5.0,4.599366367163168,5.777777777777778
2026-08-17,687064,822939,cb1a188fc992ac519e4a6f5dc4cdd2ae,Brandon Young,Tampa Bay Rays,3.5,under,0.0812980771809323,0.4616930538633088,0.5429911310442411,-135.0,105.0,6,2026-08-17T13:32:45,105.0,-146.4,3.0,1.0499999999999998,0.09213846325532216,under,7.3125,7.977272727272727,21.24249201277956,0.2248506571087216,6.0,4.492942548897354,5.333333333333333
2026-08-17,663556,822939,cb1a188fc992ac519e4a6f5dc4cdd2ae,Shane McClanahan,Baltimore Orioles,4.5,under,0.0660392863109643,0.4622037736717133,0.5282430599826776,-129.0,100.0,6,2026-08-17T13:32:45,,,3.0,1.0,,under,6.230769230769231,6.230769230769231,25.509110430857017,0.2461719670200235,18.0,4.495782089948379,4.333333333333333
2026-08-17,676083,823427,d959d72a9bedf8bf352ced6c59eee454,Janson Junk,Philadelphia Phillies,3.5,under,0.0950561811910121,0.3255186382995275,0.4205748194905396,124.5,-163.9,6,2026-08-17T13:32:45,129.0,-167.0,2.0,0.6101281269066505,0.00944505954720476,under,4.5,6.352941176470588,18.04124537607892,0.2068720379146919,5.0,3.7561235963155246,4.666666666666667
2026-08-17,621111,823589,e8bcfb6024c2cbac0531a6a70933b0f0,Walker Buehler,New York Mets,3.5,under,0.2560181614751463,0.3160619069232195,0.5720800683983659,-158.0,122.0,5,2026-08-17T13:32:45,-155.0,116.0,4.0,-1.0,0.004430017533666009,over,5.651162790697675,6.75,18.47227044312472,0.2098681218735789,6.0,3.7052842639524175,4.777777777777778
2026-08-17,621111,823589,e8bcfb6024c2cbac0531a6a70933b0f0,Walker Buehler,New York Mets,4.5,under,0.1201797038150354,0.3160619069232195,0.4362416107382549,110.0,-160.0,1,2026-08-17T13:32:45,122.0,-160.0,4.0,0.625,0.013614822701843998,under,5.651162790697675,6.75,18.47227044312472,0.2098681218735789,6.0,3.7052842639524175,4.777777777777778
2026-08-17,669387,823343,f7e02d88c3c8adff188802734b303bb7,Carmen Mlodzinski,Detroit Tigers,2.5,under,0.2990889718943635,0.2623389848252977,0.5614279567196613,-148.0,114.5,6,2026-08-17T13:32:45,-163.4,126.0,3.0,-1.0,-0.02225046726450769,over,3.4838709677419355,3.375,22.34001214329083,0.244591209291733,5.0,3.4128139584160486,3.4444444444444446
2026-08-17,664285,823343,f7e02d88c3c8adff188802734b303bb7,Framber Valdez,Pittsburgh Pirates,4.5,over,0.1800301985984372,0.7524384277230842,0.572408229124647,-165.0,115.0,1,2026-08-17T13:32:45,-165.0,115.0,5.0,0.606060606060606,1.1102230246251565e-16,over,6.406779661016949,6.749999999999999,26.521584226911106,0.2579986385296119,5.0,6.469326428614873,6.555555555555556
2026-08-17,664285,823343,f7e02d88c3c8adff188802734b303bb7,Framber Valdez,Pittsburgh Pirates,5.5,over,0.1757309085333185,0.6110017219060524,0.4352708133727338,116.0,-148.0,5,2026-08-17T13:32:45,119.0,-152.0,5.0,-1.0,-0.004413201554925028,under,6.406779661016949,6.749999999999999,26.521584226911106,0.2579986385296119,5.0,6.469326428614873,6.555555555555556
