date,game_pk,home_team_name,away_team_name,predicted_winner,home_win_prob,predicted_win_prob,why_stats,why_summary,logged_at,actual_winner,correct
2026-07-12,823358,Pittsburgh Pirates,Milwaukee Brewers,Pittsburgh Pirates,0.5441176470588234,0.5441176470588234,recent win form: home 50.2% / away 61.9% | offense quality (park-adj.): home 92.1 / away 100.6 | recent runs allowed: home 4.77 / away 3.70 | starter K-BB% (season): home 23.7% / away 2.2% | recent runs scored: home 5.05 / away 5.08 | starter's current-form FIP: home 3.70 / away 3.26,"Pittsburgh Pirates favored mainly on starter K-BB% (season), starter's current-form K-BB% and starter FIP (season).",2026-07-12T13:26:44,Pittsburgh Pirates,True
2026-07-12,824814,Baltimore Orioles,Kansas City Royals,Baltimore Orioles,0.6183385579937304,0.6183385579937304,recent win form: home 46.8% / away 40.8% | offense quality (park-adj.): home 96.3 / away 102.4 | recent runs allowed: home 4.84 / away 4.98 | starter K-BB% (season): home 15.8% / away 11.5% | recent runs scored: home 4.53 / away 4.23 | starter's current-form FIP: home 3.60 / away 7.99,"Baltimore Orioles favored mainly on recent win form, recent runs allowed and starter K-BB% (season).",2026-07-12T13:26:44,Baltimore Orioles,True
2026-07-12,822708,Washington Nationals,New York Yankees,New York Yankees,0.4978354978354978,0.5021645021645023,recent win form: home 49.0% / away 56.0% | offense quality (park-adj.): home 100.5 / away 112.3 | recent runs allowed: home 5.28 / away 3.91 | starter K-BB% (season): home 11.4% / away 14.9% | recent runs scored: home 5.22 / away 4.86 | starter's current-form FIP: home 2.38 / away 7.10,"New York Yankees favored mainly on recent win form, offense quality (park-adj.) and recent runs allowed.",2026-07-12T13:26:44,New York Yankees,True
2026-07-12,824491,Cincinnati Reds,Chicago Cubs,Chicago Cubs,0.459727385377943,0.540272614622057,recent win form: home 46.4% / away 55.9% | offense quality (park-adj.): home 85.7 / away 103.5 | recent runs allowed: home 4.69 / away 4.45 | starter K-BB% (season): home 15.5% / away 15.2% | recent runs scored: home 4.19 / away 5.00 | starter's current-form FIP: home 5.30 / away 4.25,"Chicago Cubs favored mainly on recent win form, offense quality (park-adj.) and recent runs allowed.",2026-07-12T13:26:44,Chicago Cubs,True
2026-07-12,823602,New York Mets,Boston Red Sox,Boston Red Sox,0.4457751164337991,0.5542248835662009,recent win form: home 42.7% / away 49.1% | offense quality (park-adj.): home 102.0 / away 98.8 | recent runs allowed: home 4.75 / away 3.87 | starter K-BB% (season): home 13.9% / away 14.7% | recent runs scored: home 4.19 / away 4.19 | starter's current-form FIP: home 3.29 / away 3.60,"Boston Red Sox favored mainly on recent win form, recent runs allowed and starter K-BB% (season).",2026-07-12T13:26:44,Boston Red Sox,True
2026-07-12,822951,Tampa Bay Rays,Seattle Mariners,Tampa Bay Rays,0.6183385579937304,0.6183385579937304,recent win form: home 58.8% / away 49.7% | offense quality (park-adj.): home 105.5 / away 107.6 | recent runs allowed: home 4.15 / away 3.94 | starter K-BB% (season): home 18.6% / away 7.7% | recent runs scored: home 4.53 / away 4.08 | starter's current-form FIP: home 2.73 / away 3.10,"Tampa Bay Rays favored mainly on recent win form, starter K-BB% (season) and recent runs scored.",2026-07-12T13:26:44,Seattle Mariners,False
2026-07-12,824250,Detroit Tigers,Philadelphia Phillies,Detroit Tigers,0.5441176470588234,0.5441176470588234,recent win form: home 47.1% / away 55.7% | offense quality (park-adj.): home 103.2 / away 100.9 | recent runs allowed: home 4.01 / away 4.46 | starter K-BB% (season): home 29.2% / away 27.7% | recent runs scored: home 4.33 / away 4.41 | starter's current-form FIP: home 4.10 / away 1.71,"Detroit Tigers favored mainly on offense quality (park-adj.), recent runs allowed and starter K-BB% (season).",2026-07-12T13:26:44,Philadelphia Phillies,False
2026-07-12,823842,Miami Marlins,Cleveland Guardians,Miami Marlins,0.5826086956521739,0.5826086956521739,recent win form: home 53.6% / away 52.3% | offense quality (park-adj.): home 99.2 / away 96.4 | recent runs allowed: home 4.34 / away 4.01 | starter K-BB% (season): home 8.9% / away 16.3% | recent runs scored: home 4.53 / away 3.96 | starter's current-form FIP: home 4.76 / away 3.29,"Miami Marlins favored mainly on recent win form, offense quality (park-adj.) and recent runs scored.",2026-07-12T13:26:44,Cleveland Guardians,False
2026-07-12,823681,Minnesota Twins,Los Angeles Angels,Los Angeles Angels,0.4978354978354978,0.5021645021645023,recent win form: home 48.3% / away 40.1% | offense quality (park-adj.): home 98.5 / away 96.5 | recent runs allowed: home 5.00 / away 5.03 | starter K-BB% (season): home 11.7% / away 10.2% | recent runs scored: home 4.79 / away 4.42 | starter's current-form FIP: home 1.78 / away 3.60,"Los Angeles Angels favored mainly on starter FIP (season), starter xwOBA against and starter whiff%.",2026-07-12T13:26:44,Minnesota Twins,False
2026-07-12,824574,Chicago White Sox,Athletics,Athletics,0.4978354978354978,0.5021645021645023,recent win form: home 50.4% / away 43.6% | offense quality (park-adj.): home 93.6 / away 96.5 | recent runs allowed: home 4.46 / away 5.42 | starter K-BB% (season): home 13.9% / away 17.3% | recent runs scored: home 4.65 / away 4.44 | starter's current-form FIP: home 7.15 / away 5.41,"Athletics favored mainly on offense quality (park-adj.), starter K-BB% (season) and starter's current-form FIP.",2026-07-12T13:26:44,Chicago White Sox,False
2026-07-12,823029,St. Louis Cardinals,Atlanta Braves,Atlanta Braves,0.4978354978354978,0.5021645021645023,recent win form: home 52.6% / away 56.3% | offense quality (park-adj.): home 96.7 / away 101.4 | recent runs allowed: home 4.48 / away 3.96 | starter K-BB% (season): home 11.5% / away 27.0% | recent runs scored: home 4.50 / away 4.81 | starter's current-form FIP: home 5.15 / away 1.00,"Atlanta Braves favored mainly on recent win form, offense quality (park-adj.) and recent runs allowed.",2026-07-12T13:26:44,Atlanta Braves,True
2026-07-12,822876,Texas Rangers,Houston Astros,Texas Rangers,0.6183385579937304,0.6183385579937304,recent win form: home 50.5% / away 49.0% | offense quality (park-adj.): home 93.0 / away 103.0 | recent runs allowed: home 4.24 / away 4.95 | starter K-BB% (season): home 17.8% / away 12.1% | recent runs scored: home 4.15 / away 4.54 | starter's current-form FIP: home 3.69 / away 7.92,"Texas Rangers favored mainly on recent win form, recent runs allowed and starter K-BB% (season).",2026-07-12T13:26:44,Texas Rangers,True
2026-07-12,823199,San Francisco Giants,Colorado Rockies,San Francisco Giants,0.6183385579937304,0.6183385579937304,recent win form: home 43.0% / away 38.7% | offense quality (park-adj.): home 104.7 / away 84.4 | recent runs allowed: home 4.75 / away 5.76 | starter K-BB% (season): home 20.0% / away 14.5% | recent runs scored: home 4.15 / away 4.67 | starter's current-form FIP: home 3.32 / away 4.72,"San Francisco Giants favored mainly on recent win form, offense quality (park-adj.) and recent runs allowed.",2026-07-12T13:26:44,San Francisco Giants,True
2026-07-12,823925,Los Angeles Dodgers,Arizona Diamondbacks,Los Angeles Dodgers,0.6201298701298701,0.6201298701298701,recent win form: home 62.9% / away 50.4% | offense quality (park-adj.): home 110.2 / away 104.2 | recent runs allowed: home 3.73 / away 4.52 | starter K-BB% (season): home 20.6% / away 13.9% | recent runs scored: home 5.22 / away 4.39 | starter's current-form FIP: home 5.86 / away 3.10,"Los Angeles Dodgers favored mainly on recent win form, offense quality (park-adj.) and recent runs allowed.",2026-07-12T13:26:44,Arizona Diamondbacks,False
2026-07-12,823274,San Diego Padres,Toronto Blue Jays,Toronto Blue Jays,0.459727385377943,0.540272614622057,recent win form: home 50.2% / away 48.6% | offense quality (park-adj.): home 101.2 / away 105.1 | recent runs allowed: home 4.34 / away 4.44 | starter K-BB% (season): home 5.9% / away 17.2% | recent runs scored: home 3.98 / away 4.18 | starter's current-form FIP: home 6.22 / away 5.47,"Toronto Blue Jays favored mainly on offense quality (park-adj.), starter K-BB% (season) and recent runs scored.",2026-07-12T13:26:44,San Diego Padres,False
2026-07-11,823357,Pittsburgh Pirates,Milwaukee Brewers,Milwaukee Brewers,0.4978354978354978,0.5021645021645023,recent win form: home 49.3% / away 63.0% | offense quality (park-adj.): home 96.0 / away 100.6 | recent runs allowed: home 4.78 / away 3.68 | starter K-BB% (season): home 16.1% / away 11.9% | recent runs scored: home 5.05 / away 5.10 | starter's current-form FIP: home 3.72 / away 2.19,"Milwaukee Brewers favored mainly on recent win form, offense quality (park-adj.) and recent runs allowed.",2026-07-12T13:27:55,Pittsburgh Pirates,False
2026-07-11,823356,Pittsburgh Pirates,Milwaukee Brewers,Milwaukee Brewers,0.459727385377943,0.540272614622057,recent win form: home 49.3% / away 63.0% | offense quality (park-adj.): home 95.0 / away 100.6 | recent runs allowed: home 4.78 / away 3.68 | starter K-BB% (season): home 21.8% / away 13.9% | recent runs scored: home 5.05 / away 5.10 | starter's current-form FIP: home 4.38 / away 3.29,"Milwaukee Brewers favored mainly on recent win form, offense quality (park-adj.) and recent runs allowed.",2026-07-12T13:27:55,Pittsburgh Pirates,False
2026-07-11,823682,Minnesota Twins,Los Angeles Angels,Minnesota Twins,0.6183385579937304,0.6183385579937304,recent win form: home 47.8% / away 40.5% | offense quality (park-adj.): home 98.5 / away 96.5 | recent runs allowed: home 5.02 / away 5.03 | starter K-BB% (season): home 22.5% / away 15.3% | recent runs scored: home 4.79 / away 4.44 | starter's current-form FIP: home 2.81 / away 3.83,"Minnesota Twins favored mainly on recent win form, offense quality (park-adj.) and recent runs allowed.",2026-07-12T13:27:55,Minnesota Twins,True
2026-07-11,824576,Chicago White Sox,Athletics,Athletics,0.4978354978354978,0.5021645021645023,recent win form: home 49.9% / away 44.0% | offense quality (park-adj.): home 94.9 / away 95.4 | recent runs allowed: home 4.50 / away 5.46 | starter K-BB% (season): home 8.0% / away 13.9% | recent runs scored: home 4.69 / away 4.48 | starter's current-form FIP: home 4.85 / away 5.78,"Athletics favored mainly on offense quality (park-adj.), starter K-BB% (season) and starter's current-form K-BB%.",2026-07-12T13:27:55,Chicago White Sox,False
2026-07-11,823198,San Francisco Giants,Colorado Rockies,San Francisco Giants,0.6183385579937304,0.6183385579937304,recent win form: home 42.5% / away 39.1% | offense quality (park-adj.): home 91.5 / away 84.4 | recent runs allowed: home 4.78 / away 5.77 | starter K-BB% (season): home 10.7% / away 12.1% | recent runs scored: home 4.15 / away 4.70 | starter's current-form FIP: home 3.38 / away 4.29,"San Francisco Giants favored mainly on recent win form, offense quality (park-adj.) and recent runs allowed.",2026-07-12T13:27:55,San Francisco Giants,True
2026-07-11,822711,Washington Nationals,New York Yankees,New York Yankees,0.4444444444444445,0.5555555555555555,recent win form: home 49.4% / away 55.6% | offense quality (park-adj.): home 100.5 / away 114.4 | recent runs allowed: home 5.30 / away 3.93 | starter K-BB% (season): home 12.7% / away 18.6% | recent runs scored: home 5.25 / away 4.87 | starter's current-form FIP: home 2.10 / away 4.86,"New York Yankees favored mainly on recent win form, offense quality (park-adj.) and recent runs allowed.",2026-07-12T13:27:55,New York Yankees,True
2026-07-11,823603,New York Mets,Boston Red Sox,Boston Red Sox,0.4978354978354978,0.5021645021645023,recent win form: home 43.1% / away 48.6% | offense quality (park-adj.): home 110.3 / away 98.8 | recent runs allowed: home 4.76 / away 3.90 | starter K-BB% (season): home 19.2% / away 13.9% | recent runs scored: home 4.23 / away 4.19 | starter's current-form FIP: home 3.87 / away 5.22,"Boston Red Sox favored mainly on recent win form, recent runs allowed and trailing win% (last 10).",2026-07-12T13:27:55,Boston Red Sox,True
2026-07-11,822953,Tampa Bay Rays,Seattle Mariners,Tampa Bay Rays,0.5441176470588234,0.5441176470588234,recent win form: home 58.4% / away 50.2% | offense quality (park-adj.): home 105.5 / away 110.6 | recent runs allowed: home 4.18 / away 3.92 | starter K-BB% (season): home 27.6% / away 25.3% | recent runs scored: home 4.52 / away 4.11 | starter's current-form FIP: home 3.54 / away 1.89,"Tampa Bay Rays favored mainly on recent win form, starter K-BB% (season) and recent runs scored.",2026-07-12T13:27:55,Tampa Bay Rays,True
2026-07-11,823844,Miami Marlins,Cleveland Guardians,Miami Marlins,0.5441176470588234,0.5441176470588234,recent win form: home 54.1% / away 51.9% | offense quality (park-adj.): home 110.3 / away 96.4 | recent runs allowed: home 4.35 / away 4.04 | starter K-BB% (season): home 19.0% / away 14.2% | recent runs scored: home 4.57 / away 3.96 | starter's current-form FIP: home 3.34 / away 5.81,"Miami Marlins favored mainly on recent win form, offense quality (park-adj.) and starter K-BB% (season).",2026-07-12T13:27:55,Cleveland Guardians,False
2026-07-11,824249,Detroit Tigers,Philadelphia Phillies,Detroit Tigers,0.5441176470588234,0.5441176470588234,recent win form: home 47.6% / away 55.2% | offense quality (park-adj.): home 112.2 / away 103.2 | recent runs allowed: home 4.01 / away 4.49 | starter K-BB% (season): home 16.3% / away 20.8% | recent runs scored: home 4.35 / away 4.42 | starter's current-form FIP: home 2.84 / away 5.19,"Detroit Tigers favored mainly on offense quality (park-adj.), recent runs allowed and starter's current-form FIP.",2026-07-12T13:27:55,Philadelphia Phillies,False
2026-07-11,824813,Baltimore Orioles,Kansas City Royals,Baltimore Orioles,0.6183385579937304,0.6183385579937304,recent win form: home 46.3% / away 41.2% | offense quality (park-adj.): home 89.3 / away 102.4 | recent runs allowed: home 4.87 / away 4.97 | starter K-BB% (season): home 29.4% / away 12.8% | recent runs scored: home 4.52 / away 4.26 | starter's current-form FIP: home 3.20 / away 5.66,"Baltimore Orioles favored mainly on recent win form, recent runs allowed and starter K-BB% (season).",2026-07-12T13:27:55,Baltimore Orioles,True
2026-07-11,822875,Texas Rangers,Houston Astros,Houston Astros,0.4978354978354978,0.5021645021645023,recent win form: home 50.9% / away 48.6% | offense quality (park-adj.): home 91.4 / away 98.3 | recent runs allowed: home 4.20 / away 4.97 | starter K-BB% (season): home 11.5% / away 13.9% | recent runs scored: home 4.16 / away 4.50 | starter's current-form FIP: home 4.93 / away 5.66,"Houston Astros favored mainly on offense quality (park-adj.), starter K-BB% (season) and recent runs scored.",2026-07-12T13:27:55,Houston Astros,True
2026-07-11,824492,Cincinnati Reds,Chicago Cubs,Chicago Cubs,0.4978354978354978,0.5021645021645023,recent win form: home 46.8% / away 55.5% | offense quality (park-adj.): home 94.9 / away 103.5 | recent runs allowed: home 4.69 / away 4.46 | starter K-BB% (season): home 19.3% / away 7.2% | recent runs scored: home 4.20 / away 5.00 | starter's current-form FIP: home 2.63 / away 6.23,"Chicago Cubs favored mainly on recent win form, offense quality (park-adj.) and recent runs allowed.",2026-07-12T13:27:55,Chicago Cubs,True
2026-07-11,823030,St. Louis Cardinals,Atlanta Braves,Atlanta Braves,0.4978354978354978,0.5021645021645023,recent win form: home 52.2% / away 56.8% | offense quality (park-adj.): home 96.3 / away 100.7 | recent runs allowed: home 4.51 / away 3.96 | starter K-BB% (season): home 12.7% / away -4.0% | recent runs scored: home 4.51 / away 4.84 | starter's current-form FIP: home 4.40 / away 2.95,"Atlanta Braves favored mainly on recent win form, offense quality (park-adj.) and recent runs allowed.",2026-07-12T13:27:55,St. Louis Cardinals,False
2026-07-11,823276,San Diego Padres,Toronto Blue Jays,Toronto Blue Jays,0.459727385377943,0.540272614622057,recent win form: home 49.7% / away 49.0% | offense quality (park-adj.): home 101.2 / away 105.1 | recent runs allowed: home 4.31 / away 4.41 | starter K-BB% (season): home 5.5% / away 21.6% | recent runs scored: home 3.94 / away 4.15 | starter's current-form FIP: home 8.12 / away 4.03,"Toronto Blue Jays favored mainly on offense quality (park-adj.), starter K-BB% (season) and recent runs scored.",2026-07-12T13:27:55,San Diego Padres,False
2026-07-11,823926,Los Angeles Dodgers,Arizona Diamondbacks,Los Angeles Dodgers,0.6398467432950191,0.6398467432950191,recent win form: home 63.4% / away 49.9% | offense quality (park-adj.): home 110.5 / away 104.2 | recent runs allowed: home 3.68 / away 4.55 | starter K-BB% (season): home 20.4% / away 14.3% | recent runs scored: home 5.25 / away 4.35 | starter's current-form FIP: home 2.63 / away 4.51,"Los Angeles Dodgers favored mainly on recent win form, offense quality (park-adj.) and recent runs allowed.",2026-07-12T13:27:55,Arizona Diamondbacks,False
2026-07-20,824410,Cleveland Guardians,Minnesota Twins,Minnesota Twins,0.459727385377943,0.540272614622057,recent win form: home 52.2% / away 48.4% | offense quality (park-adj.): home 96.4 / away 98.5 | recent runs allowed: home 4.04 / away 5.00 | starter K-BB% (season): home 14.2% / away 22.5% | recent runs scored: home 3.93 / away 4.73 | starter's current-form FIP: home 6.21 / away 2.57,"Minnesota Twins favored mainly on offense quality (park-adj.), starter K-BB% (season) and recent runs scored.",2026-07-20T23:03:42,Cleveland Guardians,False
2026-07-20,823522,New York Yankees,Pittsburgh Pirates,New York Yankees,0.5441176470588234,0.5441176470588234,recent win form: home 55.8% / away 51.1% | offense quality (park-adj.): home 112.3 / away 92.1 | recent runs allowed: home 3.90 / away 4.70 | starter K-BB% (season): home 15.1% / away 16.1% | recent runs scored: home 4.77 / away 5.14 | starter's current-form FIP: home 1.19 / away 6.16,"New York Yankees favored mainly on recent win form, offense quality (park-adj.) and recent runs allowed.",2026-07-20T23:03:42,New York Yankees,True
2026-07-20,822788,Toronto Blue Jays,Tampa Bay Rays,Toronto Blue Jays,0.5441176470588234,0.5441176470588234,recent win form: home 47.7% / away 56.1% | offense quality (park-adj.): home 105.1 / away 105.5 | recent runs allowed: home 4.46 / away 4.29 | starter K-BB% (season): home 20.1% / away 10.6% | recent runs scored: home 4.11 / away 4.44 | starter's current-form FIP: home 1.42 / away 5.00,"Toronto Blue Jays favored mainly on starter K-BB% (season), starter's current-form FIP and starter's current-form K-BB%.",2026-07-20T23:03:42,Tampa Bay Rays,False
2026-07-20,824736,Boston Red Sox,Baltimore Orioles,Baltimore Orioles,0.4978354978354978,0.5021645021645023,recent win form: home 51.4% / away 48.7% | offense quality (park-adj.): home 98.8 / away 89.3 | recent runs allowed: home 3.80 / away 4.74 | starter K-BB% (season): home 14.7% / away 15.8% | recent runs scored: home 4.28 / away 4.55 | starter's current-form FIP: home 3.49 / away 2.25,"Baltimore Orioles favored mainly on starter K-BB% (season), recent runs scored and starter's current-form FIP.",2026-07-20T23:03:42,Boston Red Sox,False
2026-07-20,823436,Philadelphia Phillies,Los Angeles Dodgers,Los Angeles Dodgers,0.459727385377943,0.540272614622057,recent win form: home 55.5% / away 62.4% | offense quality (park-adj.): home 103.2 / away 109.8 | recent runs allowed: home 4.40 / away 3.68 | starter K-BB% (season): home 20.8% / away 20.6% | recent runs scored: home 4.37 / away 5.16 | starter's current-form FIP: home 4.83 / away 2.90,"Los Angeles Dodgers favored mainly on recent win form, offense quality (park-adj.) and recent runs allowed.",2026-07-20T23:03:42,Philadelphia Phillies,False
2026-07-20,824898,Atlanta Braves,San Diego Padres,Atlanta Braves,0.6018808777429467,0.6018808777429467,recent win form: home 56.9% / away 50.2% | offense quality (park-adj.): home 100.7 / away 101.2 | recent runs allowed: home 3.96 / away 4.35 | starter K-BB% (season): home 11.8% / away 13.9% | recent runs scored: home 4.93 / away 4.12 | starter's current-form FIP: home 7.89 / away 5.46,"Atlanta Braves favored mainly on recent win form, recent runs allowed and recent runs scored.",2026-07-20T23:03:42,Atlanta Braves,True
2026-07-20,824087,Kansas City Royals,San Francisco Giants,Kansas City Royals,0.5441176470588234,0.5441176470588234,recent win form: home 41.1% / away 43.2% | offense quality (park-adj.): home 102.4 / away 104.7 | recent runs allowed: home 5.11 / away 4.68 | starter K-BB% (season): home 11.3% / away 20.0% | recent runs scored: home 4.23 / away 4.15 | starter's current-form FIP: home 4.68 / away 4.01,"Kansas City Royals favored mainly on recent runs scored, starter's current-form K-BB% and rest.",2026-07-20T23:03:42,Kansas City Royals,True
2026-07-20,823762,Milwaukee Brewers,New York Mets,Milwaukee Brewers,0.6183385579937304,0.6183385579937304,recent win form: home 62.3% / away 43.0% | offense quality (park-adj.): home 100.6 / away 113.8 | recent runs allowed: home 3.77 / away 4.68 | starter K-BB% (season): home 21.6% / away 19.2% | recent runs scored: home 5.06 / away 4.16 | starter's current-form FIP: home 4.16 / away 5.72,"Milwaukee Brewers favored mainly on recent win form, recent runs allowed and starter K-BB% (season).",2026-07-20T23:03:42,Milwaukee Brewers,True
2026-07-20,824654,Chicago Cubs,Detroit Tigers,Chicago Cubs,0.5441176470588234,0.5441176470588234,recent win form: home 56.6% / away 47.2% | offense quality (park-adj.): home 103.5 / away 103.2 | recent runs allowed: home 4.40 / away 3.95 | starter K-BB% (season): home 14.0% / away 18.4% | recent runs scored: home 5.05 / away 4.27 | starter's current-form FIP: home 5.53 / away 2.56,"Chicago Cubs favored mainly on recent win form, offense quality (park-adj.) and recent runs scored.",2026-07-20T23:03:42,Detroit Tigers,False
2026-07-20,822874,Texas Rangers,Chicago White Sox,Texas Rangers,0.6018808777429467,0.6018808777429467,recent win form: home 50.5% / away 51.3% | offense quality (park-adj.): home 93.0 / away 93.6 | recent runs allowed: home 4.39 / away 4.35 | starter K-BB% (season): home 22.1% / away 2.6% | recent runs scored: home 4.17 / away 4.70 | starter's current-form FIP: home 1.82 / away 4.87,"Texas Rangers favored mainly on starter K-BB% (season), starter's current-form FIP and starter's current-form K-BB%.",2026-07-20T23:03:42,Chicago White Sox,False
2026-07-20,824167,Houston Astros,Miami Marlins,Miami Marlins,0.4978354978354978,0.5021645021645023,recent win form: home 47.3% / away 51.7% | offense quality (park-adj.): home 98.3 / away 110.3 | recent runs allowed: home 4.93 / away 4.35 | starter K-BB% (season): home 14.1% / away 14.3% | recent runs scored: home 4.48 / away 4.46 | starter's current-form FIP: home 4.24 / away 5.03,"Miami Marlins favored mainly on recent win form, offense quality (park-adj.) and recent runs allowed.",2026-07-20T23:03:42,Houston Astros,False
2026-07-20,824328,Colorado Rockies,Washington Nationals,Washington Nationals,0.4978354978354978,0.5021645021645023,recent win form: home 38.2% / away 49.0% | offense quality (park-adj.): home 84.4 / away 89.8 | recent runs allowed: home 5.75 / away 5.33 | starter K-BB% (season): home 12.1% / away 10.2% | recent runs scored: home 4.67 / away 5.32 | starter's current-form FIP: home 2.66 / away 2.81,"Washington Nationals favored mainly on recent win form, offense quality (park-adj.) and recent runs allowed.",2026-07-20T23:03:42,Washington Nationals,True
2026-07-20,825058,Arizona Diamondbacks,Athletics,Arizona Diamondbacks,0.6183385579937304,0.6183385579937304,recent win form: home 51.3% / away 42.9% | offense quality (park-adj.): home 101.2 / away 96.5 | recent runs allowed: home 4.52 / away 5.56 | starter K-BB% (season): home 13.9% / away 11.8% | recent runs scored: home 4.43 / away 4.48 | starter's current-form FIP: home 6.77 / away 7.83,"Arizona Diamondbacks favored mainly on recent win form, offense quality (park-adj.) and recent runs allowed.",2026-07-20T23:03:42,Athletics,False
2026-07-20,823112,Seattle Mariners,Cincinnati Reds,Seattle Mariners,0.6183385579937304,0.6183385579937304,recent win form: home 50.6% / away 46.5% | offense quality (park-adj.): home 107.6 / away 94.9 | recent runs allowed: home 3.93 / away 4.76 | starter K-BB% (season): home 20.7% / away 15.5% | recent runs scored: home 4.10 / away 4.25 | starter's current-form FIP: home 2.95 / away 3.70,"Seattle Mariners favored mainly on recent win form, offense quality (park-adj.) and recent runs allowed.",2026-07-20T23:03:42,Seattle Mariners,True
2026-07-20,824006,Los Angeles Angels,St. Louis Cardinals,St. Louis Cardinals,0.4978354978354978,0.5021645021645023,recent win form: home 39.6% / away 51.6% | offense quality (park-adj.): home 96.5 / away 96.3 | recent runs allowed: home 4.98 / away 4.51 | starter K-BB% (season): home 10.2% / away 14.3% | recent runs scored: home 4.32 / away 4.50 | starter's current-form FIP: home 2.41 / away 2.25,"St. Louis Cardinals favored mainly on recent win form, recent runs allowed and starter K-BB% (season).",2026-07-20T23:03:42,Los Angeles Angels,False
2026-07-21,824409,Cleveland Guardians,Minnesota Twins,Cleveland Guardians,0.6183385579937304,0.6183385579937304,recent win form: home 52.7% / away 48.0% | offense quality (park-adj.): home 95.0 / away 98.3 | recent runs allowed: home 4.04 / away 5.07 | starter K-BB% (season): home 19.4% / away 13.9% | recent runs scored: home 4.01 / away 4.72 | starter's current-form FIP: home 4.01 / away 2.77,"Cleveland Guardians favored mainly on recent win form, recent runs allowed and starter K-BB% (season).",2026-07-21T18:11:10,Cleveland Guardians,True
2026-07-21,823437,Philadelphia Phillies,Los Angeles Dodgers,Los Angeles Dodgers,0.4457751164337991,0.5542248835662009,recent win form: home 55.9% / away 61.8% | offense quality (park-adj.): home 100.9 / away 110.5 | recent runs allowed: home 4.42 / away 3.74 | starter K-BB% (season): home 27.7% / away 21.7% | recent runs scored: home 4.42 / away 5.18 | starter's current-form FIP: home 1.23 / away 2.72,"Los Angeles Dodgers favored mainly on recent win form, offense quality (park-adj.) and recent runs allowed.",2026-07-21T18:11:10,Los Angeles Dodgers,True
2026-07-21,823519,New York Yankees,Pittsburgh Pirates,Pittsburgh Pirates,0.4978354978354978,0.5021645021645023,recent win form: home 56.2% / away 50.7% | offense quality (park-adj.): home 112.3 / away 96.0 | recent runs allowed: home 3.91 / away 4.73 | starter K-BB% (season): home 14.9% / away 21.8% | recent runs scored: home 4.80 / away 5.14 | starter's current-form FIP: home 6.80 / away 4.17,"Pittsburgh Pirates favored mainly on starter K-BB% (season), recent runs scored and starter's current-form FIP.",2026-07-21T18:11:10,New York Yankees,False
2026-07-21,822787,Toronto Blue Jays,Tampa Bay Rays,Tampa Bay Rays,0.4978354978354978,0.5021645021645023,recent win form: home 47.3% / away 56.5% | offense quality (park-adj.): home 105.1 / away 105.5 | recent runs allowed: home 4.49 / away 4.26 | starter K-BB% (season): home 17.2% / away 15.4% | recent runs scored: home 4.08 / away 4.46 | starter's current-form FIP: home 2.93 / away 5.12,"Tampa Bay Rays favored mainly on recent win form, offense quality (park-adj.) and recent runs allowed.",2026-07-21T18:11:10,Tampa Bay Rays,True
2026-07-21,824735,Boston Red Sox,Baltimore Orioles,Baltimore Orioles,0.4457751164337991,0.5542248835662009,recent win form: home 51.9% / away 48.3% | offense quality (park-adj.): home 98.8 / away 94.5 | recent runs allowed: home 3.81 / away 4.75 | starter K-BB% (season): home 13.9% / away 29.4% | recent runs scored: home 4.30 / away 4.55 | starter's current-form FIP: home 5.27 / away 3.81,"Baltimore Orioles favored mainly on starter K-BB% (season), recent runs scored and starter's current-form FIP.",2026-07-21T18:11:10,Boston Red Sox,False
2026-07-21,824895,Atlanta Braves,San Diego Padres,Atlanta Braves,0.6018808777429467,0.6018808777429467,recent win form: home 57.3% / away 49.7% | offense quality (park-adj.): home 101.4 / away 101.2 | recent runs allowed: home 3.94 / away 4.34 | starter K-BB% (season): home -4.0% / away 5.5% | recent runs scored: home 4.92 / away 4.10 | starter's current-form FIP: home 3.77 / away 10.65,"Atlanta Braves favored mainly on recent win form, offense quality (park-adj.) and recent runs allowed.",2026-07-21T18:11:10,San Diego Padres,False
2026-07-21,824085,Kansas City Royals,San Francisco Giants,Kansas City Royals,0.5441176470588234,0.5441176470588234,recent win form: home 41.7% / away 42.9% | offense quality (park-adj.): home 102.4 / away 104.7 | recent runs allowed: home 5.09 / away 4.68 | starter K-BB% (season): home 17.9% / away 10.7% | recent runs scored: home 4.23 / away 4.14 | starter's current-form FIP: home 4.89 / away 3.55,"Kansas City Royals favored mainly on starter K-BB% (season), recent runs scored and starter FIP (season).",2026-07-21T18:11:10,Kansas City Royals,True
2026-07-21,823760,Milwaukee Brewers,New York Mets,Milwaukee Brewers,0.6183385579937304,0.6183385579937304,recent win form: home 62.7% / away 42.6% | offense quality (park-adj.): home 100.3 / away 113.8 | recent runs allowed: home 3.76 / away 4.71 | starter K-BB% (season): home 11.9% / away 13.9% | recent runs scored: home 5.09 / away 4.15 | starter's current-form FIP: home 4.64 / away 2.98,"Milwaukee Brewers favored mainly on recent win form, recent runs allowed and recent runs scored.",2026-07-21T18:11:10,New York Mets,False
2026-07-21,824652,Chicago Cubs,Detroit Tigers,Chicago Cubs,0.5441176470588234,0.5441176470588234,recent win form: home 56.1% / away 47.7% | offense quality (park-adj.): home 103.5 / away 112.2 | recent runs allowed: home 4.43 / away 3.97 | starter K-BB% (season): home 11.8% / away 14.8% | recent runs scored: home 5.06 / away 4.30 | starter's current-form FIP: home 6.31 / away 3.54,"Chicago Cubs favored mainly on recent win form, recent runs scored and offense strikeout rate.",2026-07-21T18:11:10,Chicago Cubs,True
2026-07-21,822871,Texas Rangers,Chicago White Sox,Chicago White Sox,0.4978354978354978,0.5021645021645023,recent win form: home 50.0% / away 51.8% | offense quality (park-adj.): home 91.4 / away 93.6 | recent runs allowed: home 4.44 / away 4.34 | starter K-BB% (season): home 11.5% / away 13.9% | recent runs scored: home 4.16 / away 4.75 | starter's current-form FIP: home 5.22 / away 6.24,"Chicago White Sox favored mainly on recent win form, offense quality (park-adj.) and recent runs allowed.",2026-07-21T18:11:10,Texas Rangers,False
2026-07-21,824165,Houston Astros,Miami Marlins,Miami Marlins,0.4457751164337991,0.5542248835662009,recent win form: home 47.8% / away 51.2% | offense quality (park-adj.): home 98.3 / away 107.0 | recent runs allowed: home 4.93 / away 4.38 | starter K-BB% (season): home 13.9% / away 8.9% | recent runs scored: home 4.51 / away 4.46 | starter's current-form FIP: home 6.37 / away 4.81,"Miami Marlins favored mainly on recent win form, offense quality (park-adj.) and recent runs allowed.",2026-07-21T18:11:10,Houston Astros,False
2026-07-21,824329,Colorado Rockies,Washington Nationals,Washington Nationals,0.459727385377943,0.540272614622057,recent win form: home 37.9% / away 49.5% | offense quality (park-adj.): home 84.4 / away 100.5 | recent runs allowed: home 5.76 / away 5.31 | starter K-BB% (season): home 14.5% / away 1.1% | recent runs scored: home 4.66 / away 5.34 | starter's current-form FIP: home 5.38 / away 2.55,"Washington Nationals favored mainly on recent win form, offense quality (park-adj.) and recent runs allowed.",2026-07-21T18:11:10,Colorado Rockies,False
2026-07-21,824005,Los Angeles Angels,St. Louis Cardinals,St. Louis Cardinals,0.459727385377943,0.540272614622057,recent win form: home 40.1% / away 51.2% | offense quality (park-adj.): home 97.6 / away 96.5 | recent runs allowed: home 4.96 / away 4.49 | starter K-BB% (season): home 13.9% / away 12.7% | recent runs scored: home 4.31 / away 4.48 | starter's current-form FIP: home 3.46 / away 2.16,"St. Louis Cardinals favored mainly on recent win form, recent runs allowed and recent runs scored.",2026-07-21T18:11:10,Los Angeles Angels,False
2026-07-21,825056,Arizona Diamondbacks,Athletics,Arizona Diamondbacks,0.5441176470588234,0.5441176470588234,recent win form: home 50.8% / away 43.4% | offense quality (park-adj.): home 104.2 / away 96.5 | recent runs allowed: home 4.53 / away 5.53 | starter K-BB% (season): home 13.9% / away 11.8% | recent runs scored: home 4.41 / away 4.48 | starter's current-form FIP: home 5.22 / away 4.42,"Arizona Diamondbacks favored mainly on recent win form, offense quality (park-adj.) and recent runs allowed.",2026-07-21T18:11:10,Arizona Diamondbacks,True
2026-07-21,823114,Seattle Mariners,Cincinnati Reds,Cincinnati Reds,0.4978354978354978,0.5021645021645023,recent win form: home 51.0% / away 46.1% | offense quality (park-adj.): home 110.6 / away 94.9 | recent runs allowed: home 3.90 / away 4.79 | starter K-BB% (season): home 14.9% / away 26.9% | recent runs scored: home 4.13 / away 4.21 | starter's current-form FIP: home 4.51 / away 4.16,"Cincinnati Reds favored mainly on starter K-BB% (season), recent runs scored and starter's current-form FIP.",2026-07-21T18:11:10,Cincinnati Reds,True
2026-07-22,823518,New York Yankees,Pittsburgh Pirates,New York Yankees,0.5275590551181102,0.5275590551181102,recent win form: home 56.2% / away 50.7% | offense quality (park-adj.): home 112.3 / away 95.0 | recent runs allowed: home 3.91 / away 4.73 | starter K-BB% (season): home 13.9% / away 13.2% | recent runs scored: home 4.80 / away 5.14 | starter's current-form FIP: home 2.52 / away 6.10,"New York Yankees favored mainly on recent win form, offense quality (park-adj.) and recent runs allowed.",2026-07-22T18:24:17,Pittsburgh Pirates,False
2026-07-22,823519,New York Yankees,Pittsburgh Pirates,New York Yankees,0.5441176470588234,0.5441176470588234,recent win form: home 56.2% / away 50.7% | offense quality (park-adj.): home 112.3 / away 92.1 | recent runs allowed: home 3.91 / away 4.73 | starter K-BB% (season): home 16.6% / away 21.8% | recent runs scored: home 4.80 / away 5.14 | starter's current-form FIP: home 2.75 / away 4.17,"New York Yankees favored mainly on recent win form, offense quality (park-adj.) and recent runs allowed.",2026-07-22T18:24:17,New York Yankees,True
2026-07-22,824735,Boston Red Sox,Baltimore Orioles,Boston Red Sox,0.5441176470588234,0.5441176470588234,recent win form: home 51.9% / away 48.3% | offense quality (park-adj.): home 98.8 / away 94.5 | recent runs allowed: home 3.81 / away 4.75 | starter K-BB% (season): home 13.9% / away 13.7% | recent runs scored: home 4.30 / away 4.55 | starter's current-form FIP: home 2.76 / away 6.70,"Boston Red Sox favored mainly on recent win form, offense quality (park-adj.) and recent runs allowed.",2026-07-22T18:24:17,Boston Red Sox,True
2026-07-22,824083,Kansas City Royals,San Francisco Giants,Kansas City Royals,0.5275590551181102,0.5275590551181102,recent win form: home 42.2% / away 42.5% | offense quality (park-adj.): home 102.4 / away 104.7 | recent runs allowed: home 5.06 / away 4.66 | starter K-BB% (season): home 11.5% / away 12.0% | recent runs scored: home 4.22 / away 4.12 | starter's current-form FIP: home 5.26 / away 5.19,"Kansas City Royals favored mainly on recent runs scored, starter's current-form K-BB% and offense strikeout rate.",2026-07-22T18:24:17,Kansas City Royals,True
2026-07-22,823761,Milwaukee Brewers,New York Mets,Milwaukee Brewers,0.6183385579937304,0.6183385579937304,recent win form: home 62.1% / away 43.1% | offense quality (park-adj.): home 100.3 / away 113.8 | recent runs allowed: home 3.76 / away 4.67 | starter K-BB% (season): home 25.3% / away 13.9% | recent runs scored: home 5.04 / away 4.15 | starter's current-form FIP: home 2.77 / away 3.30,"Milwaukee Brewers favored mainly on recent win form, recent runs allowed and starter K-BB% (season).",2026-07-22T18:24:17,Milwaukee Brewers,True
2026-07-22,824327,Colorado Rockies,Washington Nationals,Washington Nationals,0.4457751164337991,0.5542248835662009,recent win form: home 38.4% / away 49.0% | offense quality (park-adj.): home 84.4 / away 97.4 | recent runs allowed: home 5.77 / away 5.33 | starter K-BB% (season): home 13.9% / away 11.4% | recent runs scored: home 4.69 / away 5.35 | starter's current-form FIP: home 1.86 / away 3.17,"Washington Nationals favored mainly on recent win form, offense quality (park-adj.) and recent runs allowed.",2026-07-22T18:24:17,Washington Nationals,True
2026-07-22,825055,Arizona Diamondbacks,Athletics,Athletics,0.4978354978354978,0.5021645021645023,recent win form: home 51.3% / away 43.0% | offense quality (park-adj.): home 103.4 / away 96.9 | recent runs allowed: home 4.53 / away 5.54 | starter K-BB% (season): home 15.9% / away 13.9% | recent runs scored: home 4.42 / away 4.49 | starter's current-form FIP: home 4.86 / away 4.32,"Athletics favored mainly on recent runs scored, starter's current-form FIP and starter's current-form K-BB%.",2026-07-22T18:24:17,Arizona Diamondbacks,False
2026-07-22,823110,Seattle Mariners,Cincinnati Reds,Seattle Mariners,0.5441176470588234,0.5441176470588234,recent win form: home 50.6% / away 46.6% | offense quality (park-adj.): home 110.6 / away 94.9 | recent runs allowed: home 3.90 / away 4.76 | starter K-BB% (season): home 7.7% / away 14.4% | recent runs scored: home 4.11 / away 4.21 | starter's current-form FIP: home 2.54 / away 3.62,"Seattle Mariners favored mainly on recent win form, offense quality (park-adj.) and recent runs allowed.",2026-07-22T18:24:17,Cincinnati Reds,False
2026-07-22,824004,Los Angeles Angels,St. Louis Cardinals,St. Louis Cardinals,0.4978354978354978,0.5021645021645023,recent win form: home 40.6% / away 50.7% | offense quality (park-adj.): home 96.5 / away 96.7 | recent runs allowed: home 4.92 / away 4.50 | starter K-BB% (season): home 20.7% / away 10.9% | recent runs scored: home 4.31 / away 4.45 | starter's current-form FIP: home 4.97 / away 4.86,"St. Louis Cardinals favored mainly on recent win form, offense quality (park-adj.) and recent runs allowed.",2026-07-22T18:24:17,St. Louis Cardinals,True
2026-07-22,824408,Cleveland Guardians,Minnesota Twins,Cleveland Guardians,0.5441176470588234,0.5441176470588234,recent win form: home 53.1% / away 47.5% | offense quality (park-adj.): home 96.4 / away 98.5 | recent runs allowed: home 4.02 / away 5.07 | starter K-BB% (season): home 14.2% / away 14.3% | recent runs scored: home 4.01 / away 4.69 | starter's current-form FIP: home 3.30 / away 5.37,"Cleveland Guardians favored mainly on recent win form, recent runs allowed and starter's current-form FIP.",2026-07-22T18:24:17,Minnesota Twins,False
2026-07-22,823438,Philadelphia Phillies,Los Angeles Dodgers,Los Angeles Dodgers,0.4457751164337991,0.5542248835662009,recent win form: home 55.4% / away 62.2% | offense quality (park-adj.): home 100.9 / away 110.5 | recent runs allowed: home 4.40 / away 3.72 | starter K-BB% (season): home 17.5% / away 16.8% | recent runs scored: home 4.39 / away 5.15 | starter's current-form FIP: home 4.66 / away 5.27,"Los Angeles Dodgers favored mainly on recent win form, offense quality (park-adj.) and recent runs allowed.",2026-07-22T18:24:17,Los Angeles Dodgers,True
2026-07-22,822784,Toronto Blue Jays,Tampa Bay Rays,Tampa Bay Rays,0.459727385377943,0.540272614622057,recent win form: home 46.9% / away 56.9% | offense quality (park-adj.): home 105.1 / away 105.5 | recent runs allowed: home 4.55 / away 4.24 | starter K-BB% (season): home 20.9% / away 27.6% | recent runs scored: home 4.06 / away 4.53 | starter's current-form FIP: home 4.90 / away 3.50,"Tampa Bay Rays favored mainly on recent win form, offense quality (park-adj.) and recent runs allowed.",2026-07-22T18:24:17,Tampa Bay Rays,True
2026-07-22,824896,Atlanta Braves,San Diego Padres,Atlanta Braves,0.5441176470588234,0.5441176470588234,recent win form: home 56.8% / away 50.1% | offense quality (park-adj.): home 101.4 / away 97.1 | recent runs allowed: home 3.98 / away 4.33 | starter K-BB% (season): home 9.6% / away 17.0% | recent runs scored: home 4.90 / away 4.13 | starter's current-form FIP: home 8.12 / away 3.39,"Atlanta Braves favored mainly on recent win form, offense quality (park-adj.) and recent runs allowed.",2026-07-22T18:24:17,Atlanta Braves,True
2026-07-22,822873,Texas Rangers,Chicago White Sox,Chicago White Sox,0.4978354978354978,0.5021645021645023,recent win form: home 50.4% / away 51.3% | offense quality (park-adj.): home 91.4 / away 98.3 | recent runs allowed: home 4.41 / away 4.39 | starter K-BB% (season): home 12.3% / away 13.9% | recent runs scored: home 4.21 / away 4.70 | starter's current-form FIP: home 0.43 / away 4.98,"Chicago White Sox favored mainly on recent win form, offense quality (park-adj.) and recent runs allowed.",2026-07-22T18:24:17,Chicago White Sox,True
2026-07-22,824650,Chicago Cubs,Detroit Tigers,Chicago Cubs,0.6018808777429467,0.6018808777429467,recent win form: home 56.5% / away 47.3% | offense quality (park-adj.): home 103.5 / away 103.2 | recent runs allowed: home 4.41 / away 4.03 | starter K-BB% (season): home 11.9% / away 10.0% | recent runs scored: home 5.11 / away 4.28 | starter's current-form FIP: home 5.00 / away 3.05,"Chicago Cubs favored mainly on recent win form, offense quality (park-adj.) and starter K-BB% (season).",2026-07-22T18:24:17,Detroit Tigers,False
2026-07-22,824166,Houston Astros,Miami Marlins,Miami Marlins,0.4978354978354978,0.5021645021645023,recent win form: home 48.2% / away 50.7% | offense quality (park-adj.): home 98.3 / away 107.0 | recent runs allowed: home 4.92 / away 4.39 | starter K-BB% (season): home 13.9% / away 11.4% | recent runs scored: home 4.51 / away 4.45 | starter's current-form FIP: home 2.08 / away 2.86,"Miami Marlins favored mainly on recent win form, offense quality (park-adj.) and recent runs allowed.",2026-07-22T18:24:17,Houston Astros,False
2026-07-23,824893,Atlanta Braves,San Diego Padres,Atlanta Braves,0.6183385579937304,0.6183385579937304,recent win form: home 57.2% / away 49.7% | offense quality (park-adj.): home 100.7 / away 97.1 | recent runs allowed: home 3.99 / away 4.35 | starter K-BB% (season): home 26.1% / away 13.4% | recent runs scored: home 4.92 / away 4.15 | starter's current-form FIP: home 3.57 / away 2.60,"Atlanta Braves favored mainly on recent win form, offense quality (park-adj.) and recent runs allowed.",2026-07-23T17:58:12,Atlanta Braves,True
2026-07-23,824406,Cleveland Guardians,Minnesota Twins,Minnesota Twins,0.4978354978354978,0.5021645021645023,recent win form: home 52.6% / away 48.0% | offense quality (park-adj.): home 96.4 / away 98.5 | recent runs allowed: home 4.07 / away 5.08 | starter K-BB% (season): home 13.3% / away 11.7% | recent runs scored: home 4.03 / away 4.74 | starter's current-form FIP: home 4.12 / away 4.31,"Minnesota Twins favored mainly on offense quality (park-adj.), recent runs scored and starter xwOBA against.",2026-07-23T17:58:12,Minnesota Twins,True
2026-07-23,822785,Toronto Blue Jays,Tampa Bay Rays,Tampa Bay Rays,0.4457751164337991,0.5542248835662009,recent win form: home 46.5% / away 57.3% | offense quality (park-adj.): home 105.1 / away 105.5 | recent runs allowed: home 4.55 / away 4.22 | starter K-BB% (season): home 17.4% / away 13.7% | recent runs scored: home 4.04 / away 4.52 | starter's current-form FIP: home 5.62 / away 2.43,"Tampa Bay Rays favored mainly on recent win form, offense quality (park-adj.) and recent runs allowed.",2026-07-23T17:58:12,Toronto Blue Jays,False
2026-07-23,823042,St. Louis Cardinals,Arizona Diamondbacks,Arizona Diamondbacks,0.4978354978354978,0.5021645021645023,recent win form: home 51.1% / away 51.7% | offense quality (park-adj.): home 96.3 / away 104.2 | recent runs allowed: home 4.46 / away 4.54 | starter K-BB% (season): home 9.5% / away 14.3% | recent runs scored: home 4.42 / away 4.51 | starter's current-form FIP: home 3.48 / away 1.70,"Arizona Diamondbacks favored mainly on recent win form, offense quality (park-adj.) and starter K-BB% (season).",2026-07-23T17:58:12,Arizona Diamondbacks,True
2026-07-23,824247,Detroit Tigers,Kansas City Royals,Detroit Tigers,0.6183385579937304,0.6183385579937304,recent win form: home 47.8% / away 42.7% | offense quality (park-adj.): home 103.2 / away 102.4 | recent runs allowed: home 4.00 / away 5.05 | starter K-BB% (season): home 11.6% / away -5.3% | recent runs scored: home 4.29 / away 4.23 | starter's current-form FIP: home 1.25 / away 7.48,"Detroit Tigers favored mainly on recent win form, offense quality (park-adj.) and recent runs allowed.",2026-07-23T17:58:12,Detroit Tigers,True
2026-07-24,823759,Milwaukee Brewers,Colorado Rockies,Milwaukee Brewers,0.7045454545454546,0.7045454545454546,recent win form: home 62.4% / away 38.1% | offense quality (park-adj.): home 100.6 / away 84.4 | recent runs allowed: home 3.75 / away 5.79 | starter K-BB% (season): home 13.9% / away 10.4% | recent runs scored: home 5.03 / away 4.65 | starter's current-form FIP: home 2.45 / away 5.87,"Milwaukee Brewers favored mainly on recent win form, offense quality (park-adj.) and recent runs allowed.",2026-07-24T18:05:17,Colorado Rockies,False
2026-07-24,824248,Detroit Tigers,Kansas City Royals,Detroit Tigers,0.6183385579937304,0.6183385579937304,recent win form: home 48.2% / away 42.3% | offense quality (park-adj.): home 105.7 / away 93.6 | recent runs allowed: home 3.99 / away 5.04 | starter K-BB% (season): home 29.2% / away 13.9% | recent runs scored: home 4.29 / away 4.22 | starter's current-form FIP: home 1.69 / away 5.22,"Detroit Tigers favored mainly on recent win form, offense quality (park-adj.) and recent runs allowed.",2026-07-24T18:05:17,Detroit Tigers,True
2026-07-24,823352,Pittsburgh Pirates,Chicago Cubs,Chicago Cubs,0.4978354978354978,0.5021645021645023,recent win form: home 50.7% / away 56.0% | offense quality (park-adj.): home 92.1 / away 103.4 | recent runs allowed: home 4.69 / away 4.41 | starter K-BB% (season): home 13.9% / away 15.2% | recent runs scored: home 5.10 / away 5.08 | starter's current-form FIP: home 0.63 / away 3.65,"Chicago Cubs favored mainly on recent win form, offense quality (park-adj.) and recent runs allowed.",2026-07-24T18:05:17,Chicago Cubs,True
2026-07-24,822707,Washington Nationals,Arizona Diamondbacks,Washington Nationals,0.5275590551181102,0.5275590551181102,recent win form: home 49.5% / away 52.1% | offense quality (park-adj.): home 89.8 / away 101.2 | recent runs allowed: home 5.28 / away 4.55 | starter K-BB% (season): home 1.1% / away 12.0% | recent runs scored: home 5.37 / away 4.56 | starter's current-form FIP: home 2.75 / away 4.87,"Washington Nationals favored mainly on recent runs scored, starter's current-form FIP and starter's current-form K-BB%.",2026-07-24T18:05:17,Arizona Diamondbacks,False
2026-07-24,823434,Philadelphia Phillies,New York Yankees,New York Yankees,0.4978354978354978,0.5021645021645023,recent win form: home 54.9% / away 56.1% | offense quality (park-adj.): home 103.2 / away 114.4 | recent runs allowed: home 4.44 / away 3.88 | starter K-BB% (season): home 21.1% / away 18.6% | recent runs scored: home 4.40 / away 4.76 | starter's current-form FIP: home 1.49 / away 2.78,"New York Yankees favored mainly on recent win form, offense quality (park-adj.) and recent runs allowed.",2026-07-24T18:05:17,New York Yankees,True
2026-07-24,824812,Baltimore Orioles,Atlanta Braves,Atlanta Braves,0.4642857142857143,0.5357142857142857,recent win form: home 48.3% / away 57.6% | offense quality (park-adj.): home 96.3 / away 100.7 | recent runs allowed: home 4.72 / away 4.00 | starter K-BB% (season): home 17.5% / away 14.0% | recent runs scored: home 4.54 / away 4.93 | starter's current-form FIP: home 3.39 / away 3.57,"Atlanta Braves favored mainly on recent win form, offense quality (park-adj.) and recent runs allowed.",2026-07-24T18:05:17,Atlanta Braves,True
2026-07-24,823601,New York Mets,Los Angeles Dodgers,Los Angeles Dodgers,0.4457751164337991,0.5542248835662009,recent win form: home 42.7% / away 62.5% | offense quality (park-adj.): home 113.8 / away 109.8 | recent runs allowed: home 4.66 / away 3.73 | starter K-BB% (season): home 24.0% / away 3.4% | recent runs scored: home 4.14 / away 5.18 | starter's current-form FIP: home 6.46 / away 6.58,"Los Angeles Dodgers favored mainly on recent win form, recent runs allowed and recent runs scored.",2026-07-24T18:05:17,Los Angeles Dodgers,True
2026-07-24,822952,Tampa Bay Rays,Cleveland Guardians,Tampa Bay Rays,0.5441176470588234,0.5441176470588234,recent win form: home 56.8% / away 52.2% | offense quality (park-adj.): home 95.7 / away 95.0 | recent runs allowed: home 4.21 / away 4.06 | starter K-BB% (season): home 13.9% / away 16.3% | recent runs scored: home 4.49 / away 4.01 | starter's current-form FIP: home 2.98 / away 1.63,"Tampa Bay Rays favored mainly on recent win form, offense quality (park-adj.) and recent runs scored.",2026-07-24T18:05:17,Tampa Bay Rays,True
2026-07-24,823843,Miami Marlins,San Diego Padres,Miami Marlins,0.6018808777429467,0.6018808777429467,recent win form: home 50.3% / away 49.3% | offense quality (park-adj.): home 110.3 / away 101.2 | recent runs allowed: home 4.39 / away 4.37 | starter K-BB% (season): home 13.5% / away 5.9% | recent runs scored: home 4.43 / away 4.16 | starter's current-form FIP: home 3.48 / away 6.43,"Miami Marlins favored mainly on recent win form, offense quality (park-adj.) and starter K-BB% (season).",2026-07-24T18:05:17,San Diego Padres,False
2026-07-24,824733,Boston Red Sox,Toronto Blue Jays,Toronto Blue Jays,0.459727385377943,0.540272614622057,recent win form: home 51.9% / away 46.9% | offense quality (park-adj.): home 98.8 / away 104.7 | recent runs allowed: home 3.81 / away 4.52 | starter K-BB% (season): home 13.9% / away 21.6% | recent runs scored: home 4.29 / away 4.04 | starter's current-form FIP: home 2.99 / away 4.93,"Toronto Blue Jays favored mainly on offense quality (park-adj.), starter K-BB% (season) and starter FIP (season).",2026-07-24T18:05:17,Boston Red Sox,False
2026-07-24,824573,Chicago White Sox,Houston Astros,Chicago White Sox,0.6183385579937304,0.6183385579937304,recent win form: home 51.7% / away 48.7% | offense quality (park-adj.): home 93.6 / away 98.3 | recent runs allowed: home 4.37 / away 4.89 | starter K-BB% (season): home 9.3% / away 7.1% | recent runs scored: home 4.70 / away 4.52 | starter's current-form FIP: home 4.10 / away 6.30,"Chicago White Sox favored mainly on recent win form, recent runs allowed and starter K-BB% (season).",2026-07-24T18:05:17,Houston Astros,False
2026-07-24,822872,Texas Rangers,Seattle Mariners,Texas Rangers,0.5441176470588234,0.5441176470588234,recent win form: home 50.0% / away 50.1% | offense quality (park-adj.): home 93.0 / away 107.6 | recent runs allowed: home 4.40 / away 3.91 | starter K-BB% (season): home 17.8% / away 9.8% | recent runs scored: home 4.19 / away 4.10 | starter's current-form FIP: home 5.69 / away 3.50,"Texas Rangers favored mainly on starter K-BB% (season), recent runs scored and trailing win% (last 10).",2026-07-24T18:05:17,Texas Rangers,True
2026-07-24,823680,Minnesota Twins,Athletics,Minnesota Twins,0.5441176470588234,0.5441176470588234,recent win form: home 48.4% / away 42.7% | offense quality (park-adj.): home 98.3 / away 96.9 | recent runs allowed: home 5.05 / away 5.62 | starter K-BB% (season): home 18.1% / away 19.0% | recent runs scored: home 4.73 / away 4.49 | starter's current-form FIP: home 7.12 / away 2.10,"Minnesota Twins favored mainly on recent win form, offense quality (park-adj.) and recent runs allowed.",2026-07-24T18:05:17,Athletics,False
2026-07-24,823031,St. Louis Cardinals,Cincinnati Reds,Cincinnati Reds,0.4978354978354978,0.5021645021645023,recent win form: home 50.7% / away 47.0% | offense quality (park-adj.): home 96.5 / away 94.9 | recent runs allowed: home 4.51 / away 4.75 | starter K-BB% (season): home 11.5% / away 13.9% | recent runs scored: home 4.43 / away 4.21 | starter's current-form FIP: home 2.37 / away 4.13,"Cincinnati Reds favored mainly on starter K-BB% (season), trailing win% (last 10) and starter's current-form K-BB%.",2026-07-24T18:05:17,Cincinnati Reds,True
2026-07-24,823196,San Francisco Giants,Los Angeles Angels,San Francisco Giants,0.5441176470588234,0.5441176470588234,recent win form: home 42.1% / away 40.3% | offense quality (park-adj.): home 101.0 / away 96.5 | recent runs allowed: home 4.66 / away 4.89 | starter K-BB% (season): home 20.8% / away 13.9% | recent runs scored: home 4.12 / away 4.28 | starter's current-form FIP: home 6.04 / away 4.56,"San Francisco Giants favored mainly on recent win form, offense quality (park-adj.) and recent runs allowed.",2026-07-24T18:05:17,San Francisco Giants,True
2026-07-25,824244,Detroit Tigers,Kansas City Royals,Detroit Tigers,0.6183385579937304,0.6183385579937304,recent win form: home 48.7% / away 41.9% | offense quality (park-adj.): home 103.2 / away 102.4 | recent runs allowed: home 3.97 / away 5.02 | starter K-BB% (season): home 16.3% / away 11.3% | recent runs scored: home 4.27 / away 4.19 | starter's current-form FIP: home 3.10 / away 6.04,"Detroit Tigers favored mainly on recent win form, offense quality (park-adj.) and recent runs allowed.",2026-07-25T21:13:56,Kansas City Royals,False
2026-07-25,822704,Washington Nationals,Arizona Diamondbacks,Arizona Diamondbacks,0.4457751164337991,0.5542248835662009,recent win form: home 49.0% / away 52.5% | offense quality (park-adj.): home 97.4 / away 103.4 | recent runs allowed: home 5.26 / away 4.53 | starter K-BB% (season): home 13.9% / away 13.9% | recent runs scored: home 5.34 / away 4.55 | starter's current-form FIP: home 2.73 / away 7.13,"Arizona Diamondbacks favored mainly on recent win form, offense quality (park-adj.) and recent runs allowed.",2026-07-25T21:13:56,Washington Nationals,False
2026-07-25,823197,San Francisco Giants,Los Angeles Angels,Los Angeles Angels,0.4978354978354978,0.5021645021645023,recent win form: home 42.6% / away 39.9% | offense quality (park-adj.): home 104.7 / away 97.6 | recent runs allowed: home 4.68 / away 4.91 | starter K-BB% (season): home 15.0% / away 15.3% | recent runs scored: home 4.14 / away 4.29 | starter's current-form FIP: home 4.30 / away 6.60,"Los Angeles Angels favored mainly on starter K-BB% (season), recent runs scored and starter's current-form K-BB%.",2026-07-25T21:13:56,San Francisco Giants,False
2026-07-25,824734,Boston Red Sox,Toronto Blue Jays,Toronto Blue Jays,0.4978354978354978,0.5021645021645023,recent win form: home 52.3% / away 46.5% | offense quality (park-adj.): home 98.8 / away 105.1 | recent runs allowed: home 3.82 / away 4.53 | starter K-BB% (season): home 21.6% / away 20.1% | recent runs scored: home 4.30 / away 4.04 | starter's current-form FIP: home 4.04 / away 2.48,"Toronto Blue Jays favored mainly on offense quality (park-adj.), starter's current-form FIP and starter's current-form K-BB%.",2026-07-25T21:13:56,Toronto Blue Jays,True
2026-07-25,823841,Miami Marlins,San Diego Padres,Miami Marlins,0.6018808777429467,0.6018808777429467,recent win form: home 49.9% / away 49.7% | offense quality (park-adj.): home 110.3 / away 101.2 | recent runs allowed: home 4.39 / away 4.34 | starter K-BB% (season): home 19.0% / away 4.6% | recent runs scored: home 4.41 / away 4.16 | starter's current-form FIP: home 1.47 / away 5.92,"Miami Marlins favored mainly on recent win form, offense quality (park-adj.) and starter K-BB% (season).",2026-07-25T21:13:56,San Diego Padres,False
2026-07-25,823435,Philadelphia Phillies,New York Yankees,New York Yankees,0.4978354978354978,0.5021645021645023,recent win form: home 54.4% / away 56.5% | offense quality (park-adj.): home 100.9 / away 114.4 | recent runs allowed: home 4.41 / away 3.85 | starter K-BB% (season): home 13.5% / away 15.1% | recent runs scored: home 4.36 / away 4.73 | starter's current-form FIP: home 1.48 / away 2.46,"New York Yankees favored mainly on recent win form, offense quality (park-adj.) and recent runs allowed.",2026-07-25T21:13:56,New York Yankees,True
2026-07-25,822948,Tampa Bay Rays,Cleveland Guardians,Tampa Bay Rays,0.5441176470588234,0.5441176470588234,recent win form: home 57.1% / away 51.7% | offense quality (park-adj.): home 105.5 / away 96.4 | recent runs allowed: home 4.20 / away 4.12 | starter K-BB% (season): home 10.6% / away 14.2% | recent runs scored: home 4.55 / away 4.00 | starter's current-form FIP: home 4.72 / away 5.44,"Tampa Bay Rays favored mainly on recent win form, offense quality (park-adj.) and recent runs scored.",2026-07-25T21:13:56,Tampa Bay Rays,True
2026-07-25,823355,Pittsburgh Pirates,Chicago Cubs,Pittsburgh Pirates,0.5441176470588234,0.5441176470588234,recent win form: home 50.2% / away 56.4% | offense quality (park-adj.): home 92.1 / away 103.5 | recent runs allowed: home 4.68 / away 4.39 | starter K-BB% (season): home 23.7% / away 15.9% | recent runs scored: home 5.07 / away 5.06 | starter's current-form FIP: home 1.68 / away 3.52,"Pittsburgh Pirates favored mainly on starter K-BB% (season), recent runs scored and starter's current-form FIP.",2026-07-25T21:13:56,Chicago Cubs,False
2026-07-25,824811,Baltimore Orioles,Atlanta Braves,Atlanta Braves,0.459727385377943,0.540272614622057,recent win form: home 47.9% / away 57.9% | offense quality (park-adj.): home 96.3 / away 101.4 | recent runs allowed: home 4.74 / away 4.02 | starter K-BB% (season): home 9.8% / away 11.8% | recent runs scored: home 4.55 / away 4.94 | starter's current-form FIP: home 3.47 / away 8.89,"Atlanta Braves favored mainly on recent win form, offense quality (park-adj.) and recent runs allowed.",2026-07-25T21:13:56,Baltimore Orioles,False
2026-07-25,823679,Minnesota Twins,Athletics,Minnesota Twins,0.5441176470588234,0.5441176470588234,recent win form: home 48.0% / away 43.2% | offense quality (park-adj.): home 98.3 / away 96.5 | recent runs allowed: home 5.02 / away 5.57 | starter K-BB% (season): home 13.9% / away -1.8% | recent runs scored: home 4.69 / away 4.47 | starter's current-form FIP: home 7.08 / away 4.08,"Minnesota Twins favored mainly on recent win form, offense quality (park-adj.) and recent runs allowed.",2026-07-25T21:13:56,Minnesota Twins,True
2026-07-25,824571,Chicago White Sox,Houston Astros,Houston Astros,0.4978354978354978,0.5021645021645023,recent win form: home 51.3% / away 49.1% | offense quality (park-adj.): home 93.6 / away 98.3 | recent runs allowed: home 4.41 / away 4.89 | starter K-BB% (season): home 11.7% / away 20.4% | recent runs scored: home 4.70 / away 4.55 | starter's current-form FIP: home 2.03 / away 7.33,"Houston Astros favored mainly on offense quality (park-adj.), starter K-BB% (season) and starter FIP (season).",2026-07-25T21:13:56,Houston Astros,True
2026-07-25,823758,Milwaukee Brewers,Colorado Rockies,Milwaukee Brewers,0.7045454545454546,0.7045454545454546,recent win form: home 61.9% / away 38.6% | offense quality (park-adj.): home 100.6 / away 84.4 | recent runs allowed: home 3.76 / away 5.76 | starter K-BB% (season): home 2.2% / away 9.6% | recent runs scored: home 5.01 / away 4.65 | starter's current-form FIP: home 5.08 / away 8.78,"Milwaukee Brewers favored mainly on recent win form, offense quality (park-adj.) and recent runs allowed.",2026-07-25T21:13:56,Milwaukee Brewers,True
2026-07-25,823600,New York Mets,Los Angeles Dodgers,Los Angeles Dodgers,0.4457751164337991,0.5542248835662009,recent win form: home 42.4% / away 62.8% | offense quality (park-adj.): home 113.8 / away 110.5 | recent runs allowed: home 4.65 / away 3.71 | starter K-BB% (season): home 21.8% / away 20.4% | recent runs scored: home 4.12 / away 5.17 | starter's current-form FIP: home 1.49 / away 3.01,"Los Angeles Dodgers favored mainly on recent win form, recent runs allowed and recent runs scored.",2026-07-25T21:13:56,Los Angeles Dodgers,True
2026-07-25,823027,St. Louis Cardinals,Cincinnati Reds,Cincinnati Reds,0.459727385377943,0.540272614622057,recent win form: home 50.2% / away 47.5% | offense quality (park-adj.): home 96.3 / away 94.9 | recent runs allowed: home 4.50 / away 4.72 | starter K-BB% (season): home 6.9% / away 24.7% | recent runs scored: home 4.41 / away 4.21 | starter's current-form FIP: home 3.98 / away 3.22,"Cincinnati Reds favored mainly on starter K-BB% (season), starter's current-form FIP and trailing win% (last 10).",2026-07-25T21:13:56,St. Louis Cardinals,False
2026-07-25,822869,Texas Rangers,Seattle Mariners,Seattle Mariners,0.4978354978354978,0.5021645021645023,recent win form: home 50.4% / away 49.7% | offense quality (park-adj.): home 93.0 / away 110.6 | recent runs allowed: home 4.40 / away 3.92 | starter K-BB% (season): home 21.8% / away 21.4% | recent runs scored: home 4.20 / away 4.10 | starter's current-form FIP: home 5.63 / away 4.08,"Seattle Mariners favored mainly on offense quality (park-adj.), recent runs allowed and starter's current-form FIP.",2026-07-25T21:13:56,Texas Rangers,False
2026-07-26,822950,Tampa Bay Rays,Cleveland Guardians,Tampa Bay Rays,0.5441176470588234,0.5441176470588234,recent win form: home 57.5% / away 51.3% | offense quality (park-adj.): home 95.7 / away 96.4 | recent runs allowed: home 4.16 / away 4.11 | starter K-BB% (season): home 15.4% / away 19.4% | recent runs scored: home 4.53 / away 3.96 | starter's current-form FIP: home 5.29 / away 4.72,"Tampa Bay Rays favored mainly on recent win form, recent runs scored and trailing win% (last 10).",2026-07-26T16:31:17,Tampa Bay Rays,True
2026-07-26,822706,Washington Nationals,Arizona Diamondbacks,Arizona Diamondbacks,0.4978354978354978,0.5021645021645023,recent win form: home 49.5% / away 52.1% | offense quality (park-adj.): home 97.4 / away 104.2 | recent runs allowed: home 5.24 / away 4.53 | starter K-BB% (season): home 9.4% / away 13.9% | recent runs scored: home 5.34 / away 4.53 | starter's current-form FIP: home 6.04 / away 2.30,"Arizona Diamondbacks favored mainly on recent win form, offense quality (park-adj.) and recent runs allowed.",2026-07-26T16:31:17,Washington Nationals,False
2026-07-26,823354,Pittsburgh Pirates,Chicago Cubs,Chicago Cubs,0.4978354978354978,0.5021645021645023,recent win form: home 49.8% / away 56.7% | offense quality (park-adj.): home 96.0 / away 103.5 | recent runs allowed: home 4.73 / away 4.35 | starter K-BB% (season): home 16.1% / away 14.0% | recent runs scored: home 5.03 / away 5.11 | starter's current-form FIP: home 6.76 / away 5.33,"Chicago Cubs favored mainly on recent win form, offense quality (park-adj.) and recent runs allowed.",2026-07-26T16:31:17,Pittsburgh Pirates,False
2026-07-26,824730,Boston Red Sox,Toronto Blue Jays,Boston Red Sox,0.5441176470588234,0.5441176470588234,recent win form: home 51.8% / away 47.0% | offense quality (park-adj.): home 98.8 / away 104.0 | recent runs allowed: home 3.84 / away 4.49 | starter K-BB% (season): home 17.3% / away 17.2% | recent runs scored: home 4.26 / away 4.05 | starter's current-form FIP: home 1.40 / away 2.83,"Boston Red Sox favored mainly on recent win form, recent runs allowed and starter K-BB% (season).",2026-07-26T16:31:17,Boston Red Sox,True
2026-07-26,824810,Baltimore Orioles,Atlanta Braves,Atlanta Braves,0.4978354978354978,0.5021645021645023,recent win form: home 48.3% / away 57.4% | offense quality (park-adj.): home 96.3 / away 101.4 | recent runs allowed: home 4.72 / away 4.01 | starter K-BB% (season): home 15.8% / away -4.0% | recent runs scored: home 4.54 / away 4.92 | starter's current-form FIP: home 1.48 / away 6.03,"Atlanta Braves favored mainly on recent win form, offense quality (park-adj.) and recent runs allowed.",2026-07-26T16:31:17,Atlanta Braves,True
2026-07-26,824246,Detroit Tigers,Kansas City Royals,Detroit Tigers,0.5441176470588234,0.5441176470588234,recent win form: home 48.2% / away 42.4% | offense quality (park-adj.): home 103.2 / away 93.6 | recent runs allowed: home 3.96 / away 4.99 | starter K-BB% (season): home 14.8% / away 17.9% | recent runs scored: home 4.25 / away 4.18 | starter's current-form FIP: home 3.34 / away 3.10,"Detroit Tigers favored mainly on recent win form, offense quality (park-adj.) and recent runs allowed.",2026-07-26T16:31:17,Kansas City Royals,False
2026-07-26,823599,New York Mets,Los Angeles Dodgers,Los Angeles Dodgers,0.4074074074074074,0.5925925925925926,recent win form: home 42.0% / away 63.2% | offense quality (park-adj.): home 113.8 / away 110.5 | recent runs allowed: home 4.65 / away 3.71 | starter K-BB% (season): home 19.2% / away 20.6% | recent runs scored: home 4.11 / away 5.16 | starter's current-form FIP: home 5.89 / away 3.43,"Los Angeles Dodgers favored mainly on recent win form, recent runs allowed and starter K-BB% (season).",2026-07-26T16:31:17,New York Mets,False
2026-07-26,823840,Miami Marlins,San Diego Padres,Miami Marlins,0.6018808777429467,0.6018808777429467,recent win form: home 49.4% / away 50.1% | offense quality (park-adj.): home 110.3 / away 101.2 | recent runs allowed: home 4.41 / away 4.32 | starter K-BB% (season): home 14.3% / away 5.5% | recent runs scored: home 4.39 / away 4.18 | starter's current-form FIP: home 5.81 / away 7.28,"Miami Marlins favored mainly on offense quality (park-adj.), starter K-BB% (season) and recent runs scored.",2026-07-26T16:31:17,San Diego Padres,False
2026-07-26,823678,Minnesota Twins,Athletics,Minnesota Twins,0.6183385579937304,0.6183385579937304,recent win form: home 48.5% / away 42.8% | offense quality (park-adj.): home 98.3 / away 96.5 | recent runs allowed: home 4.98 / away 5.54 | starter K-BB% (season): home 13.9% / away 11.8% | recent runs scored: home 4.66 / away 4.43 | starter's current-form FIP: home 3.92 / away 8.28,"Minnesota Twins favored mainly on recent win form, offense quality (park-adj.) and recent runs allowed.",2026-07-26T16:31:17,Minnesota Twins,True
2026-07-26,824572,Chicago White Sox,Houston Astros,Chicago White Sox,0.5441176470588234,0.5441176470588234,recent win form: home 50.8% / away 49.5% | offense quality (park-adj.): home 93.6 / away 98.3 | recent runs allowed: home 4.41 / away 4.86 | starter K-BB% (season): home 2.6% / away 14.1% | recent runs scored: home 4.67 / away 4.55 | starter's current-form FIP: home 3.31 / away 7.17,"Chicago White Sox favored mainly on recent win form, recent runs allowed and recent runs scored.",2026-07-26T16:31:17,Chicago White Sox,True
2026-07-26,823755,Milwaukee Brewers,Colorado Rockies,Milwaukee Brewers,0.6183385579937304,0.6183385579937304,recent win form: home 62.2% / away 38.3% | offense quality (park-adj.): home 100.2 / away 84.4 | recent runs allowed: home 3.78 / away 5.78 | starter K-BB% (season): home 21.6% / away 12.1% | recent runs scored: home 5.03 / away 4.65 | starter's current-form FIP: home 3.16 / away 4.75,"Milwaukee Brewers favored mainly on recent win form, offense quality (park-adj.) and recent runs allowed.",2026-07-26T16:31:17,Milwaukee Brewers,True
2026-07-26,823028,St. Louis Cardinals,Cincinnati Reds,St. Louis Cardinals,0.5441176470588234,0.5441176470588234,recent win form: home 50.7% / away 47.1% | offense quality (park-adj.): home 96.7 / away 94.9 | recent runs allowed: home 4.46 / away 4.74 | starter K-BB% (season): home 14.3% / away 15.5% | recent runs scored: home 4.43 / away 4.17 | starter's current-form FIP: home 2.74 / away 2.73,"St. Louis Cardinals favored mainly on recent win form, offense quality (park-adj.) and recent runs allowed.",2026-07-26T16:31:17,Cincinnati Reds,False
2026-07-26,822870,Texas Rangers,Seattle Mariners,Seattle Mariners,0.4978354978354978,0.5021645021645023,recent win form: home 50.9% / away 49.3% | offense quality (park-adj.): home 93.0 / away 110.6 | recent runs allowed: home 4.37 / away 3.94 | starter K-BB% (season): home 22.1% / away 25.3% | recent runs scored: home 4.22 / away 4.07 | starter's current-form FIP: home 1.96 / away 2.00,"Seattle Mariners favored mainly on offense quality (park-adj.), recent runs allowed and starter K-BB% (season).",2026-07-26T16:31:17,Seattle Mariners,True
2026-07-26,823194,San Francisco Giants,Los Angeles Angels,Los Angeles Angels,0.4978354978354978,0.5021645021645023,recent win form: home 43.1% / away 39.6% | offense quality (park-adj.): home 104.7 / away 97.6 | recent runs allowed: home 4.65 / away 4.94 | starter K-BB% (season): home 3.9% / away 10.2% | recent runs scored: home 4.18 / away 4.27 | starter's current-form FIP: home 4.88 / away 2.71,"Los Angeles Angels favored mainly on starter K-BB% (season), recent runs scored and starter's current-form FIP.",2026-07-26T16:31:17,Los Angeles Angels,True
2026-07-26,823433,Philadelphia Phillies,New York Yankees,Philadelphia Phillies,0.5826086956521739,0.5826086956521739,recent win form: home 53.9% / away 56.9% | offense quality (park-adj.): home 103.2 / away 114.4 | recent runs allowed: home 4.40 / away 3.83 | starter K-BB% (season): home 20.8% / away 14.9% | recent runs scored: home 4.33 / away 4.71 | starter's current-form FIP: home 4.89 / away 6.80,"Philadelphia Phillies favored mainly on starter K-BB% (season), starter's current-form FIP and starter's current-form K-BB%.",2026-07-26T16:31:17,Philadelphia Phillies,True
2026-08-01,822781,Toronto Blue Jays,St. Louis Cardinals,St. Louis Cardinals,0.4978354978354978,0.5021645021645023,recent win form: home 47.5% / away 49.0% | offense quality (park-adj.): home 104.7 / away 96.3 | recent runs allowed: home 4.46 / away 4.50 | starter K-BB% (season): home 17.2% / away 13.9% | recent runs scored: home 4.03 / away 4.33 | starter's current-form FIP: home 2.32 / away 5.22,"St. Louis Cardinals favored mainly on recent win form, recent runs scored and starter barrel% allowed.",2026-08-01T16:30:04,Toronto Blue Jays,False
2026-08-01,823109,Seattle Mariners,Minnesota Twins,Seattle Mariners,0.5441176470588234,0.5441176470588234,recent win form: home 48.5% / away 49.7% | offense quality (park-adj.): home 109.6 / away 98.5 | recent runs allowed: home 4.01 / away 4.94 | starter K-BB% (season): home 25.3% / away 13.9% | recent runs scored: home 4.06 / away 4.66 | starter's current-form FIP: home 2.55 / away 2.68,"Seattle Mariners favored mainly on offense quality (park-adj.), recent runs allowed and starter K-BB% (season).",2026-08-01T16:30:04,Seattle Mariners,True
2026-08-01,822944,Tampa Bay Rays,Chicago White Sox,Tampa Bay Rays,0.5441176470588234,0.5441176470588234,recent win form: home 57.6% / away 51.6% | offense quality (park-adj.): home 105.5 / away 93.6 | recent runs allowed: home 4.09 / away 4.37 | starter K-BB% (season): home 15.4% / away 8.3% | recent runs scored: home 4.42 / away 4.71 | starter's current-form FIP: home 2.19 / away 3.96,"Tampa Bay Rays favored mainly on recent win form, offense quality (park-adj.) and recent runs allowed.",2026-08-01T16:30:04,Tampa Bay Rays,True
2026-08-01,823594,New York Mets,Miami Marlins,Miami Marlins,0.4457751164337991,0.5542248835662009,recent win form: home 43.2% / away 50.3% | offense quality (park-adj.): home 113.8 / away 107.0 | recent runs allowed: home 4.55 / away 4.39 | starter K-BB% (season): home 13.9% / away 8.9% | recent runs scored: home 4.16 / away 4.39 | starter's current-form FIP: home 3.15 / away 5.23,"Miami Marlins favored mainly on recent win form, recent runs allowed and recent runs scored.",2026-08-01T16:30:04,Miami Marlins,True
2026-08-01,824485,Cincinnati Reds,Pittsburgh Pirates,Pittsburgh Pirates,0.4978354978354978,0.5021645021645023,recent win form: home 48.1% / away 49.0% | offense quality (park-adj.): home 94.9 / away 92.1 | recent runs allowed: home 4.71 / away 4.75 | starter K-BB% (season): home 15.5% / away 16.1% | recent runs scored: home 4.17 / away 5.00 | starter's current-form FIP: home 3.98 / away 6.03,"Pittsburgh Pirates favored mainly on recent win form, starter K-BB% (season) and recent runs scored.",2026-08-01T16:30:04,Pittsburgh Pirates,True
2026-08-01,824808,Baltimore Orioles,Philadelphia Phillies,Philadelphia Phillies,0.459727385377943,0.540272614622057,recent win form: home 48.8% / away 52.6% | offense quality (park-adj.): home 89.3 / away 103.2 | recent runs allowed: home 4.81 / away 4.44 | starter K-BB% (season): home 15.8% / away 20.8% | recent runs scored: home 4.57 / away 4.38 | starter's current-form FIP: home 1.23 / away 2.28,"Philadelphia Phillies favored mainly on recent win form, offense quality (park-adj.) and recent runs allowed.",2026-08-01T16:30:04,Philadelphia Phillies,True
2026-08-01,824162,Houston Astros,Texas Rangers,Texas Rangers,0.4978354978354978,0.5021645021645023,recent win form: home 50.8% / away 50.0% | offense quality (park-adj.): home 98.3 / away 93.0 | recent runs allowed: home 4.86 / away 4.38 | starter K-BB% (season): home 14.1% / away 22.1% | recent runs scored: home 4.61 / away 4.17 | starter's current-form FIP: home 7.70 / away 1.60,"Texas Rangers favored mainly on recent runs allowed, starter K-BB% (season) and starter's current-form FIP.",2026-08-01T16:30:04,Houston Astros,False
2026-08-01,824405,Cleveland Guardians,Arizona Diamondbacks,Cleveland Guardians,0.5441176470588234,0.5441176470588234,recent win form: home 50.8% / away 52.4% | offense quality (park-adj.): home 95.0 / away 101.2 | recent runs allowed: home 4.05 / away 4.52 | starter K-BB% (season): home 19.4% / away 13.9% | recent runs scored: home 3.91 / away 4.55 | starter's current-form FIP: home 3.72 / away 5.99,"Cleveland Guardians favored mainly on recent runs allowed, starter K-BB% (season) and starter's current-form FIP.",2026-08-01T16:30:04,Arizona Diamondbacks,False
2026-08-01,824890,Atlanta Braves,Washington Nationals,Atlanta Braves,0.6018808777429467,0.6018808777429467,recent win form: home 57.9% / away 48.7% | offense quality (park-adj.): home 101.4 / away 100.5 | recent runs allowed: home 4.02 / away 5.25 | starter K-BB% (season): home -4.0% / away 9.4% | recent runs scored: home 4.84 / away 5.31 | starter's current-form FIP: home 4.70 / away 7.39,"Atlanta Braves favored mainly on recent win form, offense quality (park-adj.) and recent runs allowed.",2026-08-01T16:30:04,Atlanta Braves,True
2026-08-01,824649,Chicago Cubs,New York Yankees,New York Yankees,0.4978354978354978,0.5021645021645023,recent win form: home 56.4% / away 56.5% | offense quality (park-adj.): home 103.5 / away 114.4 | recent runs allowed: home 4.30 / away 3.85 | starter K-BB% (season): home 11.8% / away 16.6% | recent runs scored: home 5.10 / away 4.68 | starter's current-form FIP: home 4.77 / away 1.83,"New York Yankees favored mainly on recent win form, offense quality (park-adj.) and recent runs allowed.",2026-08-01T16:30:04,Chicago Cubs,False
2026-08-01,824326,Colorado Rockies,Kansas City Royals,Colorado Rockies,0.5441176470588234,0.5441176470588234,recent win form: home 37.9% / away 42.3% | offense quality (park-adj.): home 84.4 / away 102.4 | recent runs allowed: home 5.78 / away 4.90 | starter K-BB% (season): home 9.6% / away 17.9% | recent runs scored: home 4.61 / away 4.13 | starter's current-form FIP: home 10.39 / away 3.93,Colorado Rockies favored mainly on recent runs scored and rest.,2026-08-01T16:30:04,Colorado Rockies,True
2026-08-01,823269,San Diego Padres,San Francisco Giants,San Diego Padres,0.5826086956521739,0.5826086956521739,recent win form: home 51.4% / away 43.4% | offense quality (park-adj.): home 101.2 / away 104.7 | recent runs allowed: home 4.27 / away 4.61 | starter K-BB% (season): home 5.5% / away 10.7% | recent runs scored: home 4.20 / away 4.21 | starter's current-form FIP: home 5.95 / away 3.60,"San Diego Padres favored mainly on recent win form, recent runs allowed and trailing win% (last 10).",2026-08-01T16:30:04,San Diego Padres,True
2026-08-01,823920,Los Angeles Dodgers,Boston Red Sox,Los Angeles Dodgers,0.6183385579937304,0.6183385579937304,recent win form: home 62.2% / away 53.4% | offense quality (park-adj.): home 109.8 / away 98.8 | recent runs allowed: home 3.78 / away 3.79 | starter K-BB% (season): home 20.4% / away 14.7% | recent runs scored: home 5.14 / away 4.31 | starter's current-form FIP: home 3.62 / away 3.24,"Los Angeles Dodgers favored mainly on recent win form, offense quality (park-adj.) and recent runs allowed.",2026-08-01T16:30:04,Boston Red Sox,False
2026-08-01,824000,Los Angeles Angels,Milwaukee Brewers,Milwaukee Brewers,0.4978354978354978,0.5021645021645023,recent win form: home 38.8% / away 62.1% | offense quality (park-adj.): home 97.6 / away 100.6 | recent runs allowed: home 4.94 / away 3.83 | starter K-BB% (season): home 10.2% / away 2.2% | recent runs scored: home 4.23 / away 5.06 | starter's current-form FIP: home 2.75 / away 4.17,"Milwaukee Brewers favored mainly on recent win form, offense quality (park-adj.) and recent runs allowed.",2026-08-01T16:30:04,Milwaukee Brewers,True
2026-08-01,824972,Athletics,Detroit Tigers,Detroit Tigers,0.4457751164337991,0.5542248835662009,recent win form: home 41.5% / away 47.9% | offense quality (park-adj.): home 95.4 / away 103.2 | recent runs allowed: home 5.59 / away 3.99 | starter K-BB% (season): home 11.8% / away 14.8% | recent runs scored: home 4.39 / away 4.44 | starter's current-form FIP: home 5.26 / away 3.10,"Detroit Tigers favored mainly on recent win form, offense quality (park-adj.) and recent runs allowed.",2026-08-01T16:30:04,Detroit Tigers,True
2026-08-02,824807,Baltimore Orioles,Philadelphia Phillies,Philadelphia Phillies,0.4457751164337991,0.5542248835662009,recent win form: home 48.4% / away 52.9% | offense quality (park-adj.): home 96.3 / away 103.2 | recent runs allowed: home 4.82 / away 4.41 | starter K-BB% (season): home 29.4% / away 27.7% | recent runs scored: home 4.53 / away 4.39 | starter's current-form FIP: home 2.29 / away 2.98,"Philadelphia Phillies favored mainly on recent win form, offense quality (park-adj.) and recent runs allowed.",2026-08-02T16:29:52,Philadelphia Phillies,True
2026-08-02,824891,Atlanta Braves,Washington Nationals,Washington Nationals,0.4978354978354978,0.5021645021645023,recent win form: home 58.2% / away 48.3% | offense quality (park-adj.): home 101.4 / away 97.4 | recent runs allowed: home 4.01 / away 5.27 | starter K-BB% (season): home 13.9% / away 11.4% | recent runs scored: home 4.87 / away 5.29 | starter's current-form FIP: home 5.46 / away 2.99,"Washington Nationals favored mainly on recent runs scored, starter's current-form FIP and starter's current-form K-BB%.",2026-08-02T16:29:52,Atlanta Braves,False
2026-08-02,822783,Toronto Blue Jays,St. Louis Cardinals,Toronto Blue Jays,0.6018808777429467,0.6018808777429467,recent win form: home 47.9% / away 48.6% | offense quality (park-adj.): home 104.0 / away 96.3 | recent runs allowed: home 4.43 / away 4.50 | starter K-BB% (season): home 15.4% / away 12.7% | recent runs scored: home 4.04 / away 4.30 | starter's current-form FIP: home 12.22 / away 3.43,"Toronto Blue Jays favored mainly on offense quality (park-adj.), recent runs allowed and starter K-BB% (season).",2026-08-02T16:29:52,St. Louis Cardinals,False
2026-08-02,824404,Cleveland Guardians,Arizona Diamondbacks,Cleveland Guardians,0.5441176470588234,0.5441176470588234,recent win form: home 50.4% / away 52.8% | offense quality (park-adj.): home 96.4 / away 104.2 | recent runs allowed: home 4.11 / away 4.55 | starter K-BB% (season): home 13.3% / away 15.9% | recent runs scored: home 3.94 / away 4.61 | starter's current-form FIP: home 2.45 / away 3.99,"Cleveland Guardians favored mainly on recent runs allowed, starter's current-form FIP and starter's current-form K-BB%.",2026-08-02T16:29:52,Cleveland Guardians,True
2026-08-02,824483,Cincinnati Reds,Pittsburgh Pirates,Cincinnati Reds,0.5441176470588234,0.5441176470588234,recent win form: home 47.7% / away 49.4% | offense quality (park-adj.): home 94.9 / away 96.0 | recent runs allowed: home 4.70 / away 4.72 | starter K-BB% (season): home 26.9% / away 13.2% | recent runs scored: home 4.14 / away 4.99 | starter's current-form FIP: home 4.37 / away 3.25,"Cincinnati Reds favored mainly on recent runs allowed, starter K-BB% (season) and trailing win% (last 10).",2026-08-02T16:29:52,Cincinnati Reds,True
2026-08-02,822943,Tampa Bay Rays,Chicago White Sox,Tampa Bay Rays,0.6018808777429467,0.6018808777429467,recent win form: home 58.0% / away 51.2% | offense quality (park-adj.): home 102.4 / away 93.6 | recent runs allowed: home 4.05 / away 4.34 | starter K-BB% (season): home 27.6% / away 13.9% | recent runs scored: home 4.39 / away 4.67 | starter's current-form FIP: home 2.26 / away 3.94,"Tampa Bay Rays favored mainly on recent win form, offense quality (park-adj.) and recent runs allowed.",2026-08-02T16:29:52,Chicago White Sox,False
2026-08-02,823592,New York Mets,Miami Marlins,Miami Marlins,0.4457751164337991,0.5542248835662009,recent win form: home 42.9% / away 50.7% | offense quality (park-adj.): home 113.8 / away 110.3 | recent runs allowed: home 4.56 / away 4.37 | starter K-BB% (season): home -20.0% / away 11.4% | recent runs scored: home 4.14 / away 4.41 | starter's current-form FIP: home 13.55 / away 5.10,"Miami Marlins favored mainly on recent win form, recent runs allowed and starter K-BB% (season).",2026-08-02T16:29:52,Miami Marlins,True
2026-08-02,824163,Houston Astros,Texas Rangers,Texas Rangers,0.4978354978354978,0.5021645021645023,recent win form: home 51.2% / away 49.6% | offense quality (park-adj.): home 98.3 / away 91.4 | recent runs allowed: home 4.85 / away 4.38 | starter K-BB% (season): home 13.9% / away 11.5% | recent runs scored: home 4.61 / away 4.17 | starter's current-form FIP: home 1.92 / away 4.85,"Texas Rangers favored mainly on recent runs allowed, rest and starter fastball velocity.",2026-08-02T16:29:52,Houston Astros,False
2026-08-02,824648,Chicago Cubs,New York Yankees,New York Yankees,0.4978354978354978,0.5021645021645023,recent win form: home 56.8% / away 56.1% | offense quality (park-adj.): home 103.4 / away 112.3 | recent runs allowed: home 4.29 / away 3.86 | starter K-BB% (season): home 11.9% / away 13.9% | recent runs scored: home 5.10 / away 4.66 | starter's current-form FIP: home 4.57 / away 2.89,"New York Yankees favored mainly on offense quality (park-adj.), recent runs allowed and starter K-BB% (season).",2026-08-02T16:29:52,New York Yankees,True
2026-08-02,824323,Colorado Rockies,Kansas City Royals,Kansas City Royals,0.4978354978354978,0.5021645021645023,recent win form: home 38.4% / away 42.0% | offense quality (park-adj.): home 84.4 / away 93.6 | recent runs allowed: home 5.78 / away 4.96 | starter K-BB% (season): home 12.1% / away 11.5% | recent runs scored: home 4.67 / away 4.15 | starter's current-form FIP: home 4.89 / away 2.99,"Kansas City Royals favored mainly on recent win form, offense quality (park-adj.) and recent runs allowed.",2026-08-02T16:29:52,Colorado Rockies,False
2026-08-02,823996,Los Angeles Angels,Milwaukee Brewers,Milwaukee Brewers,0.4444444444444445,0.5555555555555555,recent win form: home 38.5% / away 62.4% | offense quality (park-adj.): home 96.5 / away 100.3 | recent runs allowed: home 4.93 / away 3.80 | starter K-BB% (season): home 13.9% / away 21.6% | recent runs scored: home 4.20 / away 5.04 | starter's current-form FIP: home 3.79 / away 2.10,"Milwaukee Brewers favored mainly on recent win form, offense quality (park-adj.) and recent runs allowed.",2026-08-02T16:29:52,Los Angeles Angels,False
2026-08-02,824971,Athletics,Detroit Tigers,Detroit Tigers,0.4457751164337991,0.5542248835662009,recent win form: home 41.2% / away 48.3% | offense quality (park-adj.): home 96.9 / away 105.7 | recent runs allowed: home 5.61 / away 4.01 | starter K-BB% (season): home 13.9% / away 10.0% | recent runs scored: home 4.40 / away 4.47 | starter's current-form FIP: home 5.12 / away 3.58,"Detroit Tigers favored mainly on recent win form, offense quality (park-adj.) and recent runs allowed.",2026-08-02T16:29:52,Detroit Tigers,True
2026-08-02,823270,San Diego Padres,San Francisco Giants,San Diego Padres,0.6018808777429467,0.6018808777429467,recent win form: home 51.8% / away 43.1% | offense quality (park-adj.): home 101.2 / away 104.7 | recent runs allowed: home 4.28 / away 4.62 | starter K-BB% (season): home 17.0% / away 12.0% | recent runs scored: home 4.22 / away 4.21 | starter's current-form FIP: home 4.63 / away 3.76,"San Diego Padres favored mainly on recent win form, recent runs allowed and starter K-BB% (season).",2026-08-02T16:29:52,San Diego Padres,True
2026-08-02,823107,Seattle Mariners,Minnesota Twins,Seattle Mariners,0.5441176470588234,0.5441176470588234,recent win form: home 48.9% / away 49.3% | offense quality (park-adj.): home 110.6 / away 98.5 | recent runs allowed: home 4.00 / away 4.93 | starter K-BB% (season): home 20.7% / away 11.7% | recent runs scored: home 4.06 / away 4.65 | starter's current-form FIP: home 5.35 / away 3.71,"Seattle Mariners favored mainly on offense quality (park-adj.), recent runs allowed and starter K-BB% (season).",2026-08-02T16:29:52,Seattle Mariners,True
2026-08-02,823919,Los Angeles Dodgers,Boston Red Sox,Los Angeles Dodgers,0.6183385579937304,0.6183385579937304,recent win form: home 61.7% / away 53.8% | offense quality (park-adj.): home 110.2 / away 98.8 | recent runs allowed: home 3.78 / away 3.77 | starter K-BB% (season): home 20.6% / away 13.9% | recent runs scored: home 5.11 / away 4.30 | starter's current-form FIP: home 3.23 / away 3.82,"Los Angeles Dodgers favored mainly on recent win form, offense quality (park-adj.) and starter K-BB% (season).",2026-08-02T16:29:52,Boston Red Sox,False
2026-08-03,823431,Philadelphia Phillies,Washington Nationals,Philadelphia Phillies,0.5441176470588234,0.5441176470588234,recent win form: home 53.3% / away 47.9% | offense quality (park-adj.): home 100.9 / away 100.5 | recent runs allowed: home 4.37 / away 5.26 | starter K-BB% (season): home 17.5% / away 10.2% | recent runs scored: home 4.42 / away 5.26 | starter's current-form FIP: home 7.45 / away 4.01,"Philadelphia Phillies favored mainly on recent win form, offense quality (park-adj.) and recent runs allowed.",2026-08-03T19:00:25,Philadelphia Phillies,True
2026-08-03,823520,New York Yankees,St. Louis Cardinals,New York Yankees,0.6183385579937304,0.6183385579937304,recent win form: home 56.4% / away 49.0% | offense quality (park-adj.): home 112.3 / away 96.3 | recent runs allowed: home 3.84 / away 4.47 | starter K-BB% (season): home 18.6% / away 9.5% | recent runs scored: home 4.64 / away 4.31 | starter's current-form FIP: home 0.16 / away 4.77,"New York Yankees favored mainly on recent win form, offense quality (park-adj.) and recent runs allowed.",2026-08-03T19:00:25,St. Louis Cardinals,False
2026-08-03,823757,Milwaukee Brewers,Pittsburgh Pirates,Milwaukee Brewers,0.5441176470588234,0.5441176470588234,recent win form: home 61.9% / away 49.0% | offense quality (park-adj.): home 100.6 / away 96.0 | recent runs allowed: home 3.80 / away 4.77 | starter K-BB% (season): home 11.9% / away 21.8% | recent runs scored: home 5.00 / away 4.97 | starter's current-form FIP: home 6.17 / away 2.23,"Milwaukee Brewers favored mainly on recent win form, offense quality (park-adj.) and recent runs allowed.",2026-08-03T19:00:25,Pittsburgh Pirates,False
2026-08-03,824160,Houston Astros,Toronto Blue Jays,Houston Astros,0.5441176470588234,0.5441176470588234,recent win form: home 51.6% / away 47.6% | offense quality (park-adj.): home 98.3 / away 105.1 | recent runs allowed: home 4.83 / away 4.44 | starter K-BB% (season): home 12.1% / away 17.4% | recent runs scored: home 4.63 / away 4.02 | starter's current-form FIP: home 4.40 / away 3.54,"Houston Astros favored mainly on recent win form, recent runs scored and trailing win% (last 10).",2026-08-03T19:00:25,Toronto Blue Jays,False
2026-08-03,824324,Colorado Rockies,Tampa Bay Rays,Tampa Bay Rays,0.4457751164337991,0.5542248835662009,recent win form: home 38.9% / away 57.5% | offense quality (park-adj.): home 84.4 / away 105.5 | recent runs allowed: home 5.74 / away 4.09 | starter K-BB% (season): home 14.5% / away 18.6% | recent runs scored: home 4.70 / away 4.36 | starter's current-form FIP: home 5.07 / away 5.59,"Tampa Bay Rays favored mainly on recent win form, offense quality (park-adj.) and recent runs allowed.",2026-08-03T19:00:25,Tampa Bay Rays,True
2026-08-03,825095,Arizona Diamondbacks,San Diego Padres,San Diego Padres,0.4978354978354978,0.5021645021645023,recent win form: home 52.4% / away 52.2% | offense quality (park-adj.): home 104.2 / away 101.2 | recent runs allowed: home 4.55 / away 4.27 | starter K-BB% (season): home 14.3% / away 17.0% | recent runs scored: home 4.57 / away 4.23 | starter's current-form FIP: home 2.72 / away 4.63,"San Diego Padres favored mainly on recent runs allowed, starter K-BB% (season) and trailing win% (last 10).",2026-08-03T19:00:25,Arizona Diamondbacks,False
2026-08-04,824403,Cleveland Guardians,New York Mets,Cleveland Guardians,0.5441176470588234,0.5441176470588234,recent win form: home 50.8% / away 42.5% | offense quality (park-adj.): home 91.9 / away 102.0 | recent runs allowed: home 4.08 / away 4.54 | starter K-BB% (season): home 16.3% / away 24.0% | recent runs scored: home 3.95 / away 4.11 | starter's current-form FIP: home 2.31 / away 4.84,"Cleveland Guardians favored mainly on recent win form, recent runs allowed and starter's current-form FIP.",2026-08-04T18:20:22,New York Mets,False
2026-08-04,824484,Cincinnati Reds,Athletics,Athletics,0.4978354978354978,0.5021645021645023,recent win form: home 48.1% / away 40.8% | offense quality (park-adj.): home 94.9 / away 96.9 | recent runs allowed: home 4.68 / away 5.66 | starter K-BB% (season): home 14.4% / away 17.3% | recent runs scored: home 4.19 / away 4.37 | starter's current-form FIP: home 2.99 / away 4.94,"Athletics favored mainly on offense quality (park-adj.), starter K-BB% (season) and recent runs scored.",2026-08-04T18:20:22,Cincinnati Reds,False
2026-08-04,823432,Philadelphia Phillies,Washington Nationals,Philadelphia Phillies,0.6201298701298701,0.6201298701298701,recent win form: home 53.7% / away 47.5% | offense quality (park-adj.): home 100.9 / away 89.8 | recent runs allowed: home 4.36 / away 5.27 | starter K-BB% (season): home 21.1% / away 1.1% | recent runs scored: home 4.43 / away 5.25 | starter's current-form FIP: home 3.92 / away 4.93,"Philadelphia Phillies favored mainly on recent win form, offense quality (park-adj.) and recent runs allowed.",2026-08-04T18:20:22,Philadelphia Phillies,True
2026-08-04,823517,New York Yankees,St. Louis Cardinals,New York Yankees,0.6183385579937304,0.6183385579937304,recent win form: home 56.0% / away 49.4% | offense quality (park-adj.): home 112.3 / away 96.7 | recent runs allowed: home 3.91 / away 4.49 | starter K-BB% (season): home 15.1% / away 10.9% | recent runs scored: home 4.66 / away 4.38 | starter's current-form FIP: home 3.04 / away 3.56,"New York Yankees favored mainly on recent win form, offense quality (park-adj.) and recent runs allowed.",2026-08-04T18:20:22,New York Yankees,True
2026-08-04,824731,Boston Red Sox,Chicago White Sox,Chicago White Sox,0.4978354978354978,0.5021645021645023,recent win form: home 54.1% / away 51.6% | offense quality (park-adj.): home 98.8 / away 94.9 | recent runs allowed: home 3.77 / away 4.32 | starter K-BB% (season): home 13.9% / away 9.3% | recent runs scored: home 4.33 / away 4.71 | starter's current-form FIP: home 4.74 / away 2.92,Chicago White Sox favored mainly on recent runs scored and starter's current-form FIP.,2026-08-04T18:20:22,Boston Red Sox,False
2026-08-04,824888,Atlanta Braves,Miami Marlins,Atlanta Braves,0.5441176470588234,0.5441176470588234,recent win form: home 58.6% / away 51.1% | offense quality (park-adj.): home 101.4 / away 110.3 | recent runs allowed: home 3.99 / away 4.34 | starter K-BB% (season): home 14.0% / away 13.5% | recent runs scored: home 4.86 / away 4.39 | starter's current-form FIP: home 5.49 / away 5.13,"Atlanta Braves favored mainly on recent win form, recent runs allowed and starter K-BB% (season).",2026-08-04T18:20:22,Atlanta Braves,True
2026-08-04,824084,Kansas City Royals,Minnesota Twins,Minnesota Twins,0.4444444444444445,0.5555555555555555,recent win form: home 41.7% / away 48.9% | offense quality (park-adj.): home 102.4 / away 98.5 | recent runs allowed: home 4.99 / away 4.95 | starter K-BB% (season): home -5.3% / away 22.5% | recent runs scored: home 4.12 / away 4.66 | starter's current-form FIP: home 3.77 / away 7.54,"Minnesota Twins favored mainly on recent win form, recent runs allowed and starter K-BB% (season).",2026-08-04T18:20:22,Kansas City Royals,False
2026-08-04,823756,Milwaukee Brewers,Pittsburgh Pirates,Milwaukee Brewers,0.6018808777429467,0.6018808777429467,recent win form: home 61.4% / away 49.4% | offense quality (park-adj.): home 100.3 / away 96.0 | recent runs allowed: home 3.80 / away 4.75 | starter K-BB% (season): home 25.3% / away 13.9% | recent runs scored: home 4.98 / away 4.96 | starter's current-form FIP: home 3.42 / away 3.10,"Milwaukee Brewers favored mainly on recent win form, offense quality (park-adj.) and recent runs allowed.",2026-08-04T18:20:22,Milwaukee Brewers,True
2026-08-04,824645,Chicago Cubs,Los Angeles Dodgers,Los Angeles Dodgers,0.4457751164337991,0.5542248835662009,recent win form: home 56.7% / away 60.7% | offense quality (park-adj.): home 103.5 / away 110.5 | recent runs allowed: home 4.27 / away 3.86 | starter K-BB% (season): home 7.2% / away 29.2% | recent runs scored: home 5.11 / away 5.10 | starter's current-form FIP: home 4.10 / away 0.96,"Los Angeles Dodgers favored mainly on recent win form, offense quality (park-adj.) and recent runs allowed.",2026-08-04T18:20:22,Chicago Cubs,False
2026-08-04,822865,Texas Rangers,San Francisco Giants,Texas Rangers,0.6183385579937304,0.6183385579937304,recent win form: home 48.8% / away 43.2% | offense quality (park-adj.): home 93.0 / away 91.5 | recent runs allowed: home 4.41 / away 4.60 | starter K-BB% (season): home 17.8% / away 0.0% | recent runs scored: home 4.13 / away 4.22 | starter's current-form FIP: home 4.18 / away 7.23,"Texas Rangers favored mainly on recent win form, offense quality (park-adj.) and recent runs allowed.",2026-08-04T18:20:22,Texas Rangers,True
2026-08-04,824161,Houston Astros,Toronto Blue Jays,Toronto Blue Jays,0.459727385377943,0.540272614622057,recent win form: home 51.1% / away 48.0% | offense quality (park-adj.): home 98.3 / away 105.1 | recent runs allowed: home 4.82 / away 4.41 | starter K-BB% (season): home 17.6% / away 21.6% | recent runs scored: home 4.60 / away 4.01 | starter's current-form FIP: home 2.75 / away 3.88,"Toronto Blue Jays favored mainly on offense quality (park-adj.), recent runs allowed and starter K-BB% (season).",2026-08-04T18:20:22,Houston Astros,False
2026-08-04,824321,Colorado Rockies,Tampa Bay Rays,Tampa Bay Rays,0.4444444444444445,0.5555555555555555,recent win form: home 38.5% / away 57.8% | offense quality (park-adj.): home 84.4 / away 102.4 | recent runs allowed: home 5.80 / away 4.13 | starter K-BB% (season): home 13.9% / away 19.2% | recent runs scored: home 4.73 / away 4.43 | starter's current-form FIP: home 2.19 / away 5.73,"Tampa Bay Rays favored mainly on recent win form, offense quality (park-adj.) and recent runs allowed.",2026-08-04T18:20:22,Tampa Bay Rays,True
2026-08-04,825054,Arizona Diamondbacks,San Diego Padres,Arizona Diamondbacks,0.5826086956521739,0.5826086956521739,recent win form: home 52.7% / away 51.7% | offense quality (park-adj.): home 104.2 / away 97.1 | recent runs allowed: home 4.52 / away 4.28 | starter K-BB% (season): home 12.0% / away 4.6% | recent runs scored: home 4.57 / away 4.20 | starter's current-form FIP: home 3.88 / away 6.32,"Arizona Diamondbacks favored mainly on recent win form, offense quality (park-adj.) and starter K-BB% (season).",2026-08-04T18:20:22,San Diego Padres,False
2026-08-04,823108,Seattle Mariners,Detroit Tigers,Detroit Tigers,0.4978354978354978,0.5021645021645023,recent win form: home 49.3% / away 48.7% | offense quality (park-adj.): home 110.6 / away 103.2 | recent runs allowed: home 4.02 / away 3.98 | starter K-BB% (season): home 7.7% / away 11.6% | recent runs scored: home 4.09 / away 4.53 | starter's current-form FIP: home 4.28 / away 3.38,"Detroit Tigers favored mainly on recent runs allowed, starter K-BB% (season) and recent runs scored.",2026-08-04T18:20:22,Detroit Tigers,True
2026-08-05,824158,Houston Astros,Toronto Blue Jays,Houston Astros,0.6018808777429467,0.6018808777429467,recent win form: home 51.5% / away 47.6% | offense quality (park-adj.): home 98.3 / away 105.1 | recent runs allowed: home 4.80 / away 4.43 | starter K-BB% (season): home 20.4% / away 14.0% | recent runs scored: home 4.62 / away 3.99 | starter's current-form FIP: home 3.39 / away 9.64,"Houston Astros favored mainly on recent win form, starter K-BB% (season) and recent runs scored.",2026-08-05T18:12:04,Toronto Blue Jays,False
2026-08-05,824646,Chicago Cubs,Los Angeles Dodgers,Los Angeles Dodgers,0.459727385377943,0.540272614622057,recent win form: home 57.0% / away 60.2% | offense quality (park-adj.): home 103.5 / away 109.8 | recent runs allowed: home 4.25 / away 3.87 | starter K-BB% (season): home 15.9% / away 16.8% | recent runs scored: home 5.11 / away 5.07 | starter's current-form FIP: home 3.30 / away 4.66,"Los Angeles Dodgers favored mainly on recent win form, offense quality (park-adj.) and recent runs allowed.",2026-08-05T18:12:04,Chicago Cubs,False
2026-08-05,822866,Texas Rangers,San Francisco Giants,Texas Rangers,0.6018808777429467,0.6018808777429467,recent win form: home 49.2% / away 42.9% | offense quality (park-adj.): home 87.4 / away 101.0 | recent runs allowed: home 4.40 / away 4.60 | starter K-BB% (season): home 13.9% / away 3.9% | recent runs scored: home 4.14 / away 4.22 | starter's current-form FIP: home 5.22 / away 6.96,"Texas Rangers favored mainly on recent win form, recent runs allowed and starter K-BB% (season).",2026-08-05T18:12:04,Texas Rangers,True
2026-08-05,824322,Colorado Rockies,Tampa Bay Rays,Tampa Bay Rays,0.4444444444444445,0.5555555555555555,recent win form: home 38.2% / away 58.2% | offense quality (park-adj.): home 84.4 / away 105.5 | recent runs allowed: home 5.82 / away 4.16 | starter K-BB% (season): home 10.4% / away 10.6% | recent runs scored: home 4.75 / away 4.47 | starter's current-form FIP: home 5.72 / away 5.38,"Tampa Bay Rays favored mainly on recent win form, offense quality (park-adj.) and recent runs allowed.",2026-08-05T18:12:04,Tampa Bay Rays,True
2026-08-05,824806,Baltimore Orioles,Los Angeles Angels,Baltimore Orioles,0.6018808777429467,0.6018808777429467,recent win form: home 48.4% / away 38.7% | offense quality (park-adj.): home 89.3 / away 97.6 | recent runs allowed: home 4.81 / away 4.87 | starter K-BB% (season): home 17.5% / away 20.7% | recent runs scored: home 4.48 / away 4.17 | starter's current-form FIP: home 1.19 / away 3.34,"Baltimore Orioles favored mainly on recent win form, recent runs allowed and recent runs scored.",2026-08-05T18:12:04,Baltimore Orioles,True
2026-08-05,824402,Cleveland Guardians,New York Mets,New York Mets,0.4978354978354978,0.5021645021645023,recent win form: home 50.4% / away 43.0% | offense quality (park-adj.): home 95.0 / away 113.8 | recent runs allowed: home 4.10 / away 4.52 | starter K-BB% (season): home 14.2% / away 13.9% | recent runs scored: home 3.93 / away 4.12 | starter's current-form FIP: home 2.38 / away 1.27,"New York Mets favored mainly on offense quality (park-adj.), recent runs scored and starter's current-form FIP.",2026-08-05T18:12:04,New York Mets,True
2026-08-05,824482,Cincinnati Reds,Athletics,Cincinnati Reds,0.6183385579937304,0.6183385579937304,recent win form: home 48.5% / away 40.5% | offense quality (park-adj.): home 85.7 / away 96.5 | recent runs allowed: home 4.67 / away 5.65 | starter K-BB% (season): home 13.9% / away 19.0% | recent runs scored: home 4.19 / away 4.36 | starter's current-form FIP: home 2.88 / away 3.17,"Cincinnati Reds favored mainly on recent win form, recent runs allowed and starter's current-form FIP.",2026-08-05T18:12:04,Cincinnati Reds,True
2026-08-05,823429,Philadelphia Phillies,Washington Nationals,Philadelphia Phillies,0.6183385579937304,0.6183385579937304,recent win form: home 54.1% / away 47.2% | offense quality (park-adj.): home 103.2 / away 97.4 | recent runs allowed: home 4.33 / away 5.26 | starter K-BB% (season): home 13.9% / away 7.9% | recent runs scored: home 4.43 / away 5.20 | starter's current-form FIP: home 7.84 / away 4.74,"Philadelphia Phillies favored mainly on recent win form, offense quality (park-adj.) and recent runs allowed.",2026-08-05T18:12:04,Washington Nationals,False
2026-08-05,823516,New York Yankees,St. Louis Cardinals,New York Yankees,0.6183385579937304,0.6183385579937304,recent win form: home 56.3% / away 49.0% | offense quality (park-adj.): home 112.3 / away 96.3 | recent runs allowed: home 3.88 / away 4.48 | starter K-BB% (season): home 14.9% / away 6.9% | recent runs scored: home 4.63 / away 4.34 | starter's current-form FIP: home 3.78 / away 2.40,"New York Yankees favored mainly on recent win form, offense quality (park-adj.) and recent runs allowed.",2026-08-05T18:12:04,St. Louis Cardinals,False
2026-08-05,824728,Boston Red Sox,Chicago White Sox,Boston Red Sox,0.6183385579937304,0.6183385579937304,recent win form: home 54.5% / away 51.2% | offense quality (park-adj.): home 98.8 / away 93.6 | recent runs allowed: home 3.76 / away 4.39 | starter K-BB% (season): home 21.6% / away 11.7% | recent runs scored: home 4.41 / away 4.68 | starter's current-form FIP: home 4.10 / away 1.06,"Boston Red Sox favored mainly on recent win form, offense quality (park-adj.) and recent runs allowed.",2026-08-05T18:12:04,Boston Red Sox,True
2026-08-05,824889,Atlanta Braves,Miami Marlins,Miami Marlins,0.4978354978354978,0.5021645021645023,recent win form: home 58.9% / away 50.7% | offense quality (park-adj.): home 101.4 / away 110.3 | recent runs allowed: home 3.98 / away 4.33 | starter K-BB% (season): home 11.8% / away 19.0% | recent runs scored: home 4.85 / away 4.37 | starter's current-form FIP: home 5.81 / away 2.26,"Miami Marlins favored mainly on offense quality (park-adj.), starter K-BB% (season) and starter's current-form FIP.",2026-08-05T18:12:04,Atlanta Braves,False
2026-08-05,824082,Kansas City Royals,Minnesota Twins,Minnesota Twins,0.459727385377943,0.540272614622057,recent win form: home 42.1% / away 48.6% | offense quality (park-adj.): home 102.4 / away 98.3 | recent runs allowed: home 4.96 / away 4.97 | starter K-BB% (season): home 12.8% / away 13.7% | recent runs scored: home 4.15 / away 4.64 | starter's current-form FIP: home 4.90 / away 5.39,"Minnesota Twins favored mainly on recent win form, starter K-BB% (season) and recent runs scored.",2026-08-05T18:12:04,Kansas City Royals,False
2026-08-05,823753,Milwaukee Brewers,Pittsburgh Pirates,Milwaukee Brewers,0.5441176470588234,0.5441176470588234,recent win form: home 61.7% / away 49.0% | offense quality (park-adj.): home 100.6 / away 92.1 | recent runs allowed: home 3.78 / away 4.75 | starter K-BB% (season): home 15.4% / away 23.7% | recent runs scored: home 4.97 / away 4.94 | starter's current-form FIP: home 3.44 / away 2.98,"Milwaukee Brewers favored mainly on recent win form, offense quality (park-adj.) and recent runs allowed.",2026-08-05T18:12:04,Milwaukee Brewers,True
2026-08-05,825052,Arizona Diamondbacks,San Diego Padres,San Diego Padres,0.4978354978354978,0.5021645021645023,recent win form: home 52.3% / away 52.1% | offense quality (park-adj.): home 104.2 / away 100.0 | recent runs allowed: home 4.56 / away 4.28 | starter K-BB% (season): home 13.9% / away 16.3% | recent runs scored: home 4.57 / away 4.24 | starter's current-form FIP: home 6.58 / away 1.97,"San Diego Padres favored mainly on recent runs allowed, starter K-BB% (season) and starter's current-form FIP.",2026-08-05T18:12:04,Arizona Diamondbacks,False
2026-08-05,823106,Seattle Mariners,Detroit Tigers,Seattle Mariners,0.5441176470588234,0.5441176470588234,recent win form: home 48.9% / away 49.2% | offense quality (park-adj.): home 109.6 / away 103.2 | recent runs allowed: home 4.05 / away 3.95 | starter K-BB% (season): home 21.4% / away 13.9% | recent runs scored: home 4.05 / away 4.55 | starter's current-form FIP: home 4.16 / away 1.46,"Seattle Mariners favored mainly on offense quality (park-adj.), starter K-BB% (season) and starter FIP (season).",2026-08-05T18:12:04,Seattle Mariners,True
2026-08-07,823349,Pittsburgh Pirates,New York Mets,Pittsburgh Pirates,0.5441176470588234,0.5441176470588234,recent win form: home 48.3% / away 43.9% | offense quality (park-adj.): home 95.0 / away 113.8 | recent runs allowed: home 4.74 / away 4.54 | starter K-BB% (season): home 14.8% / away 13.9% | recent runs scored: home 4.89 / away 4.21 | starter's current-form FIP: home 4.97 / away 4.45,"Pittsburgh Pirates favored mainly on recent win form, starter K-BB% (season) and recent runs scored.",2026-08-07T15:40:16,New York Mets,False
2026-08-07,823428,Philadelphia Phillies,Toronto Blue Jays,Philadelphia Phillies,0.6183385579937304,0.6183385579937304,recent win form: home 54.0% / away 47.6% | offense quality (park-adj.): home 103.2 / away 105.1 | recent runs allowed: home 4.36 / away 4.42 | starter K-BB% (season): home 27.7% / away 10.2% | recent runs scored: home 4.45 / away 3.99 | starter's current-form FIP: home 3.60 / away 2.75,"Philadelphia Phillies favored mainly on recent win form, recent runs allowed and starter K-BB% (season).",2026-08-07T15:40:16,Toronto Blue Jays,False
2026-08-07,822699,Washington Nationals,Cincinnati Reds,Washington Nationals,0.6018808777429467,0.6018808777429467,recent win form: home 47.2% / away 49.3% | offense quality (park-adj.): home 100.5 / away 94.9 | recent runs allowed: home 5.27 / away 4.65 | starter K-BB% (season): home 11.4% / away -2.5% | recent runs scored: home 5.22 / away 4.20 | starter's current-form FIP: home 4.54 / away 6.01,"Washington Nationals favored mainly on offense quality (park-adj.), starter K-BB% (season) and recent runs scored.",2026-08-07T15:40:16,Washington Nationals,True
2026-08-07,823515,New York Yankees,Atlanta Braves,New York Yankees,0.5441176470588234,0.5441176470588234,recent win form: home 55.9% / away 59.6% | offense quality (park-adj.): home 112.3 / away 100.7 | recent runs allowed: home 3.87 / away 3.95 | starter K-BB% (season): home 16.6% / away 10.7% | recent runs scored: home 4.61 / away 4.89 | starter's current-form FIP: home 1.30 / away 3.64,"New York Yankees favored mainly on offense quality (park-adj.), recent runs allowed and starter K-BB% (season).",2026-08-07T15:40:16,New York Yankees,True
2026-08-07,824727,Boston Red Sox,Athletics,Boston Red Sox,0.6183385579937304,0.6183385579937304,recent win form: home 55.2% / away 39.9% | offense quality (park-adj.): home 98.8 / away 95.4 | recent runs allowed: home 3.79 / away 5.63 | starter K-BB% (season): home 14.7% / away 11.8% | recent runs scored: home 4.46 / away 4.35 | starter's current-form FIP: home 4.16 / away 5.16,"Boston Red Sox favored mainly on recent win form, offense quality (park-adj.) and recent runs allowed.",2026-08-07T15:40:16,Boston Red Sox,True
2026-08-07,823836,Miami Marlins,Los Angeles Angels,Miami Marlins,0.6201298701298701,0.6201298701298701,recent win form: home 49.9% / away 38.8% | offense quality (park-adj.): home 107.0 / away 96.5 | recent runs allowed: home 4.38 / away 4.84 | starter K-BB% (season): home 8.9% / away 13.9% | recent runs scored: home 4.33 / away 4.15 | starter's current-form FIP: home 5.05 / away 9.74,"Miami Marlins favored mainly on recent win form, offense quality (park-adj.) and recent runs allowed.",2026-08-07T15:40:16,Los Angeles Angels,False
2026-08-07,824566,Chicago White Sox,Cleveland Guardians,Cleveland Guardians,0.4978354978354978,0.5021645021645023,recent win form: home 50.4% / away 49.6% | offense quality (park-adj.): home 98.3 / away 95.0 | recent runs allowed: home 4.45 / away 4.18 | starter K-BB% (season): home 13.9% / away 19.4% | recent runs scored: home 4.70 / away 3.96 | starter's current-form FIP: home 3.93 / away 1.97,"Cleveland Guardians favored mainly on recent runs allowed, starter K-BB% (season) and starter's current-form FIP.",2026-08-07T15:40:16,Cleveland Guardians,True
2026-08-07,823750,Milwaukee Brewers,Minnesota Twins,Milwaukee Brewers,0.6183385579937304,0.6183385579937304,recent win form: home 62.4% / away 48.6% | offense quality (park-adj.): home 100.6 / away 98.4 | recent runs allowed: home 3.76 / away 4.93 | starter K-BB% (season): home 13.9% / away 18.1% | recent runs scored: home 4.97 / away 4.60 | starter's current-form FIP: home 2.04 / away 4.53,"Milwaukee Brewers favored mainly on recent win form, offense quality (park-adj.) and recent runs allowed.",2026-08-07T15:40:16,Minnesota Twins,False
2026-08-07,823024,St. Louis Cardinals,Colorado Rockies,St. Louis Cardinals,0.6201298701298701,0.6201298701298701,recent win form: home 49.4% / away 37.9% | offense quality (park-adj.): home 96.3 / away 84.4 | recent runs allowed: home 4.45 / away 5.81 | starter K-BB% (season): home 14.3% / away 9.6% | recent runs scored: home 4.33 / away 4.71 | starter's current-form FIP: home 3.82 / away 8.80,"St. Louis Cardinals favored mainly on recent win form, offense quality (park-adj.) and recent runs allowed.",2026-08-07T15:40:16,St. Louis Cardinals,True
2026-08-07,822863,Texas Rangers,Baltimore Orioles,Texas Rangers,0.5826086956521739,0.5826086956521739,recent win form: home 49.6% / away 48.5% | offense quality (park-adj.): home 93.0 / away 96.3 | recent runs allowed: home 4.37 / away 4.78 | starter K-BB% (season): home 21.8% / away 15.8% | recent runs scored: home 4.15 / away 4.46 | starter's current-form FIP: home 6.04 / away 2.20,"Texas Rangers favored mainly on recent win form, recent runs allowed and starter K-BB% (season).",2026-08-07T15:40:16,Texas Rangers,True
2026-08-07,825051,Arizona Diamondbacks,Los Angeles Dodgers,Los Angeles Dodgers,0.459727385377943,0.540272614622057,recent win form: home 52.3% / away 59.8% | offense quality (park-adj.): home 104.2 / away 110.5 | recent runs allowed: home 4.56 / away 3.89 | starter K-BB% (season): home 15.9% / away 3.4% | recent runs scored: home 4.58 / away 5.08 | starter's current-form FIP: home 4.12 / away 2.49,"Los Angeles Dodgers favored mainly on recent win form, offense quality (park-adj.) and recent runs allowed.",2026-08-07T15:40:16,Arizona Diamondbacks,False
2026-08-07,823266,San Diego Padres,Houston Astros,San Diego Padres,0.6018808777429467,0.6018808777429467,recent win form: home 52.1% / away 51.1% | offense quality (park-adj.): home 101.2 / away 103.0 | recent runs allowed: home 4.30 / away 4.80 | starter K-BB% (season): home 15.0% / away 14.1% | recent runs scored: home 4.24 / away 4.62 | starter's current-form FIP: home 1.91 / away 6.99,"San Diego Padres favored mainly on recent win form, recent runs allowed and starter K-BB% (season).",2026-08-07T15:40:16,Houston Astros,False
2026-08-07,823103,Seattle Mariners,Tampa Bay Rays,Tampa Bay Rays,0.4978354978354978,0.5021645021645023,recent win form: home 49.0% / away 58.5% | offense quality (park-adj.): home 110.6 / away 105.5 | recent runs allowed: home 4.09 / away 4.12 | starter K-BB% (season): home 25.3% / away 15.4% | recent runs scored: home 4.02 / away 4.47 | starter's current-form FIP: home 3.69 / away 0.93,"Tampa Bay Rays favored mainly on recent win form, recent runs scored and starter's current-form FIP.",2026-08-07T15:40:16,Tampa Bay Rays,True
2026-08-08,823514,New York Yankees,Atlanta Braves,Atlanta Braves,0.459727385377943,0.540272614622057,recent win form: home 56.2% / away 59.1% | offense quality (park-adj.): home 114.4 / away 101.1 | recent runs allowed: home 3.86 / away 3.94 | starter K-BB% (season): home 13.9% / away 26.1% | recent runs scored: home 4.59 / away 4.87 | starter's current-form FIP: home 2.83 / away 0.52,"Atlanta Braves favored mainly on recent win form, starter K-BB% (season) and recent runs scored.",2026-08-08T14:20:00,New York Yankees,False
2026-08-08,824726,Boston Red Sox,Athletics,Boston Red Sox,0.6018808777429467,0.6018808777429467,recent win form: home 55.6% / away 39.6% | offense quality (park-adj.): home 98.8 / away 96.5 | recent runs allowed: home 3.76 / away 5.69 | starter K-BB% (season): home 13.9% / away 13.9% | recent runs scored: home 4.53 / away 4.32 | starter's current-form FIP: home 3.89 / away 6.38,"Boston Red Sox favored mainly on recent win form, offense quality (park-adj.) and recent runs allowed.",2026-08-08T14:20:00,Athletics,False
2026-08-08,823834,Miami Marlins,Los Angeles Angels,Miami Marlins,0.6018808777429467,0.6018808777429467,recent win form: home 49.5% / away 39.3% | offense quality (park-adj.): home 107.0 / away 96.5 | recent runs allowed: home 4.38 / away 4.83 | starter K-BB% (season): home 11.4% / away 13.9% | recent runs scored: home 4.32 / away 4.15 | starter's current-form FIP: home 4.35 / away 2.93,"Miami Marlins favored mainly on recent win form, offense quality (park-adj.) and recent runs allowed.",2026-08-08T14:20:00,Miami Marlins,True
2026-08-08,823426,Philadelphia Phillies,Toronto Blue Jays,Philadelphia Phillies,0.5441176470588234,0.5441176470588234,recent win form: home 53.6% / away 48.0% | offense quality (park-adj.): home 103.2 / away 105.1 | recent runs allowed: home 4.36 / away 4.41 | starter K-BB% (season): home 17.5% / away 15.4% | recent runs scored: home 4.45 / away 3.99 | starter's current-form FIP: home 6.45 / away 4.85,"Philadelphia Phillies favored mainly on recent win form, recent runs allowed and starter K-BB% (season).",2026-08-08T14:20:00,Toronto Blue Jays,False
2026-08-08,823348,Pittsburgh Pirates,New York Mets,Pittsburgh Pirates,0.5441176470588234,0.5441176470588234,recent win form: home 47.9% / away 44.3% | offense quality (park-adj.): home 96.0 / away 113.8 | recent runs allowed: home 4.75 / away 4.53 | starter K-BB% (season): home 21.8% / away -20.0% | recent runs scored: home 4.89 / away 4.22 | starter's current-form FIP: home 2.60 / away 4.10,"Pittsburgh Pirates favored mainly on recent win form, starter K-BB% (season) and recent runs scored.",2026-08-08T14:20:00,Pittsburgh Pirates,True
2026-08-08,822701,Washington Nationals,Cincinnati Reds,Washington Nationals,0.6018808777429467,0.6018808777429467,recent win form: home 47.6% / away 48.9% | offense quality (park-adj.): home 100.5 / away 85.7 | recent runs allowed: home 5.25 / away 4.66 | starter K-BB% (season): home 10.2% / away 26.9% | recent runs scored: home 5.22 / away 4.19 | starter's current-form FIP: home 3.90 / away 2.66,"Washington Nationals favored mainly on offense quality (park-adj.), recent runs scored and starter xwOBA against.",2026-08-08T14:20:00,Washington Nationals,True
2026-08-08,824079,Kansas City Royals,Chicago Cubs,Chicago Cubs,0.4457751164337991,0.5542248835662009,recent win form: home 41.9% / away 58.0% | offense quality (park-adj.): home 102.4 / away 103.5 | recent runs allowed: home 4.93 / away 4.24 | starter K-BB% (season): home 11.5% / away 8.9% | recent runs scored: home 4.13 / away 5.11 | starter's current-form FIP: home 3.49 / away 1.96,"Chicago Cubs favored mainly on recent win form, offense quality (park-adj.) and recent runs allowed.",2026-08-08T14:20:00,Kansas City Royals,False
2026-08-08,823752,Milwaukee Brewers,Minnesota Twins,Milwaukee Brewers,0.5441176470588234,0.5441176470588234,recent win form: home 61.9% / away 49.0% | offense quality (park-adj.): home 100.6 / away 98.3 | recent runs allowed: home 3.79 / away 4.94 | starter K-BB% (season): home 2.2% / away 11.7% | recent runs scored: home 4.97 / away 4.63 | starter's current-form FIP: home 2.41 / away 3.57,"Milwaukee Brewers favored mainly on recent win form, offense quality (park-adj.) and recent runs allowed.",2026-08-08T14:20:00,Milwaukee Brewers,True
2026-08-08,823267,San Diego Padres,Houston Astros,Houston Astros,0.4978354978354978,0.5021645021645023,recent win form: home 51.7% / away 51.5% | offense quality (park-adj.): home 100.0 / away 98.3 | recent runs allowed: home 4.31 / away 4.78 | starter K-BB% (season): home 17.0% / away 13.9% | recent runs scored: home 4.23 / away 4.63 | starter's current-form FIP: home 4.86 / away 1.96,"Houston Astros favored mainly on recent runs scored, starter's current-form FIP and trailing win% (last 10).",2026-08-08T14:20:00,San Diego Padres,False
2026-08-08,823188,San Francisco Giants,Detroit Tigers,Detroit Tigers,0.4978354978354978,0.5021645021645023,recent win form: home 43.0% / away 48.8% | offense quality (park-adj.): home 104.7 / away 103.2 | recent runs allowed: home 4.59 / away 3.92 | starter K-BB% (season): home 12.0% / away 5.5% | recent runs scored: home 4.19 / away 4.56 | starter's current-form FIP: home 4.43 / away 5.02,"Detroit Tigers favored mainly on recent win form, recent runs allowed and recent runs scored.",2026-08-08T14:20:00,Detroit Tigers,True
2026-08-08,823021,St. Louis Cardinals,Colorado Rockies,St. Louis Cardinals,0.6201298701298701,0.6201298701298701,recent win form: home 49.8% / away 37.6% | offense quality (park-adj.): home 96.7 / away 84.4 | recent runs allowed: home 4.43 / away 5.79 | starter K-BB% (season): home 12.7% / away 12.1% | recent runs scored: home 4.32 / away 4.69 | starter's current-form FIP: home 3.30 / away 4.38,"St. Louis Cardinals favored mainly on recent win form, offense quality (park-adj.) and recent runs allowed.",2026-08-08T14:20:00,Colorado Rockies,False
2026-08-08,822864,Texas Rangers,Baltimore Orioles,Baltimore Orioles,0.4978354978354978,0.5021645021645023,recent win form: home 50.0% / away 48.1% | offense quality (park-adj.): home 93.0 / away 96.3 | recent runs allowed: home 4.34 / away 4.76 | starter K-BB% (season): home 22.1% / away 29.4% | recent runs scored: home 4.14 / away 4.43 | starter's current-form FIP: home 2.72 / away 3.32,"Baltimore Orioles favored mainly on offense quality (park-adj.), starter K-BB% (season) and recent runs scored.",2026-08-08T14:20:00,Texas Rangers,False
2026-08-08,824565,Chicago White Sox,Cleveland Guardians,Cleveland Guardians,0.4978354978354978,0.5021645021645023,recent win form: home 50.0% / away 50.0% | offense quality (park-adj.): home 93.6 / away 95.0 | recent runs allowed: home 4.48 / away 4.16 | starter K-BB% (season): home 13.9% / away 13.3% | recent runs scored: home 4.68 / away 3.99 | starter's current-form FIP: home 2.92 / away 0.71,"Cleveland Guardians favored mainly on recent win form, offense quality (park-adj.) and recent runs allowed.",2026-08-08T14:20:00,Chicago White Sox,False
2026-08-08,825049,Arizona Diamondbacks,Los Angeles Dodgers,Los Angeles Dodgers,0.459727385377943,0.540272614622057,recent win form: home 52.7% / away 59.3% | offense quality (park-adj.): home 104.2 / away 110.5 | recent runs allowed: home 4.54 / away 3.90 | starter K-BB% (season): home 14.3% / away 20.4% | recent runs scored: home 4.58 / away 5.06 | starter's current-form FIP: home 2.90 / away 4.01,"Los Angeles Dodgers favored mainly on recent win form, offense quality (park-adj.) and recent runs allowed.",2026-08-08T14:20:00,Los Angeles Dodgers,True
2026-08-08,823102,Seattle Mariners,Tampa Bay Rays,Tampa Bay Rays,0.4978354978354978,0.5021645021645023,recent win form: home 48.6% / away 58.8% | offense quality (park-adj.): home 110.6 / away 105.5 | recent runs allowed: home 4.07 / away 4.10 | starter K-BB% (season): home 20.7% / away 27.6% | recent runs scored: home 4.00 / away 4.45 | starter's current-form FIP: home 5.10 / away 1.84,"Tampa Bay Rays favored mainly on recent win form, starter K-BB% (season) and recent runs scored.",2026-08-08T14:20:00,Tampa Bay Rays,True
2026-08-09,822700,Washington Nationals,Cincinnati Reds,Washington Nationals,0.5441176470588234,0.5441176470588234,recent win form: home 48.0% / away 48.6% | offense quality (park-adj.): home 100.5 / away 94.9 | recent runs allowed: home 5.23 / away 4.68 | starter K-BB% (season): home 11.9% / away 14.4% | recent runs scored: home 5.24 / away 4.17 | starter's current-form FIP: home 4.81 / away 2.75,"Washington Nationals favored mainly on offense quality (park-adj.), recent runs scored and rest.",2026-08-09T14:56:55,Washington Nationals,True
2026-08-09,824724,Boston Red Sox,Athletics,Boston Red Sox,0.6018808777429467,0.6018808777429467,recent win form: home 55.2% / away 40.0% | offense quality (park-adj.): home 98.8 / away 95.4 | recent runs allowed: home 3.79 / away 5.67 | starter K-BB% (season): home 1.6% / away 17.3% | recent runs scored: home 4.52 / away 4.34 | starter's current-form FIP: home 3.63 / away 3.82,"Boston Red Sox favored mainly on recent win form, offense quality (park-adj.) and recent runs allowed.",2026-08-09T14:56:55,Athletics,False
2026-08-09,823345,Pittsburgh Pirates,New York Mets,Pittsburgh Pirates,0.5441176470588234,0.5441176470588234,recent win form: home 48.3% / away 44.0% | offense quality (park-adj.): home 92.1 / away 110.3 | recent runs allowed: home 4.72 / away 4.57 | starter K-BB% (season): home 13.9% / away 24.0% | recent runs scored: home 4.92 / away 4.19 | starter's current-form FIP: home 5.35 / away 3.77,"Pittsburgh Pirates favored mainly on recent win form, recent runs scored and starter's current-form K-BB%.",2026-08-09T14:56:55,New York Mets,False
2026-08-09,823425,Philadelphia Phillies,Toronto Blue Jays,Philadelphia Phillies,0.6183385579937304,0.6183385579937304,recent win form: home 53.2% / away 48.4% | offense quality (park-adj.): home 103.2 / away 104.0 | recent runs allowed: home 4.38 / away 4.42 | starter K-BB% (season): home 21.1% / away 17.4% | recent runs scored: home 4.45 / away 4.02 | starter's current-form FIP: home 3.19 / away 3.55,"Philadelphia Phillies favored mainly on recent win form, recent runs allowed and starter K-BB% (season).",2026-08-09T14:56:55,Philadelphia Phillies,True
2026-08-09,823513,New York Yankees,Atlanta Braves,New York Yankees,0.5441176470588234,0.5441176470588234,recent win form: home 56.6% / away 58.6% | offense quality (park-adj.): home 112.3 / away 101.4 | recent runs allowed: home 3.86 / away 3.95 | starter K-BB% (season): home 18.6% / away 14.0% | recent runs scored: home 4.60 / away 4.87 | starter's current-form FIP: home 1.84 / away 4.76,"New York Yankees favored mainly on offense quality (park-adj.), recent runs allowed and starter K-BB% (season).",2026-08-09T14:56:55,Atlanta Braves,False
2026-08-09,823835,Miami Marlins,Los Angeles Angels,Miami Marlins,0.6018808777429467,0.6018808777429467,recent win form: home 49.9% / away 39.0% | offense quality (park-adj.): home 107.0 / away 96.5 | recent runs allowed: home 4.35 / away 4.84 | starter K-BB% (season): home 13.5% / away 13.9% | recent runs scored: home 4.34 / away 4.12 | starter's current-form FIP: home 3.87 / away 5.41,"Miami Marlins favored mainly on recent win form, offense quality (park-adj.) and recent runs allowed.",2026-08-09T14:56:55,Miami Marlins,True
2026-08-09,824078,Kansas City Royals,Chicago Cubs,Chicago Cubs,0.4444444444444445,0.5555555555555555,recent win form: home 42.4% / away 57.5% | offense quality (park-adj.): home 93.6 / away 103.5 | recent runs allowed: home 4.92 / away 4.25 | starter K-BB% (season): home -5.3% / away 15.2% | recent runs scored: home 4.14 / away 5.10 | starter's current-form FIP: home 3.04 / away 4.07,"Chicago Cubs favored mainly on recent win form, offense quality (park-adj.) and recent runs allowed.",2026-08-09T14:56:55,Chicago Cubs,True
2026-08-09,824564,Chicago White Sox,Cleveland Guardians,Chicago White Sox,0.5441176470588234,0.5441176470588234,recent win form: home 50.3% / away 49.6% | offense quality (park-adj.): home 98.3 / away 96.4 | recent runs allowed: home 4.47 / away 4.18 | starter K-BB% (season): home 9.3% / away 16.3% | recent runs scored: home 4.69 / away 3.98 | starter's current-form FIP: home 5.85 / away 4.44,"Chicago White Sox favored mainly on recent win form, offense quality (park-adj.) and recent runs scored.",2026-08-09T14:56:55,Chicago White Sox,True
2026-08-09,823751,Milwaukee Brewers,Minnesota Twins,Milwaukee Brewers,0.6201298701298701,0.6201298701298701,recent win form: home 62.2% / away 48.6% | offense quality (park-adj.): home 100.3 / away 98.5 | recent runs allowed: home 3.78 / away 4.93 | starter K-BB% (season): home 21.6% / away 13.9% | recent runs scored: home 4.97 / away 4.62 | starter's current-form FIP: home 1.60 / away 4.85,"Milwaukee Brewers favored mainly on recent win form, offense quality (park-adj.) and recent runs allowed.",2026-08-09T14:56:55,Milwaukee Brewers,True
2026-08-09,823020,St. Louis Cardinals,Colorado Rockies,St. Louis Cardinals,0.6398467432950191,0.6398467432950191,recent win form: home 49.4% / away 38.1% | offense quality (park-adj.): home 96.3 / away 84.4 | recent runs allowed: home 4.46 / away 5.79 | starter K-BB% (season): home 9.5% / away 14.5% | recent runs scored: home 4.33 / away 4.71 | starter's current-form FIP: home 5.05 / away 6.85,"St. Louis Cardinals favored mainly on recent win form, offense quality (park-adj.) and recent runs allowed.",2026-08-09T14:56:55,St. Louis Cardinals,True
2026-08-09,822862,Texas Rangers,Baltimore Orioles,Texas Rangers,0.5441176470588234,0.5441176470588234,recent win form: home 50.4% / away 47.7% | offense quality (park-adj.): home 87.4 / away 96.3 | recent runs allowed: home 4.32 / away 4.76 | starter K-BB% (season): home 11.5% / away 15.4% | recent runs scored: home 4.14 / away 4.40 | starter's current-form FIP: home 3.54 / away 5.41,"Texas Rangers favored mainly on recent win form, recent runs allowed and starter's current-form FIP.",2026-08-09T14:56:55,Baltimore Orioles,False
2026-08-09,823190,San Francisco Giants,Detroit Tigers,Detroit Tigers,0.4978354978354978,0.5021645021645023,recent win form: home 42.6% / away 49.2% | offense quality (park-adj.): home 104.7 / away 103.2 | recent runs allowed: home 4.62 / away 3.89 | starter K-BB% (season): home 20.8% / away 11.6% | recent runs scored: home 4.16 / away 4.59 | starter's current-form FIP: home 1.99 / away 3.57,"Detroit Tigers favored mainly on recent win form, recent runs allowed and recent runs scored.",2026-08-09T14:56:55,Detroit Tigers,True
2026-08-09,825050,Arizona Diamondbacks,Los Angeles Dodgers,Los Angeles Dodgers,0.459727385377943,0.540272614622057,recent win form: home 52.3% / away 59.6% | offense quality (park-adj.): home 101.2 / away 109.8 | recent runs allowed: home 4.52 / away 3.87 | starter K-BB% (season): home 12.0% / away 21.7% | recent runs scored: home 4.55 / away 5.04 | starter's current-form FIP: home 3.35 / away 7.90,"Los Angeles Dodgers favored mainly on recent win form, offense quality (park-adj.) and recent runs allowed.",2026-08-09T14:56:55,Arizona Diamondbacks,False
2026-08-09,823104,Seattle Mariners,Tampa Bay Rays,Tampa Bay Rays,0.4978354978354978,0.5021645021645023,recent win form: home 48.2% / away 59.1% | offense quality (park-adj.): home 107.6 / away 105.5 | recent runs allowed: home 4.06 / away 4.08 | starter K-BB% (season): home 7.7% / away 18.6% | recent runs scored: home 3.98 / away 4.44 | starter's current-form FIP: home 4.45 / away 5.94,"Tampa Bay Rays favored mainly on recent win form, starter K-BB% (season) and recent runs scored.",2026-08-09T14:56:55,Tampa Bay Rays,True
2026-08-10,822780,Toronto Blue Jays,Boston Red Sox,Boston Red Sox,0.4978354978354978,0.5021645021645023,recent win form: home 48.1% / away 54.7% | offense quality (park-adj.): home 105.1 / away 98.8 | recent runs allowed: home 4.44 / away 3.79 | starter K-BB% (season): home 14.0% / away 21.6% | recent runs scored: home 4.03 / away 4.51 | starter's current-form FIP: home 8.78 / away 2.71,"Boston Red Sox favored mainly on recent win form, recent runs allowed and starter K-BB% (season).",2026-08-10T16:10:31,Toronto Blue Jays,False
2026-08-10,824887,Atlanta Braves,New York Mets,Atlanta Braves,0.5441176470588234,0.5441176470588234,recent win form: home 58.9% / away 44.4% | offense quality (park-adj.): home 101.1 / away 113.8 | recent runs allowed: home 3.93 / away 4.54 | starter K-BB% (season): home 11.8% / away 13.9% | recent runs scored: home 4.84 / away 4.24 | starter's current-form FIP: home 4.49 / away 1.60,"Atlanta Braves favored mainly on recent win form, recent runs allowed and recent runs scored.",2026-08-10T16:10:31,New York Mets,False
2026-08-10,823675,Minnesota Twins,Baltimore Orioles,Baltimore Orioles,0.4978354978354978,0.5021645021645023,recent win form: home 48.2% / away 48.1% | offense quality (park-adj.): home 98.3 / away 96.3 | recent runs allowed: home 4.93 / away 4.76 | starter K-BB% (season): home 13.7% / away 17.5% | recent runs scored: home 4.60 / away 4.45 | starter's current-form FIP: home 5.43 / away 1.57,"Baltimore Orioles favored mainly on recent runs allowed, starter K-BB% (season) and starter's current-form FIP.",2026-08-10T16:10:31,Minnesota Twins,False
2026-08-10,823018,St. Louis Cardinals,Philadelphia Phillies,Philadelphia Phillies,0.4978354978354978,0.5021645021645023,recent win form: home 49.8% / away 53.5% | offense quality (park-adj.): home 96.5 / away 103.2 | recent runs allowed: home 4.45 / away 4.40 | starter K-BB% (season): home 10.9% / away 13.9% | recent runs scored: home 4.35 / away 4.47 | starter's current-form FIP: home 4.14 / away 5.68,"Philadelphia Phillies favored mainly on recent win form, offense quality (park-adj.) and recent runs allowed.",2026-08-10T16:10:31,Philadelphia Phillies,True
2026-08-10,823998,Los Angeles Angels,Texas Rangers,Texas Rangers,0.4978354978354978,0.5021645021645023,recent win form: home 38.7% / away 50.0% | offense quality (park-adj.): home 97.6 / away 87.4 | recent runs allowed: home 4.90 / away 4.36 | starter K-BB% (season): home 20.7% / away 17.8% | recent runs scored: home 4.11 / away 4.15 | starter's current-form FIP: home 5.68 / away 3.38,"Texas Rangers favored mainly on recent win form, recent runs allowed and recent runs scored.",2026-08-10T16:10:31,Texas Rangers,True
2026-08-10,825048,Arizona Diamondbacks,Colorado Rockies,Arizona Diamondbacks,0.6398467432950191,0.6398467432950191,recent win form: home 52.6% / away 37.8% | offense quality (park-adj.): home 103.4 / away 84.4 | recent runs allowed: home 4.50 / away 5.80 | starter K-BB% (season): home 16.6% / away 13.9% | recent runs scored: home 4.55 / away 4.71 | starter's current-form FIP: home 2.63 / away 2.90,"Arizona Diamondbacks favored mainly on recent win form, offense quality (park-adj.) and recent runs allowed.",2026-08-10T16:10:31,Arizona Diamondbacks,True
2026-08-10,824969,Athletics,Tampa Bay Rays,Tampa Bay Rays,0.4457751164337991,0.5542248835662009,recent win form: home 40.5% / away 59.5% | offense quality (park-adj.): home 96.9 / away 95.7 | recent runs allowed: home 5.65 / away 4.06 | starter K-BB% (season): home 19.0% / away 19.2% | recent runs scored: home 4.34 / away 4.43 | starter's current-form FIP: home 3.43 / away 6.41,"Tampa Bay Rays favored mainly on recent win form, recent runs allowed and starter K-BB% (season).",2026-08-10T16:10:31,Tampa Bay Rays,True
2026-08-10,823265,San Diego Padres,Milwaukee Brewers,Milwaukee Brewers,0.4457751164337991,0.5542248835662009,recent win form: home 52.4% / away 62.5% | offense quality (park-adj.): home 101.2 / away 100.6 | recent runs allowed: home 4.27 / away 3.78 | starter K-BB% (season): home 16.3% / away 25.3% | recent runs scored: home 4.24 / away 4.96 | starter's current-form FIP: home 3.65 / away 3.88,"Milwaukee Brewers favored mainly on recent win form, recent runs allowed and starter K-BB% (season).",2026-08-10T16:10:31,San Diego Padres,False
2026-08-10,823189,San Francisco Giants,Houston Astros,Houston Astros,0.4457751164337991,0.5542248835662009,recent win form: home 42.3% / away 50.7% | offense quality (park-adj.): home 104.7 / away 98.3 | recent runs allowed: home 4.61 / away 4.79 | starter K-BB% (season): home 0.0% / away 17.6% | recent runs scored: home 4.13 / away 4.59 | starter's current-form FIP: home 2.50 / away 2.76,"Houston Astros favored mainly on recent win form, starter K-BB% (season) and recent runs scored.",2026-08-10T16:10:31,Houston Astros,True
2026-08-10,823918,Los Angeles Dodgers,Kansas City Royals,Los Angeles Dodgers,0.6398467432950191,0.6398467432950191,recent win form: home 59.1% / away 42.0% | offense quality (park-adj.): home 109.8 / away 93.6 | recent runs allowed: home 3.87 / away 4.96 | starter K-BB% (season): home 29.2% / away 12.8% | recent runs scored: home 5.02 / away 4.12 | starter's current-form FIP: home 2.10 / away 2.81,"Los Angeles Dodgers favored mainly on recent win form, offense quality (park-adj.) and recent runs allowed.",2026-08-10T16:10:31,Los Angeles Dodgers,True
2026-08-11,824240,Detroit Tigers,Cleveland Guardians,Cleveland Guardians,0.4978354978354978,0.5021645021645023,recent win form: home 49.6% / away 49.3% | offense quality (park-adj.): home 103.2 / away 95.0 | recent runs allowed: home 3.87 / away 4.18 | starter K-BB% (season): home 13.9% / away 14.2% | recent runs scored: home 4.58 / away 3.97 | starter's current-form FIP: home 2.28 / away 3.73,"Cleveland Guardians favored mainly on starter K-BB% (season), starter's current-form K-BB% and starter xwOBA against.",2026-08-11T14:13:40,Detroit Tigers,False
2026-08-11,823832,Miami Marlins,Pittsburgh Pirates,Miami Marlins,0.5275590551181102,0.5275590551181102,recent win form: home 50.3% / away 47.9% | offense quality (park-adj.): home 110.3 / away 96.0 | recent runs allowed: home 4.34 / away 4.76 | starter K-BB% (season): home 19.0% / away 23.7% | recent runs scored: home 4.40 / away 4.89 | starter's current-form FIP: home 2.04 / away 3.66,"Miami Marlins favored mainly on recent win form, offense quality (park-adj.) and recent runs allowed.",2026-08-11T14:13:40,Miami Marlins,True
2026-08-11,823512,New York Yankees,Seattle Mariners,New York Yankees,0.5441176470588234,0.5441176470588234,recent win form: home 56.1% / away 47.8% | offense quality (park-adj.): home 112.3 / away 107.6 | recent runs allowed: home 3.84 / away 4.06 | starter K-BB% (season): home 15.1% / away 21.4% | recent runs scored: home 4.57 / away 3.96 | starter's current-form FIP: home 2.08 / away 2.63,"New York Yankees favored mainly on recent win form, offense quality (park-adj.) and recent runs allowed.",2026-08-11T14:13:40,New York Yankees,True
2026-08-11,822778,Toronto Blue Jays,Boston Red Sox,Boston Red Sox,0.459727385377943,0.540272614622057,recent win form: home 48.5% / away 54.3% | offense quality (park-adj.): home 104.7 / away 98.8 | recent runs allowed: home 4.41 / away 3.78 | starter K-BB% (season): home 20.1% / away 13.9% | recent runs scored: home 4.02 / away 4.48 | starter's current-form FIP: home 1.42 / away 4.46,"Boston Red Sox favored mainly on recent win form, recent runs allowed and recent runs scored.",2026-08-11T14:13:40,Toronto Blue Jays,False
2026-08-11,824886,Atlanta Braves,New York Mets,Atlanta Braves,0.6183385579937304,0.6183385579937304,recent win form: home 58.5% / away 44.8% | offense quality (park-adj.): home 101.4 / away 102.0 | recent runs allowed: home 3.96 / away 4.55 | starter K-BB% (season): home 9.6% / away 21.8% | recent runs scored: home 4.84 / away 4.27 | starter's current-form FIP: home 3.03 / away 4.89,"Atlanta Braves favored mainly on recent win form, recent runs allowed and recent runs scored.",2026-08-11T14:13:40,Atlanta Braves,True
2026-08-11,823673,Minnesota Twins,Baltimore Orioles,Minnesota Twins,0.5275590551181102,0.5275590551181102,recent win form: home 48.6% / away 47.8% | offense quality (park-adj.): home 98.5 / away 96.3 | recent runs allowed: home 4.93 / away 4.80 | starter K-BB% (season): home 14.3% / away 9.8% | recent runs scored: home 4.64 / away 4.45 | starter's current-form FIP: home 3.85 / away 4.75,"Minnesota Twins favored mainly on recent win form, offense quality (park-adj.) and starter K-BB% (season).",2026-08-11T14:13:40,Baltimore Orioles,False
2026-08-11,824563,Chicago White Sox,Cincinnati Reds,Cincinnati Reds,0.4978354978354978,0.5021645021645023,recent win form: home 50.7% / away 48.2% | offense quality (park-adj.): home 98.3 / away 94.9 | recent runs allowed: home 4.46 / away 4.70 | starter K-BB% (season): home 11.7% / away 19.3% | recent runs scored: home 4.69 / away 4.15 | starter's current-form FIP: home 1.88 / away 4.10,"Cincinnati Reds favored mainly on starter K-BB% (season), trailing win% (last 10) and starter FIP (season).",2026-08-11T14:13:40,Cincinnati Reds,True
2026-08-11,823019,St. Louis Cardinals,Philadelphia Phillies,Philadelphia Phillies,0.459727385377943,0.540272614622057,recent win form: home 49.4% / away 53.9% | offense quality (park-adj.): home 96.7 / away 103.2 | recent runs allowed: home 4.46 / away 4.40 | starter K-BB% (season): home 6.9% / away 20.8% | recent runs scored: home 4.36 / away 4.48 | starter's current-form FIP: home 2.46 / away 2.92,"Philadelphia Phillies favored mainly on recent win form, offense quality (park-adj.) and recent runs allowed.",2026-08-11T14:13:40,St. Louis Cardinals,False
2026-08-11,823997,Los Angeles Angels,Texas Rangers,Texas Rangers,0.4457751164337991,0.5542248835662009,recent win form: home 38.4% / away 50.4% | offense quality (park-adj.): home 96.7 / away 93.0 | recent runs allowed: home 4.89 / away 4.33 | starter K-BB% (season): home 15.3% / away 13.9% | recent runs scored: home 4.08 / away 4.15 | starter's current-form FIP: home 7.15 / away 2.18,"Texas Rangers favored mainly on recent win form, recent runs allowed and recent runs scored.",2026-08-11T14:13:40,Los Angeles Angels,False
2026-08-11,825046,Arizona Diamondbacks,Colorado Rockies,Arizona Diamondbacks,0.6398467432950191,0.6398467432950191,recent win form: home 53.0% / away 37.5% | offense quality (park-adj.): home 104.2 / away 84.4 | recent runs allowed: home 4.47 / away 5.82 | starter K-BB% (season): home 13.9% / away 10.4% | recent runs scored: home 4.58 / away 4.67 | starter's current-form FIP: home 4.34 / away 5.51,"Arizona Diamondbacks favored mainly on recent win form, offense quality (park-adj.) and recent runs allowed.",2026-08-11T14:13:40,Colorado Rockies,False
2026-08-11,824970,Athletics,Tampa Bay Rays,Tampa Bay Rays,0.4457751164337991,0.5542248835662009,recent win form: home 40.2% / away 59.8% | offense quality (park-adj.): home 96.9 / away 105.5 | recent runs allowed: home 5.68 / away 4.07 | starter K-BB% (season): home 6.7% / away 10.6% | recent runs scored: home 4.35 / away 4.48 | starter's current-form FIP: home 5.78 / away 4.80,"Tampa Bay Rays favored mainly on recent win form, offense quality (park-adj.) and recent runs allowed.",2026-08-11T14:13:40,Tampa Bay Rays,True
2026-08-11,823264,San Diego Padres,Milwaukee Brewers,Milwaukee Brewers,0.4457751164337991,0.5542248835662009,recent win form: home 52.8% / away 62.0% | offense quality (park-adj.): home 97.1 / away 100.6 | recent runs allowed: home 4.26 / away 3.77 | starter K-BB% (season): home 5.5% / away 15.4% | recent runs scored: home 4.23 / away 4.94 | starter's current-form FIP: home 4.49 / away 2.16,"Milwaukee Brewers favored mainly on recent win form, offense quality (park-adj.) and recent runs allowed.",2026-08-11T14:13:40,San Diego Padres,False
2026-08-11,823917,Los Angeles Dodgers,Kansas City Royals,Los Angeles Dodgers,0.6521739130434783,0.6521739130434783,recent win form: home 59.5% / away 41.7% | offense quality (park-adj.): home 110.5 / away 93.6 | recent runs allowed: home 3.88 / away 4.96 | starter K-BB% (season): home 19.3% / away 11.3% | recent runs scored: home 5.02 / away 4.13 | starter's current-form FIP: home 1.77 / away 4.12,"Los Angeles Dodgers favored mainly on recent win form, offense quality (park-adj.) and recent runs allowed.",2026-08-11T14:13:40,Los Angeles Dodgers,True
2026-08-12,823672,Minnesota Twins,Baltimore Orioles,Baltimore Orioles,0.4978354978354978,0.5021645021645023,recent win form: home 48.3% / away 48.1% | offense quality (park-adj.): home 98.5 / away 96.3 | recent runs allowed: home 4.93 / away 4.78 | starter K-BB% (season): home 18.1% / away 15.8% | recent runs scored: home 4.62 / away 4.46 | starter's current-form FIP: home 4.16 / away 2.83,"Baltimore Orioles favored mainly on recent runs allowed, starter's current-form FIP and trailing win% (last 10).",2026-08-12T14:14:50,Minnesota Twins,False
2026-08-12,823017,St. Louis Cardinals,Philadelphia Phillies,Philadelphia Phillies,0.4978354978354978,0.5021645021645023,recent win form: home 49.8% / away 53.5% | offense quality (park-adj.): home 96.3 / away 103.2 | recent runs allowed: home 4.43 / away 4.38 | starter K-BB% (season): home 14.3% / away 27.7% | recent runs scored: home 4.34 / away 4.45 | starter's current-form FIP: home 2.63 / away 5.71,"Philadelphia Phillies favored mainly on recent win form, offense quality (park-adj.) and recent runs allowed.",2026-08-12T14:14:50,St. Louis Cardinals,False
2026-08-12,824967,Athletics,Tampa Bay Rays,Tampa Bay Rays,0.4444444444444445,0.5555555555555555,recent win form: home 39.9% / away 60.1% | offense quality (park-adj.): home 96.9 / away 105.5 | recent runs allowed: home 5.73 / away 4.07 | starter K-BB% (season): home 11.8% / away 15.4% | recent runs scored: home 4.35 / away 4.53 | starter's current-form FIP: home 6.03 / away 1.00,"Tampa Bay Rays favored mainly on recent win form, offense quality (park-adj.) and recent runs allowed.",2026-08-12T14:14:50,Tampa Bay Rays,True
2026-08-12,825047,Arizona Diamondbacks,Colorado Rockies,Arizona Diamondbacks,0.6398467432950191,0.6398467432950191,recent win form: home 52.6% / away 38.0% | offense quality (park-adj.): home 104.2 / away 84.4 | recent runs allowed: home 4.46 / away 5.79 | starter K-BB% (season): home 15.9% / away 9.6% | recent runs scored: home 4.56 / away 4.66 | starter's current-form FIP: home 3.71 / away 6.10,"Arizona Diamondbacks favored mainly on recent win form, offense quality (park-adj.) and recent runs allowed.",2026-08-12T14:14:50,Colorado Rockies,False
2026-08-12,823263,San Diego Padres,Milwaukee Brewers,Milwaukee Brewers,0.459727385377943,0.540272614622057,recent win form: home 53.1% / away 61.5% | offense quality (park-adj.): home 101.2 / away 100.2 | recent runs allowed: home 4.24 / away 3.83 | starter K-BB% (season): home 15.0% / away 11.5% | recent runs scored: home 4.29 / away 4.91 | starter's current-form FIP: home 3.75 / away 3.04,"Milwaukee Brewers favored mainly on recent win form, recent runs allowed and recent runs scored.",2026-08-12T14:14:50,San Diego Padres,False
2026-08-12,824241,Detroit Tigers,Cleveland Guardians,Detroit Tigers,0.5441176470588234,0.5441176470588234,recent win form: home 50.0% / away 48.9% | offense quality (park-adj.): home 105.7 / away 91.9 | recent runs allowed: home 3.87 / away 4.20 | starter K-BB% (season): home 14.8% / away 13.9% | recent runs scored: home 4.59 / away 3.97 | starter's current-form FIP: home 3.31 / away 5.91,"Detroit Tigers favored mainly on recent win form, offense quality (park-adj.) and recent runs allowed.",2026-08-12T14:14:50,Cleveland Guardians,False
2026-08-12,823833,Miami Marlins,Pittsburgh Pirates,Miami Marlins,0.5441176470588234,0.5441176470588234,recent win form: home 50.6% / away 47.6% | offense quality (park-adj.): home 110.3 / away 96.0 | recent runs allowed: home 4.30 / away 4.74 | starter K-BB% (season): home 14.3% / away 14.8% | recent runs scored: home 4.38 / away 4.85 | starter's current-form FIP: home 3.10 / away 5.64,"Miami Marlins favored mainly on recent win form, offense quality (park-adj.) and recent runs allowed.",2026-08-12T14:14:50,Miami Marlins,True
2026-08-12,822698,Washington Nationals,Chicago Cubs,Chicago Cubs,0.459727385377943,0.540272614622057,recent win form: home 48.0% / away 58.2% | offense quality (park-adj.): home 89.8 / away 103.4 | recent runs allowed: home 5.21 / away 4.25 | starter K-BB% (season): home 13.9% / away 11.8% | recent runs scored: home 5.26 / away 5.16 | starter's current-form FIP: home 5.22 / away 3.86,"Chicago Cubs favored mainly on recent win form, offense quality (park-adj.) and recent runs allowed.",2026-08-12T14:14:50,Chicago Cubs,True
2026-08-12,823511,New York Yankees,Seattle Mariners,New York Yankees,0.6201298701298701,0.6201298701298701,recent win form: home 56.5% / away 47.5% | offense quality (park-adj.): home 112.3 / away 110.6 | recent runs allowed: home 3.82 / away 4.06 | starter K-BB% (season): home 14.9% / away 9.8% | recent runs scored: home 4.56 / away 3.94 | starter's current-form FIP: home 2.30 / away 6.36,"New York Yankees favored mainly on recent win form, offense quality (park-adj.) and recent runs allowed.",2026-08-12T14:14:50,New York Yankees,True
2026-08-12,822779,Toronto Blue Jays,Boston Red Sox,Boston Red Sox,0.4978354978354978,0.5021645021645023,recent win form: home 48.8% / away 53.9% | offense quality (park-adj.): home 104.0 / away 98.8 | recent runs allowed: home 4.40 / away 3.79 | starter K-BB% (season): home 10.2% / away 17.3% | recent runs scored: home 4.02 / away 4.47 | starter's current-form FIP: home 2.56 / away 3.36,"Boston Red Sox favored mainly on recent win form, recent runs allowed and starter K-BB% (season).",2026-08-12T14:14:50,Toronto Blue Jays,False
2026-08-12,824883,Atlanta Braves,New York Mets,Atlanta Braves,0.6183385579937304,0.6183385579937304,recent win form: home 58.8% / away 44.5% | offense quality (park-adj.): home 101.1 / away 113.8 | recent runs allowed: home 3.93 / away 4.54 | starter K-BB% (season): home 10.7% / away 13.9% | recent runs scored: home 4.84 / away 4.24 | starter's current-form FIP: home 2.48 / away 4.60,"Atlanta Braves favored mainly on recent win form, recent runs allowed and recent runs scored.",2026-08-12T14:14:50,Atlanta Braves,True
2026-08-12,824562,Chicago White Sox,Cincinnati Reds,Cincinnati Reds,0.4978354978354978,0.5021645021645023,recent win form: home 50.3% / away 48.6% | offense quality (park-adj.): home 94.9 / away 94.9 | recent runs allowed: home 4.46 / away 4.70 | starter K-BB% (season): home 14.9% / away 13.9% | recent runs scored: home 4.68 / away 4.15 | starter's current-form FIP: home 6.85 / away 3.92,"Cincinnati Reds favored mainly on offense quality (park-adj.), starter's current-form FIP and trailing win% (last 10).",2026-08-12T14:14:50,Chicago White Sox,False
2026-08-12,823916,Los Angeles Dodgers,Kansas City Royals,Los Angeles Dodgers,0.6201298701298701,0.6201298701298701,recent win form: home 59.8% / away 41.4% | offense quality (park-adj.): home 109.8 / away 93.6 | recent runs allowed: home 3.88 / away 4.96 | starter K-BB% (season): home 16.8% / away 6.6% | recent runs scored: home 5.02 / away 4.13 | starter's current-form FIP: home 5.58 / away 4.30,"Los Angeles Dodgers favored mainly on recent win form, offense quality (park-adj.) and recent runs allowed.",2026-08-12T14:14:50,Los Angeles Dodgers,True
2026-08-12,823994,Los Angeles Angels,Texas Rangers,Texas Rangers,0.4978354978354978,0.5021645021645023,recent win form: home 38.9% / away 50.0% | offense quality (park-adj.): home 96.5 / away 91.4 | recent runs allowed: home 4.87 / away 4.32 | starter K-BB% (season): home 13.9% / away 9.7% | recent runs scored: home 4.07 / away 4.13 | starter's current-form FIP: home 7.37 / away 4.40,"Texas Rangers favored mainly on recent win form, recent runs allowed and recent runs scored.",2026-08-12T14:14:50,Los Angeles Angels,False
2026-08-13,824238,Detroit Tigers,Cleveland Guardians,Detroit Tigers,0.6018808777429467,0.6018808777429467,recent win form: home 49.6% / away 49.3% | offense quality (park-adj.): home 112.2 / away 96.4 | recent runs allowed: home 3.89 / away 4.20 | starter K-BB% (season): home 10.0% / away 19.4% | recent runs scored: home 4.58 / away 3.99 | starter's current-form FIP: home 5.61 / away 2.68,"Detroit Tigers favored mainly on recent win form, offense quality (park-adj.) and recent runs allowed.",2026-08-13T14:16:34,Detroit Tigers,True
2026-08-13,823829,Miami Marlins,Pittsburgh Pirates,Pittsburgh Pirates,0.4978354978354978,0.5021645021645023,recent win form: home 51.0% / away 47.2% | offense quality (park-adj.): home 110.3 / away 96.0 | recent runs allowed: home 4.29 / away 4.77 | starter K-BB% (season): home 8.9% / away 16.1% | recent runs scored: home 4.41 / away 4.83 | starter's current-form FIP: home 4.81 / away 4.41,"Pittsburgh Pirates favored mainly on starter K-BB% (season), recent runs scored and starter's current-form FIP.",2026-08-13T14:16:34,Pittsburgh Pirates,True
2026-08-13,823508,New York Yankees,Seattle Mariners,New York Yankees,0.6183385579937304,0.6183385579937304,recent win form: home 56.8% / away 47.1% | offense quality (park-adj.): home 112.3 / away 107.6 | recent runs allowed: home 3.83 / away 4.11 | starter K-BB% (season): home 16.6% / away 25.3% | recent runs scored: home 4.61 / away 3.95 | starter's current-form FIP: home 1.67 / away 5.22,"New York Yankees favored mainly on recent win form, offense quality (park-adj.) and recent runs allowed.",2026-08-13T14:16:34,Seattle Mariners,False
2026-08-13,824561,Chicago White Sox,Cincinnati Reds,Chicago White Sox,0.5441176470588234,0.5441176470588234,recent win form: home 50.7% / away 48.2% | offense quality (park-adj.): home 98.3 / away 94.9 | recent runs allowed: home 4.43 / away 4.70 | starter K-BB% (season): home 9.3% / away 15.5% | recent runs scored: home 4.69 / away 4.12 | starter's current-form FIP: home 7.35 / away 4.68,"Chicago White Sox favored mainly on recent win form, offense quality (park-adj.) and recent runs allowed.",2026-08-13T14:16:34,Cincinnati Reds,False
2026-08-13,822776,Toronto Blue Jays,Boston Red Sox,Boston Red Sox,0.459727385377943,0.540272614622057,recent win form: home 49.2% / away 53.5% | offense quality (park-adj.): home 104.0 / away 98.8 | recent runs allowed: home 4.40 / away 3.80 | starter K-BB% (season): home 15.4% / away 14.7% | recent runs scored: home 4.04 / away 4.46 | starter's current-form FIP: home 3.96 / away 3.39,"Boston Red Sox favored mainly on recent win form, recent runs allowed and recent runs scored.",2026-08-13T14:16:34,Boston Red Sox,True
2026-08-13,822696,Washington Nationals,Chicago Cubs,Chicago Cubs,0.459727385377943,0.540272614622057,recent win form: home 47.7% / away 58.5% | offense quality (park-adj.): home 100.5 / away 103.5 | recent runs allowed: home 5.27 / away 4.26 | starter K-BB% (season): home 11.4% / away 17.2% | recent runs scored: home 5.27 / away 5.21 | starter's current-form FIP: home 6.71 / away 2.78,"Chicago Cubs favored mainly on recent win form, offense quality (park-adj.) and recent runs allowed.",2026-08-13T14:16:34,Washington Nationals,False
2026-08-13,823669,Minnesota Twins,Philadelphia Phillies,Philadelphia Phillies,0.4978354978354978,0.5021645021645023,recent win form: home 48.6% / away 53.1% | offense quality (park-adj.): home 98.5 / away 103.2 | recent runs allowed: home 4.93 / away 4.40 | starter K-BB% (season): home 11.7% / away 17.5% | recent runs scored: home 4.64 / away 4.42 | starter's current-form FIP: home 2.45 / away 5.44,"Philadelphia Phillies favored mainly on recent win form, offense quality (park-adj.) and recent runs allowed.",2026-08-13T14:16:34,Philadelphia Phillies,True
2026-08-13,823995,Los Angeles Angels,Texas Rangers,Texas Rangers,0.4978354978354978,0.5021645021645023,recent win form: home 39.3% / away 49.6% | offense quality (park-adj.): home 96.5 / away 91.4 | recent runs allowed: home 4.85 / away 4.33 | starter K-BB% (season): home 13.9% / away 22.1% | recent runs scored: home 4.08 / away 4.12 | starter's current-form FIP: home 3.73 / away 3.02,"Texas Rangers favored mainly on recent win form, recent runs allowed and starter K-BB% (season).",2026-08-13T14:16:34,Los Angeles Angels,False
2026-08-13,823915,Los Angeles Dodgers,Milwaukee Brewers,Milwaukee Brewers,0.4978354978354978,0.5021645021645023,recent win form: home 60.1% / away 61.0% | offense quality (park-adj.): home 110.2 / away 100.6 | recent runs allowed: home 3.87 / away 3.83 | starter K-BB% (season): home 3.4% / away 13.9% | recent runs scored: home 5.02 / away 4.90 | starter's current-form FIP: home 3.21 / away 4.63,"Milwaukee Brewers favored mainly on recent win form, recent runs allowed and starter K-BB% (season).",2026-08-13T14:16:34,Milwaukee Brewers,True
2026-08-14,824643,Chicago Cubs,St. Louis Cardinals,Chicago Cubs,0.5441176470588234,0.5441176470588234,recent win form: home 58.1% / away 50.2% | offense quality (park-adj.): home 103.5 / away 96.3 | recent runs allowed: home 4.28 / away 4.40 | starter K-BB% (season): home 8.9% / away 12.7% | recent runs scored: home 5.17 / away 4.36 | starter's current-form FIP: home 3.17 / away 3.85,"Chicago Cubs favored mainly on recent win form, offense quality (park-adj.) and recent runs allowed.",2026-08-14T14:09:29,Chicago Cubs,True
2026-08-14,824479,Cincinnati Reds,Miami Marlins,Cincinnati Reds,0.5441176470588234,0.5441176470588234,recent win form: home 48.6% / away 50.6% | offense quality (park-adj.): home 94.9 / away 110.3 | recent runs allowed: home 4.72 / away 4.35 | starter K-BB% (season): home 26.9% / away 11.4% | recent runs scored: home 4.16 / away 4.38 | starter's current-form FIP: home 2.86 / away 1.90,"Cincinnati Reds favored mainly on starter K-BB% (season), trailing win% (last 10) and starter's current-form K-BB%.",2026-08-14T14:09:29,Cincinnati Reds,True
2026-08-14,823346,Pittsburgh Pirates,Boston Red Sox,Boston Red Sox,0.4978354978354978,0.5021645021645023,recent win form: home 47.6% / away 53.8% | offense quality (park-adj.): home 95.0 / away 98.8 | recent runs allowed: home 4.74 / away 3.77 | starter K-BB% (season): home 21.8% / away 13.9% | recent runs scored: home 4.89 / away 4.48 | starter's current-form FIP: home 2.59 / away 3.56,"Boston Red Sox favored mainly on recent win form, offense quality (park-adj.) and recent runs allowed.",2026-08-14T14:09:29,Pittsburgh Pirates,False
2026-08-14,824237,Detroit Tigers,Chicago White Sox,Detroit Tigers,0.6018808777429467,0.6018808777429467,recent win form: home 50.0% / away 50.3% | offense quality (park-adj.): home 112.2 / away 93.6 | recent runs allowed: home 3.86 / away 4.46 | starter K-BB% (season): home 5.5% / away 15.3% | recent runs scored: home 4.57 / away 4.71 | starter's current-form FIP: home 2.10 / away 0.43,"Detroit Tigers favored mainly on offense quality (park-adj.), recent runs allowed and trailing win% (last 10).",2026-08-14T14:09:29,Chicago White Sox,False
2026-08-14,823591,New York Mets,Washington Nationals,Washington Nationals,0.4457751164337991,0.5542248835662009,recent win form: home 44.1% / away 48.1% | offense quality (park-adj.): home 102.0 / away 100.5 | recent runs allowed: home 4.55 / away 5.23 | starter K-BB% (season): home -20.0% / away 10.2% | recent runs scored: home 4.23 / away 5.28 | starter's current-form FIP: home 4.60 / away 3.29,"Washington Nationals favored mainly on recent win form, starter K-BB% (season) and recent runs scored.",2026-08-14T14:09:29,New York Mets,False
2026-08-14,824399,Cleveland Guardians,San Diego Padres,San Diego Padres,0.4978354978354978,0.5021645021645023,recent win form: home 48.9% / away 53.5% | offense quality (park-adj.): home 96.4 / away 101.2 | recent runs allowed: home 4.19 / away 4.23 | starter K-BB% (season): home 13.3% / away 17.0% | recent runs scored: home 3.96 / away 4.28 | starter's current-form FIP: home 2.01 / away 5.22,"San Diego Padres favored mainly on recent win form, offense quality (park-adj.) and starter K-BB% (season).",2026-08-14T14:09:29,San Diego Padres,True
2026-08-14,822777,Toronto Blue Jays,New York Yankees,New York Yankees,0.4457751164337991,0.5542248835662009,recent win form: home 48.9% / away 56.4% | offense quality (park-adj.): home 104.7 / away 112.3 | recent runs allowed: home 4.42 / away 3.81 | starter K-BB% (season): home 17.4% / away 13.9% | recent runs scored: home 4.01 / away 4.57 | starter's current-form FIP: home 6.35 / away 1.65,"New York Yankees favored mainly on recent win form, offense quality (park-adj.) and recent runs allowed.",2026-08-14T14:09:29,Toronto Blue Jays,False
2026-08-14,824159,Houston Astros,Seattle Mariners,Seattle Mariners,0.4978354978354978,0.5021645021645023,recent win form: home 51.1% / away 47.5% | offense quality (park-adj.): home 98.3 / away 109.6 | recent runs allowed: home 4.74 / away 4.08 | starter K-BB% (season): home 13.9% / away 20.7% | recent runs scored: home 4.55 / away 3.92 | starter's current-form FIP: home 2.91 / away 6.72,"Seattle Mariners favored mainly on offense quality (park-adj.), recent runs allowed and starter K-BB% (season).",2026-08-14T14:09:29,Houston Astros,False
2026-08-14,823993,Los Angeles Angels,Kansas City Royals,Los Angeles Angels,0.5441176470588234,0.5441176470588234,recent win form: home 39.8% / away 41.1% | offense quality (park-adj.): home 96.5 / away 100.3 | recent runs allowed: home 4.81 / away 4.96 | starter K-BB% (season): home 13.9% / away 11.5% | recent runs scored: home 4.10 / away 4.11 | starter's current-form FIP: home 3.54 / away 4.10,"Los Angeles Angels favored mainly on recent runs allowed, starter K-BB% (season) and starter's current-form FIP.",2026-08-14T14:09:29,Kansas City Royals,False
2026-08-14,823913,Los Angeles Dodgers,Milwaukee Brewers,Los Angeles Dodgers,0.6183385579937304,0.6183385579937304,recent win form: home 59.6% / away 61.3% | offense quality (park-adj.): home 109.8 / away 100.6 | recent runs allowed: home 3.88 / away 3.83 | starter K-BB% (season): home 20.4% / away 2.2% | recent runs scored: home 5.01 / away 4.90 | starter's current-form FIP: home 4.07 / away 2.21,"Los Angeles Dodgers favored mainly on offense quality (park-adj.), starter K-BB% (season) and recent runs scored.",2026-08-14T14:09:29,Los Angeles Dodgers,True
2026-08-14,823185,San Francisco Giants,Colorado Rockies,San Francisco Giants,0.6183385579937304,0.6183385579937304,recent win form: home 42.1% / away 38.5% | offense quality (park-adj.): home 91.5 / away 84.4 | recent runs allowed: home 4.57 / away 5.78 | starter K-BB% (season): home 12.0% / away 12.1% | recent runs scored: home 4.10 / away 4.67 | starter's current-form FIP: home 5.22 / away 3.37,"San Francisco Giants favored mainly on recent win form, offense quality (park-adj.) and recent runs allowed.",2026-08-14T14:09:29,Colorado Rockies,False
2026-08-15,824239,Detroit Tigers,Chicago White Sox,Chicago White Sox,0.4978354978354978,0.5021645021645023,recent win form: home 49.6% / away 50.7% | offense quality (park-adj.): home 105.7 / away 93.6 | recent runs allowed: home 3.90 / away 4.47 | starter K-BB% (season): home 11.6% / away 13.9% | recent runs scored: home 4.58 / away 4.74 | starter's current-form FIP: home 2.45 / away 2.76,"Chicago White Sox favored mainly on recent win form, starter K-BB% (season) and recent runs scored.",2026-08-15T13:23:03,Chicago White Sox,True
2026-08-15,824644,Chicago Cubs,St. Louis Cardinals,Chicago Cubs,0.6183385579937304,0.6183385579937304,recent win form: home 58.4% / away 49.8% | offense quality (park-adj.): home 103.5 / away 96.7 | recent runs allowed: home 4.25 / away 4.39 | starter K-BB% (season): home 15.2% / away 9.5% | recent runs scored: home 5.15 / away 4.33 | starter's current-form FIP: home 4.79 / away 4.73,"Chicago Cubs favored mainly on recent win form, offense quality (park-adj.) and recent runs allowed.",2026-08-15T13:23:03,St. Louis Cardinals,False
2026-08-15,822775,Toronto Blue Jays,New York Yankees,New York Yankees,0.4457751164337991,0.5542248835662009,recent win form: home 49.2% / away 55.9% | offense quality (park-adj.): home 105.1 / away 112.3 | recent runs allowed: home 4.39 / away 3.80 | starter K-BB% (season): home 20.9% / away 18.6% | recent runs scored: home 4.00 / away 4.54 | starter's current-form FIP: home 6.10 / away 2.73,"New York Yankees favored mainly on recent win form, offense quality (park-adj.) and recent runs allowed.",2026-08-15T13:23:03,Toronto Blue Jays,False
2026-08-15,823184,San Francisco Giants,Colorado Rockies,San Francisco Giants,0.6201298701298701,0.6201298701298701,recent win form: home 41.8% / away 38.9% | offense quality (park-adj.): home 104.7 / away 84.4 | recent runs allowed: home 4.57 / away 5.75 | starter K-BB% (season): home 20.8% / away 14.5% | recent runs scored: home 4.08 / away 4.67 | starter's current-form FIP: home 2.15 / away 6.72,"San Francisco Giants favored mainly on recent win form, offense quality (park-adj.) and recent runs allowed.",2026-08-15T13:23:03,San Francisco Giants,True
2026-08-15,823588,New York Mets,Washington Nationals,Washington Nationals,0.4978354978354978,0.5021645021645023,recent win form: home 44.6% / away 47.7% | offense quality (park-adj.): home 113.8 / away 89.8 | recent runs allowed: home 4.53 / away 5.22 | starter K-BB% (season): home 24.0% / away 11.9% | recent runs scored: home 4.23 / away 5.25 | starter's current-form FIP: home 3.26 / away 2.30,"Washington Nationals favored mainly on recent win form, recent runs scored and starter's current-form FIP.",2026-08-15T13:23:03,New York Mets,False
2026-08-15,822941,Tampa Bay Rays,Baltimore Orioles,Tampa Bay Rays,0.6018808777429467,0.6018808777429467,recent win form: home 59.9% / away 48.2% | offense quality (park-adj.): home 105.5 / away 89.3 | recent runs allowed: home 4.09 / away 4.79 | starter K-BB% (season): home 18.6% / away 29.4% | recent runs scored: home 4.56 / away 4.47 | starter's current-form FIP: home 3.83 / away 3.10,"Tampa Bay Rays favored mainly on recent win form, offense quality (park-adj.) and recent runs allowed.",2026-08-15T13:23:03,Baltimore Orioles,False
2026-08-15,824480,Cincinnati Reds,Miami Marlins,Miami Marlins,0.4978354978354978,0.5021645021645023,recent win form: home 49.0% / away 50.3% | offense quality (park-adj.): home 94.9 / away 110.3 | recent runs allowed: home 4.69 / away 4.33 | starter K-BB% (season): home 14.4% / away 13.5% | recent runs scored: home 4.14 / away 4.35 | starter's current-form FIP: home 3.90 / away 4.70,"Miami Marlins favored mainly on recent win form, offense quality (park-adj.) and recent runs allowed.",2026-08-15T13:23:03,Miami Marlins,True
2026-08-15,824157,Houston Astros,Seattle Mariners,Houston Astros,0.5441176470588234,0.5441176470588234,recent win form: home 51.4% / away 47.2% | offense quality (park-adj.): home 98.3 / away 110.6 | recent runs allowed: home 4.76 / away 4.12 | starter K-BB% (season): home 17.6% / away 7.7% | recent runs scored: home 4.59 / away 3.95 | starter's current-form FIP: home 4.17 / away 3.74,"Houston Astros favored mainly on recent win form, starter K-BB% (season) and recent runs scored.",2026-08-15T13:23:03,Seattle Mariners,False
2026-08-15,823671,Minnesota Twins,Philadelphia Phillies,Philadelphia Phillies,0.4457751164337991,0.5542248835662009,recent win form: home 48.3% / away 53.4% | offense quality (park-adj.): home 98.3 / away 102.6 | recent runs allowed: home 4.94 / away 4.38 | starter K-BB% (season): home 13.9% / away 21.1% | recent runs scored: home 4.61 / away 4.44 | starter's current-form FIP: home 4.72 / away 2.30,"Philadelphia Phillies favored mainly on recent win form, offense quality (park-adj.) and recent runs allowed.",2026-08-15T13:23:03,Philadelphia Phillies,True
2026-08-15,823347,Pittsburgh Pirates,Boston Red Sox,Boston Red Sox,0.4457751164337991,0.5542248835662009,recent win form: home 48.0% / away 53.4% | offense quality (park-adj.): home 96.0 / away 98.8 | recent runs allowed: home 4.73 / away 3.81 | starter K-BB% (season): home 13.9% / away 21.6% | recent runs scored: home 4.91 / away 4.48 | starter's current-form FIP: home 6.64 / away 2.78,"Boston Red Sox favored mainly on recent win form, offense quality (park-adj.) and recent runs allowed.",2026-08-15T13:23:03,Boston Red Sox,True
2026-08-15,824884,Atlanta Braves,Arizona Diamondbacks,Atlanta Braves,0.5826086956521739,0.5826086956521739,recent win form: home 58.7% / away 52.5% | offense quality (park-adj.): home 100.7 / away 104.2 | recent runs allowed: home 3.91 / away 4.44 | starter K-BB% (season): home 14.0% / away 12.0% | recent runs scored: home 4.81 / away 4.54 | starter's current-form FIP: home 5.02 / away 2.08,"Atlanta Braves favored mainly on recent win form, recent runs allowed and starter K-BB% (season).",2026-08-15T13:23:03,Arizona Diamondbacks,False
2026-08-15,823914,Los Angeles Dodgers,Milwaukee Brewers,Los Angeles Dodgers,0.5441176470588234,0.5441176470588234,recent win form: home 59.9% / away 60.9% | offense quality (park-adj.): home 110.5 / away 100.2 | recent runs allowed: home 3.86 / away 3.82 | starter K-BB% (season): home 21.7% / away 21.6% | recent runs scored: home 4.99 / away 4.87 | starter's current-form FIP: home 10.93 / away 2.88,"Los Angeles Dodgers favored mainly on offense quality (park-adj.), starter K-BB% (season) and recent runs scored.",2026-08-15T13:23:03,Milwaukee Brewers,False
2026-08-15,823990,Los Angeles Angels,Kansas City Royals,Los Angeles Angels,0.6018808777429467,0.6018808777429467,recent win form: home 39.5% / away 41.5% | offense quality (park-adj.): home 96.5 / away 93.6 | recent runs allowed: home 4.83 / away 4.96 | starter K-BB% (season): home 20.7% / away -5.3% | recent runs scored: home 4.12 / away 4.13 | starter's current-form FIP: home 5.10 / away 2.92,"Los Angeles Angels favored mainly on offense quality (park-adj.), recent runs allowed and starter K-BB% (season).",2026-08-15T13:23:03,Los Angeles Angels,True
2026-08-15,824966,Athletics,Texas Rangers,Texas Rangers,0.4457751164337991,0.5542248835662009,recent win form: home 40.0% / away 48.9% | offense quality (park-adj.): home 95.4 / away 93.0 | recent runs allowed: home 5.73 / away 4.38 | starter K-BB% (season): home 17.3% / away 17.8% | recent runs scored: home 4.38 / away 4.08 | starter's current-form FIP: home 2.72 / away 3.65,"Texas Rangers favored mainly on recent win form, recent runs allowed and starter K-BB% (season).",2026-08-15T13:23:03,Texas Rangers,True
2026-08-16,822940,Tampa Bay Rays,Baltimore Orioles,Tampa Bay Rays,0.6183385579937304,0.6183385579937304,recent win form: home 59.5% / away 48.6% | offense quality (park-adj.): home 95.7 / away 96.3 | recent runs allowed: home 4.09 / away 4.78 | starter K-BB% (season): home 19.2% / away 17.5% | recent runs scored: home 4.55 / away 4.47 | starter's current-form FIP: home 5.22 / away 2.73,"Tampa Bay Rays favored mainly on recent win form, recent runs allowed and starter K-BB% (season).",2026-08-16T13:24:29,Baltimore Orioles,False
2026-08-16,823344,Pittsburgh Pirates,Boston Red Sox,Boston Red Sox,0.4978354978354978,0.5021645021645023,recent win form: home 47.6% / away 53.8% | offense quality (park-adj.): home 95.0 / away 98.8 | recent runs allowed: home 4.73 / away 3.78 | starter K-BB% (season): home 15.2% / away 13.9% | recent runs scored: home 4.88 / away 4.48 | starter's current-form FIP: home 1.99 / away 4.41,"Boston Red Sox favored mainly on recent win form, offense quality (park-adj.) and recent runs allowed.",2026-08-16T13:24:29,Pittsburgh Pirates,False
2026-08-16,824880,Atlanta Braves,Arizona Diamondbacks,Arizona Diamondbacks,0.4978354978354978,0.5021645021645023,recent win form: home 58.2% / away 52.9% | offense quality (park-adj.): home 101.4 / away 104.2 | recent runs allowed: home 3.95 / away 4.43 | starter K-BB% (season): home 11.8% / away 16.6% | recent runs scored: home 4.80 / away 4.58 | starter's current-form FIP: home 5.49 / away 2.05,"Arizona Diamondbacks favored mainly on offense quality (park-adj.), starter K-BB% (season) and starter's current-form FIP.",2026-08-16T13:24:29,Atlanta Braves,False
2026-08-16,822774,Toronto Blue Jays,New York Yankees,New York Yankees,0.459727385377943,0.540272614622057,recent win form: home 49.6% / away 55.5% | offense quality (park-adj.): home 104.0 / away 112.3 | recent runs allowed: home 4.37 / away 3.81 | starter K-BB% (season): home 20.1% / away 15.1% | recent runs scored: home 4.00 / away 4.52 | starter's current-form FIP: home 3.21 / away 3.42,"New York Yankees favored mainly on recent win form, offense quality (park-adj.) and recent runs allowed.",2026-08-16T13:24:29,New York Yankees,True
2026-08-16,823590,New York Mets,Washington Nationals,New York Mets,0.6183385579937304,0.6183385579937304,recent win form: home 45.0% / away 47.4% | offense quality (park-adj.): home 113.8 / away 97.4 | recent runs allowed: home 4.52 / away 5.22 | starter K-BB% (season): home 13.9% / away 7.9% | recent runs scored: home 4.23 / away 5.24 | starter's current-form FIP: home 1.23 / away 7.05,"New York Mets favored mainly on offense quality (park-adj.), recent runs allowed and starter K-BB% (season).",2026-08-16T13:24:29,New York Mets,True
2026-08-16,824397,Cleveland Guardians,San Diego Padres,San Diego Padres,0.4978354978354978,0.5021645021645023,recent win form: home 48.9% / away 53.4% | offense quality (park-adj.): home 96.4 / away 101.2 | recent runs allowed: home 4.18 / away 4.25 | starter K-BB% (season): home 14.2% / away 16.3% | recent runs scored: home 3.98 / away 4.28 | starter's current-form FIP: home 3.82 / away 4.47,"San Diego Padres favored mainly on recent win form, offense quality (park-adj.) and starter K-BB% (season).",2026-08-16T13:24:29,San Diego Padres,True
2026-08-16,824236,Detroit Tigers,Chicago White Sox,Chicago White Sox,0.4978354978354978,0.5021645021645023,recent win form: home 49.2% / away 51.1% | offense quality (park-adj.): home 103.2 / away 94.9 | recent runs allowed: home 3.90 / away 4.45 | starter K-BB% (season): home 13.9% / away 11.7% | recent runs scored: home 4.56 / away 4.74 | starter's current-form FIP: home 4.07 / away 2.75,"Chicago White Sox favored mainly on recent win form, recent runs scored and starter's current-form FIP.",2026-08-16T13:24:29,Chicago White Sox,True
2026-08-16,824477,Cincinnati Reds,Miami Marlins,Miami Marlins,0.4978354978354978,0.5021645021645023,recent win form: home 48.6% / away 50.6% | offense quality (park-adj.): home 94.9 / away 99.2 | recent runs allowed: home 4.71 / away 4.32 | starter K-BB% (season): home 19.3% / away 19.0% | recent runs scored: home 4.13 / away 4.38 | starter's current-form FIP: home 5.83 / away 1.66,"Miami Marlins favored mainly on recent win form, offense quality (park-adj.) and recent runs allowed.",2026-08-16T13:24:29,Miami Marlins,True
2026-08-16,823670,Minnesota Twins,Philadelphia Phillies,Philadelphia Phillies,0.459727385377943,0.540272614622057,recent win form: home 47.9% / away 53.8% | offense quality (park-adj.): home 98.4 / away 103.2 | recent runs allowed: home 4.97 / away 4.35 | starter K-BB% (season): home 13.7% / away 13.9% | recent runs scored: home 4.58 / away 4.48 | starter's current-form FIP: home 4.22 / away 3.23,"Philadelphia Phillies favored mainly on recent win form, offense quality (park-adj.) and recent runs allowed.",2026-08-16T13:24:29,Philadelphia Phillies,True
2026-08-16,824642,Chicago Cubs,St. Louis Cardinals,Chicago Cubs,0.6018808777429467,0.6018808777429467,recent win form: home 58.0% / away 50.2% | offense quality (park-adj.): home 103.5 / away 96.3 | recent runs allowed: home 4.28 / away 4.39 | starter K-BB% (season): home 17.6% / away 10.9% | recent runs scored: home 5.15 / away 4.36 | starter's current-form FIP: home 5.76 / away 3.91,"Chicago Cubs favored mainly on recent win form, offense quality (park-adj.) and recent runs allowed.",2026-08-16T13:24:29,St. Louis Cardinals,False
2026-08-16,823182,San Francisco Giants,Colorado Rockies,San Francisco Giants,0.5441176470588234,0.5441176470588234,recent win form: home 42.2% / away 38.7% | offense quality (park-adj.): home 101.0 / away 84.4 | recent runs allowed: home 4.55 / away 5.76 | starter K-BB% (season): home 0.0% / away 13.9% | recent runs scored: home 4.11 / away 4.65 | starter's current-form FIP: home 1.98 / away 4.50,"San Francisco Giants favored mainly on recent win form, offense quality (park-adj.) and recent runs allowed.",2026-08-16T13:24:29,Colorado Rockies,False
2026-08-16,824965,Athletics,Texas Rangers,Texas Rangers,0.459727385377943,0.540272614622057,recent win form: home 39.7% / away 49.3% | offense quality (park-adj.): home 96.5 / away 87.4 | recent runs allowed: home 5.72 / away 4.37 | starter K-BB% (season): home 19.0% / away 13.9% | recent runs scored: home 4.37 / away 4.09 | starter's current-form FIP: home 3.50 / away 2.84,"Texas Rangers favored mainly on recent win form, recent runs allowed and starter's current-form FIP.",2026-08-16T13:24:29,Athletics,False
2026-08-16,823991,Los Angeles Angels,Kansas City Royals,Los Angeles Angels,0.5441176470588234,0.5441176470588234,recent win form: home 40.0% / away 41.2% | offense quality (park-adj.): home 97.6 / away 102.4 | recent runs allowed: home 4.79 / away 4.94 | starter K-BB% (season): home 15.3% / away 12.8% | recent runs scored: home 4.09 / away 4.10 | starter's current-form FIP: home 6.93 / away 2.13,"Los Angeles Angels favored mainly on recent runs allowed, starter K-BB% (season) and trailing win% (last 10).",2026-08-16T13:24:29,Kansas City Royals,False
2026-08-16,823912,Los Angeles Dodgers,Milwaukee Brewers,Los Angeles Dodgers,0.5441176470588234,0.5441176470588234,recent win form: home 59.5% / away 61.2% | offense quality (park-adj.): home 110.5 / away 100.2 | recent runs allowed: home 3.86 / away 3.80 | starter K-BB% (season): home 29.2% / away 25.3% | recent runs scored: home 4.96 / away 4.87 | starter's current-form FIP: home 3.38 / away 4.21,"Los Angeles Dodgers favored mainly on offense quality (park-adj.), starter K-BB% (season) and recent runs scored.",2026-08-16T13:24:29,Milwaukee Brewers,False
2026-08-16,824156,Houston Astros,Seattle Mariners,Seattle Mariners,0.4978354978354978,0.5021645021645023,recent win form: home 51.1% / away 47.5% | offense quality (park-adj.): home 98.3 / away 110.6 | recent runs allowed: home 4.80 / away 4.13 | starter K-BB% (season): home 20.4% / away 21.4% | recent runs scored: home 4.59 / away 3.99 | starter's current-form FIP: home 4.66 / away 2.45,"Seattle Mariners favored mainly on offense quality (park-adj.), recent runs allowed and starter K-BB% (season).",2026-08-16T13:24:29,Seattle Mariners,True
2026-08-17,822939,Tampa Bay Rays,Baltimore Orioles,Tampa Bay Rays,0.6183385579937304,0.6183385579937304,recent win form: home 59.0% / away 48.9% | offense quality (park-adj.): home 105.5 / away 94.5 | recent runs allowed: home 4.13 / away 4.76 | starter K-BB% (season): home 13.9% / away 9.8% | recent runs scored: home 4.53 / away 4.51 | starter's current-form FIP: home 4.33 / away 5.22,"Tampa Bay Rays favored mainly on recent win form, offense quality (park-adj.) and recent runs allowed.",2026-08-17T13:32:51,Tampa Bay Rays,True
2026-08-17,823427,Philadelphia Phillies,Miami Marlins,Philadelphia Phillies,0.5441176470588234,0.5441176470588234,recent win form: home 54.1% / away 51.0% | offense quality (park-adj.): home 103.2 / away 99.2 | recent runs allowed: home 4.36 / away 4.30 | starter K-BB% (season): home 20.8% / away 14.3% | recent runs scored: home 4.49 / away 4.40 | starter's current-form FIP: home 2.28 / away 3.89,"Philadelphia Phillies favored mainly on recent win form, offense quality (park-adj.) and starter K-BB% (season).",2026-08-17T13:32:51,Philadelphia Phillies,True
2026-08-17,823343,Pittsburgh Pirates,Detroit Tigers,Detroit Tigers,0.4978354978354978,0.5021645021645023,recent win form: home 48.0% / away 48.9% | offense quality (park-adj.): home 92.1 / away 103.2 | recent runs allowed: home 4.72 / away 3.92 | starter K-BB% (season): home 14.8% / away 14.8% | recent runs scored: home 4.90 / away 4.57 | starter's current-form FIP: home 6.87 / away 3.71,"Detroit Tigers favored mainly on recent win form, offense quality (park-adj.) and recent runs allowed.",2026-08-17T13:32:51,Detroit Tigers,True
2026-08-17,823589,New York Mets,San Diego Padres,San Diego Padres,0.4978354978354978,0.5021645021645023,recent win form: home 45.4% / away 53.8% | offense quality (park-adj.): home 113.8 / away 101.2 | recent runs allowed: home 4.51 / away 4.22 | starter K-BB% (season): home 21.8% / away 5.5% | recent runs scored: home 4.23 / away 4.28 | starter's current-form FIP: home 5.35 / away 3.80,"San Diego Padres favored mainly on recent win form, recent runs allowed and recent runs scored.",2026-08-17T13:32:51,New York Mets,False
2026-08-17,824077,Kansas City Royals,Athletics,Kansas City Royals,0.6018808777429467,0.6018808777429467,recent win form: home 41.7% / away 40.2% | offense quality (park-adj.): home 102.4 / away 96.9 | recent runs allowed: home 4.90 / away 5.69 | starter K-BB% (season): home 11.3% / away 6.7% | recent runs scored: home 4.10 / away 4.37 | starter's current-form FIP: home 3.59 / away 8.58,"Kansas City Royals favored mainly on recent win form, offense quality (park-adj.) and recent runs allowed.",2026-08-17T13:32:51,Kansas City Royals,True
2026-08-17,823668,Minnesota Twins,Atlanta Braves,Atlanta Braves,0.4457751164337991,0.5542248835662009,recent win form: home 47.6% / away 58.6% | offense quality (park-adj.): home 98.3 / away 101.4 | recent runs allowed: home 4.99 / away 3.94 | starter K-BB% (season): home 14.3% / away 9.6% | recent runs scored: home 4.59 / away 4.80 | starter's current-form FIP: home 5.71 / away 2.85,"Atlanta Braves favored mainly on recent win form, offense quality (park-adj.) and recent runs allowed.",2026-08-17T13:32:51,Minnesota Twins,False
2026-08-17,824641,Chicago Cubs,Chicago White Sox,Chicago Cubs,0.5441176470588234,0.5441176470588234,recent win form: home 57.5% / away 51.4% | offense quality (park-adj.): home 103.5 / away 98.3 | recent runs allowed: home 4.33 / away 4.46 | starter K-BB% (season): home 15.9% / away 14.9% | recent runs scored: home 5.14 / away 4.76 | starter's current-form FIP: home 5.79 / away 4.35,"Chicago Cubs favored mainly on recent win form, offense quality (park-adj.) and recent runs allowed.",2026-08-17T13:32:51,Chicago Cubs,True
2026-08-17,824320,Colorado Rockies,Los Angeles Dodgers,Los Angeles Dodgers,0.3828996282527881,0.6171003717472119,recent win form: home 39.1% / away 59.0% | offense quality (park-adj.): home 84.4 / away 110.5 | recent runs allowed: home 5.77 / away 3.87 | starter K-BB% (season): home 10.4% / away 19.3% | recent runs scored: home 4.71 / away 4.94 | starter's current-form FIP: home 5.25 / away 0.77,"Los Angeles Dodgers favored mainly on recent win form, offense quality (park-adj.) and recent runs allowed.",2026-08-17T13:32:51,Los Angeles Dodgers,True
2026-08-18,824803,Baltimore Orioles,New York Yankees,New York Yankees,0.4978354978354978,0.5021645021645023,recent win form: home 48.6% / away 55.9% | offense quality (park-adj.): home 89.3 / away 112.3 | recent runs allowed: home 4.78 / away 3.80 | starter K-BB% (season): home 15.8% / away 16.0% | recent runs scored: home 4.52 / away 4.51 | starter's current-form FIP: home 2.64 / away 2.97,"New York Yankees favored mainly on recent win form, offense quality (park-adj.) and recent runs allowed.",2026-08-18T13:35:42,New York Yankees,True
2026-08-18,823341,Pittsburgh Pirates,Detroit Tigers,Pittsburgh Pirates,0.5441176470588234,0.5441176470588234,recent win form: home 47.7% / away 49.2% | offense quality (park-adj.): home 96.0 / away 103.2 | recent runs allowed: home 4.74 / away 3.93 | starter K-BB% (season): home 16.1% / away 10.0% | recent runs scored: home 4.90 / away 4.59 | starter's current-form FIP: home 4.21 / away 4.74,"Pittsburgh Pirates favored mainly on starter K-BB% (season), recent runs scored and starter's current-form FIP.",2026-08-18T13:35:42,Pittsburgh Pirates,True
2026-08-18,824398,Cleveland Guardians,San Francisco Giants,Cleveland Guardians,0.6183385579937304,0.6183385579937304,recent win form: home 48.6% / away 41.9% | offense quality (park-adj.): home 91.9 / away 101.0 | recent runs allowed: home 4.19 / away 4.61 | starter K-BB% (season): home 13.9% / away 3.9% | recent runs scored: home 3.95 / away 4.13 | starter's current-form FIP: home 7.01 / away 5.13,"Cleveland Guardians favored mainly on recent win form, recent runs allowed and starter K-BB% (season).",2026-08-18T13:35:42,Cleveland Guardians,True
2026-08-18,824475,Cincinnati Reds,St. Louis Cardinals,St. Louis Cardinals,0.4978354978354978,0.5021645021645023,recent win form: home 48.3% / away 50.6% | offense quality (park-adj.): home 94.9 / away 96.7 | recent runs allowed: home 4.71 / away 4.38 | starter K-BB% (season): home 15.5% / away 14.3% | recent runs scored: home 4.10 / away 4.39 | starter's current-form FIP: home 3.98 / away 1.16,"St. Louis Cardinals favored mainly on recent win form, offense quality (park-adj.) and recent runs allowed.",2026-08-18T13:35:42,St. Louis Cardinals,True
2026-08-18,822938,Tampa Bay Rays,Toronto Blue Jays,Tampa Bay Rays,0.5441176470588234,0.5441176470588234,recent win form: home 59.3% / away 49.2% | offense quality (park-adj.): home 105.5 / away 105.1 | recent runs allowed: home 4.14 / away 4.37 | starter K-BB% (season): home 10.6% / away 10.2% | recent runs scored: home 4.55 / away 3.99 | starter's current-form FIP: home 5.18 / away 3.93,"Tampa Bay Rays favored mainly on recent win form, offense quality (park-adj.) and recent runs allowed.",2026-08-18T13:35:42,Toronto Blue Jays,False
2026-08-18,823423,Philadelphia Phillies,Miami Marlins,Philadelphia Phillies,0.5441176470588234,0.5441176470588234,recent win form: home 54.4% / away 50.6% | offense quality (park-adj.): home 100.9 / away 110.3 | recent runs allowed: home 4.36 / away 4.31 | starter K-BB% (season): home 27.7% / away 9.6% | recent runs scored: home 4.50 / away 4.40 | starter's current-form FIP: home 3.34 / away 3.40,"Philadelphia Phillies favored mainly on recent win form, starter K-BB% (season) and recent runs scored.",2026-08-18T13:35:42,Philadelphia Phillies,True
2026-08-18,824723,Boston Red Sox,Arizona Diamondbacks,Boston Red Sox,0.6018808777429467,0.6018808777429467,recent win form: home 53.7% / away 52.1% | offense quality (park-adj.): home 98.8 / away 101.2 | recent runs allowed: home 3.79 / away 4.48 | starter K-BB% (season): home 17.3% / away 15.9% | recent runs scored: home 4.51 / away 4.54 | starter's current-form FIP: home 4.21 / away 6.29,"Boston Red Sox favored mainly on recent win form, recent runs allowed and starter K-BB% (season).",2026-08-18T13:35:42,Boston Red Sox,True
2026-08-18,823586,New York Mets,San Diego Padres,San Diego Padres,0.4457751164337991,0.5542248835662009,recent win form: home 45.8% / away 53.4% | offense quality (park-adj.): home 102.0 / away 100.0 | recent runs allowed: home 4.49 / away 4.20 | starter K-BB% (season): home 13.9% / away 15.0% | recent runs scored: home 4.22 / away 4.26 | starter's current-form FIP: home 5.01 / away 5.03,"San Diego Padres favored mainly on recent win form, recent runs allowed and starter K-BB% (season).",2026-08-18T13:35:42,San Diego Padres,True
2026-08-18,823667,Minnesota Twins,Atlanta Braves,Atlanta Braves,0.4978354978354978,0.5021645021645023,recent win form: home 48.0% / away 58.1% | offense quality (park-adj.): home 98.5 / away 101.4 | recent runs allowed: home 4.97 / away 3.94 | starter K-BB% (season): home 18.1% / away 10.7% | recent runs scored: home 4.58 / away 4.78 | starter's current-form FIP: home 4.50 / away 2.42,"Atlanta Braves favored mainly on recent win form, offense quality (park-adj.) and recent runs allowed.",2026-08-18T13:35:42,Minnesota Twins,False
2026-08-18,823749,Milwaukee Brewers,Seattle Mariners,Milwaukee Brewers,0.6183385579937304,0.6183385579937304,recent win form: home 61.4% / away 47.9% | offense quality (park-adj.): home 100.6 / away 107.6 | recent runs allowed: home 3.79 / away 4.11 | starter K-BB% (season): home 15.4% / away 9.8% | recent runs scored: home 4.87 / away 3.98 | starter's current-form FIP: home 5.59 / away 4.81,"Milwaukee Brewers favored mainly on recent win form, recent runs allowed and starter K-BB% (season).",2026-08-18T13:35:42,Milwaukee Brewers,True
2026-08-18,822859,Texas Rangers,Washington Nationals,Washington Nationals,0.4978354978354978,0.5021645021645023,recent win form: home 48.9% / away 47.0% | offense quality (park-adj.): home 91.4 / away 100.5 | recent runs allowed: home 4.37 / away 5.21 | starter K-BB% (season): home 9.7% / away 13.9% | recent runs scored: home 4.07 / away 5.22 | starter's current-form FIP: home 2.73 / away 3.85,"Washington Nationals favored mainly on offense quality (park-adj.), starter K-BB% (season) and recent runs scored.",2026-08-18T13:35:42,Texas Rangers,False
2026-08-18,824154,Houston Astros,Los Angeles Angels,Houston Astros,0.6018808777429467,0.6018808777429467,recent win form: home 50.7% / away 39.7% | offense quality (park-adj.): home 99.4 / away 96.5 | recent runs allowed: home 4.78 / away 4.78 | starter K-BB% (season): home 12.1% / away 13.9% | recent runs scored: home 4.58 / away 4.06 | starter's current-form FIP: home 5.60 / away 6.10,"Houston Astros favored mainly on recent win form, offense quality (park-adj.) and recent runs scored.",2026-08-18T13:35:42,Los Angeles Angels,False
2026-08-18,824319,Colorado Rockies,Los Angeles Dodgers,Los Angeles Dodgers,0.3828996282527881,0.6171003717472119,recent win form: home 38.8% / away 59.3% | offense quality (park-adj.): home 84.4 / away 110.5 | recent runs allowed: home 5.81 / away 3.88 | starter K-BB% (season): home 9.6% / away 16.8% | recent runs scored: home 4.71 / away 4.99 | starter's current-form FIP: home 5.92 / away 3.90,"Los Angeles Dodgers favored mainly on recent win form, offense quality (park-adj.) and recent runs allowed.",2026-08-18T13:35:42,Los Angeles Dodgers,True
