mlbID,season,official_date,game_pk,ip,bf,so,bb,hr,er,pitches,is_home,opponent_team_id
621112,2026,2026-05-07,823551,1.0,5,0,2,0,0,24,True,140
621112,2026,2026-07-09,822954,2.0,8,3,0,1,1,35,False,139
656288,2026,2026-05-03,823307,5.0,19,7,3,1,1,73,True,145
656288,2026,2026-05-08,823303,4.1,22,5,2,0,6,83,True,138
656288,2026,2026-05-14,823789,1.2,14,2,4,0,6,64,False,158
656288,2026,2026-05-19,823302,5.0,20,5,1,1,3,72,True,119
656288,2026,2026-05-25,823296,6.2,24,5,3,2,3,97,True,143
656288,2026,2026-05-31,822729,5.0,21,3,2,2,3,77,False,120
656288,2026,2026-06-06,823292,5.0,19,6,2,0,1,86,True,121
656288,2026,2026-06-12,824826,5.0,24,6,5,2,7,93,False,110
656288,2026,2026-06-29,824662,4.1,20,3,2,0,2,75,False,112
660761,2026,2026-03-31,824942,3.2,18,6,3,0,4,66,True,133
660271,2026,2026-03-31,823969,6.0,23,6,3,0,0,87,True,114
660271,2026,2026-04-08,822833,6.0,24,2,1,0,0,96,False,141
660271,2026,2026-04-15,823963,6.0,22,10,2,0,1,95,True,121
660271,2026,2026-04-22,823231,6.0,23,7,0,0,0,91,False,137
660271,2026,2026-04-28,823956,6.0,27,9,3,0,1,104,True,146
660271,2026,2026-05-05,824200,7.0,26,8,0,2,2,89,False,117
660271,2026,2026-05-13,823952,7.0,26,8,2,0,0,105,True,137
660271,2026,2026-05-20,823299,5.0,19,4,2,0,0,88,False,135
660271,2026,2026-05-27,823947,6.0,23,7,4,0,1,99,True,115
660271,2026,2026-06-03,825077,6.0,20,6,1,0,0,89,False,109
660271,2026,2026-06-10,823372,6.2,29,6,3,1,3,102,False,134
660271,2026,2026-06-17,823940,6.0,27,5,1,0,4,91,True,139
660271,2026,2026-06-24,823691,6.0,24,8,2,0,2,89,False,142
660271,2026,2026-07-03,823933,6.0,27,9,2,1,3,110,True,135
663542,2026,2026-04-24,824611,1.0,4,1,1,0,0,17,True,120
663542,2026,2026-04-26,824612,1.0,3,1,0,0,0,8,True,120
663542,2026,2026-05-23,823222,1.1,4,1,0,0,0,16,False,137
663542,2026,2026-06-14,824586,1.0,4,0,0,1,1,9,True,119
663542,2026,2026-06-18,823533,1.2,6,2,0,0,0,27,False,147
663542,2026,2026-07-11,824576,1.0,3,0,0,0,0,7,True,133
676571,2026,2026-03-31,823485,1.0,3,1,0,0,0,9,False,143
676571,2026,2026-04-14,823398,1.0,4,1,0,1,1,25,False,134
676571,2026,2026-04-19,822750,0.2,4,0,0,0,0,16,True,137
676571,2026,2026-04-24,824611,1.2,7,1,0,0,0,28,False,145
676571,2026,2026-05-03,822742,2.0,8,2,1,0,0,36,True,158
676571,2026,2026-05-25,824437,2.0,7,0,1,1,1,29,False,114
676571,2026,2026-05-27,824432,1.0,3,1,1,0,0,13,False,114
676571,2026,2026-06-14,822722,1.0,5,0,0,0,1,15,True,136
676571,2026,2026-06-19,822966,2.0,7,1,0,0,0,23,False,139
676571,2026,2026-06-23,822718,1.0,3,1,0,0,0,8,True,143
676571,2026,2026-07-11,822711,1.2,7,3,1,0,0,31,True,147
656427,2026,2026-03-28,823323,4.1,21,2,4,0,2,89,False,135
656427,2026,2026-04-04,824295,4.0,22,6,4,0,5,86,True,138
656427,2026,2026-04-09,823724,5.2,23,6,3,1,1,89,False,142
656427,2026,2026-04-15,824291,6.0,22,7,3,0,1,97,True,118
656427,2026,2026-04-20,824776,3.1,20,3,6,0,0,73,False,111
656427,2026,2026-04-25,824527,2.0,14,4,2,3,6,68,False,113
656427,2026,2026-05-01,824287,3.2,19,4,3,1,4,91,True,140
656427,2026,2026-05-06,824282,5.0,21,10,1,0,2,96,True,111
656427,2026,2026-05-12,823632,3.2,20,2,3,0,3,97,False,121
656427,2026,2026-05-17,824279,6.0,24,4,0,1,4,90,True,141
656427,2026,2026-05-22,824842,3.1,19,7,0,2,3,78,False,110
656427,2026,2026-05-28,824272,5.2,24,9,1,0,3,91,True,108
656427,2026,2026-06-02,822971,5.0,22,6,2,0,0,94,False,139
656427,2026,2026-06-07,824268,5.0,22,7,1,0,3,87,True,136
656427,2026,2026-06-12,824425,3.0,13,1,1,0,2,63,False,114
656427,2026,2026-06-28,824256,5.0,20,9,3,0,0,94,True,117
656427,2026,2026-07-04,822882,5.2,21,5,0,0,0,88,False,140
656427,2026,2026-07-10,824252,6.0,24,6,3,1,2,86,True,143
676664,2026,2026-06-24,823284,5.2,25,5,2,1,2,81,True,144
676664,2026,2026-06-30,824661,4.2,25,4,3,3,6,95,False,112
676664,2026,2026-07-05,823931,5.0,17,5,2,0,0,76,False,119
676664,2026,2026-07-10,823278,4.1,19,3,1,0,3,72,True,141
676664,2026,2026-07-20,824898,5.0,18,3,0,1,1,55,False,144
686790,2026,2026-05-04,823228,7.0,24,8,0,1,1,81,True,135
686790,2026,2026-05-11,823953,5.1,26,4,2,1,3,101,False,119
686790,2026,2026-05-16,825007,6.2,26,5,1,0,1,90,False,133
686790,2026,2026-05-22,823223,3.2,18,4,1,0,7,66,True,145
686790,2026,2026-05-27,823217,6.1,28,6,2,0,2,86,True,109
686790,2026,2026-06-02,823782,5.0,22,4,3,1,3,87,False,158
686790,2026,2026-06-07,824670,5.0,21,6,3,0,1,87,False,112
686790,2026,2026-06-13,823213,3.2,20,4,3,1,4,92,True,112
686790,2026,2026-06-20,823854,3.0,20,1,3,0,3,69,False,146
686790,2026,2026-06-26,823206,5.1,24,3,1,0,3,90,True,144
686790,2026,2026-07-01,825064,6.0,19,5,0,0,0,90,False,109
686790,2026,2026-07-07,823203,2.1,18,0,1,1,8,58,True,141
686790,2026,2026-07-12,823199,7.0,25,4,1,1,1,73,True,115
686790,2026,2026-07-20,824087,4.0,19,3,2,1,3,67,False,118
696070,2026,2026-05-18,823705,4.0,15,3,1,0,0,46,True,117
696070,2026,2026-06-23,823690,2.0,10,4,3,0,1,50,True,119
700842,2026,2026-07-11,823603,3.2,14,3,2,0,0,64,False,121
700842,2026,2026-07-17,824737,2.1,12,3,2,1,3,64,True,139
837227,2026,2026-03-29,824215,2.2,15,4,4,0,4,74,True,108
837227,2026,2026-04-04,825027,5.2,22,9,3,0,0,94,False,133
837227,2026,2026-04-10,823156,0.1,7,0,4,0,3,37,False,136
837227,2026,2026-05-12,824197,4.0,21,3,3,2,6,80,True,136
837227,2026,2026-05-18,823705,4.2,18,5,0,2,3,74,False,142
837227,2026,2026-05-25,822899,6.0,20,2,4,0,0,97,False,140
837227,2026,2026-05-31,824187,6.0,23,5,2,1,2,110,True,158
837227,2026,2026-06-06,824184,5.0,24,8,3,0,2,92,True,133
837227,2026,2026-06-12,824102,0.2,7,1,1,0,5,38,False,118
837227,2026,2026-06-19,824179,6.0,24,11,0,1,3,89,True,114
837227,2026,2026-06-25,824258,6.0,21,10,1,0,0,96,False,116
837227,2026,2026-07-01,824174,1.1,13,2,5,2,5,57,True,142
837227,2026,2026-07-07,822713,3.2,18,3,3,1,2,84,False,120
641302,2026,2026-05-19,824356,1.0,4,1,0,0,0,16,False,115
641302,2026,2026-06-22,823851,1.0,3,1,0,0,0,15,False,146
641302,2026,2026-06-29,824420,1.0,4,2,0,0,0,16,False,114
677944,2026,2026-03-29,823160,4.1,24,5,3,1,6,93,False,136
677944,2026,2026-04-05,824459,6.0,21,6,1,0,0,85,True,112
677944,2026,2026-04-10,824941,5.1,23,3,1,2,4,85,False,144
677944,2026,2026-04-15,823071,4.0,20,4,5,0,1,87,False,138
677944,2026,2026-04-20,824450,5.0,27,2,2,2,6,94,True,117
677944,2026,2026-04-26,822824,5.2,24,5,1,1,4,90,False,141
677944,2026,2026-05-02,825014,5.1,25,3,0,2,5,69,False,133
677944,2026,2026-05-07,824117,5.1,23,3,3,0,2,82,False,118
677944,2026,2026-05-12,824442,4.0,18,7,1,0,0,89,True,108
677944,2026,2026-05-18,824277,7.1,26,4,2,1,2,96,False,116
677944,2026,2026-05-23,823458,5.0,22,5,1,0,3,86,False,143
677944,2026,2026-05-29,824433,4.1,19,3,0,0,3,69,True,111
677944,2026,2026-06-04,823542,6.0,21,4,1,0,1,82,False,147
677944,2026,2026-06-09,824429,5.0,23,7,2,1,2,87,True,147
677944,2026,2026-06-16,823775,5.2,22,4,2,1,1,82,False,158
677944,2026,2026-06-21,824177,6.0,25,1,2,1,2,79,False,117
677944,2026,2026-06-27,824421,6.0,24,4,2,0,0,87,True,136
677944,2026,2026-07-02,824416,5.0,25,3,1,1,5,100,True,145
677944,2026,2026-07-08,823684,3.2,17,4,1,0,3,67,False,142
677944,2026,2026-07-22,824408,4.2,26,5,3,2,3,88,True,142
606996,2026,2026-06-27,823283,2.0,9,2,1,0,1,36,True,119
606996,2026,2026-07-23,824893,1.0,3,1,0,0,0,8,False,144
668984,2026,2026-06-14,824021,1.2,7,1,0,0,1,28,False,108
668984,2026,2026-06-25,822961,1.1,4,0,0,0,0,14,True,118
608566,2026,2026-03-31,823322,3.0,18,1,1,2,4,65,True,137
608566,2026,2026-04-06,823401,5.0,21,4,1,0,0,92,False,134
608566,2026,2026-04-11,823316,5.0,20,5,2,3,4,86,True,115
608566,2026,2026-04-18,824049,5.2,20,5,2,0,0,88,False,108
608566,2026,2026-04-25,825093,6.0,26,2,1,1,4,75,False,109
608566,2026,2026-05-01,823309,5.0,23,2,5,2,7,95,True,145
608566,2026,2026-07-07,823280,5.0,20,4,3,0,0,82,True,109
608566,2026,2026-07-12,823274,4.0,20,4,2,2,3,85,True,141
608566,2026,2026-07-19,824086,3.0,18,2,2,1,2,59,False,118
681293,2026,2026-04-15,824209,6.0,27,10,4,0,1,100,True,115
681293,2026,2026-04-20,824450,5.0,25,3,4,0,2,96,False,114
681293,2026,2026-04-26,824202,7.0,26,8,1,1,1,96,True,147
681293,2026,2026-05-02,824771,5.0,23,4,5,0,1,87,False,111
681293,2026,2026-05-09,824523,5.2,24,5,3,0,1,93,False,113
681293,2026,2026-05-15,824194,7.1,27,5,4,0,0,102,True,140
681293,2026,2026-05-22,824679,5.0,23,5,4,0,0,89,False,112
681293,2026,2026-05-28,822896,6.0,23,3,1,1,1,94,False,140
681293,2026,2026-06-03,824188,4.0,19,3,1,1,4,83,True,134
681293,2026,2026-06-08,824025,6.0,26,7,4,0,3,95,False,108
681293,2026,2026-06-14,824099,6.0,26,7,1,0,4,101,False,118
681293,2026,2026-06-20,824180,6.0,24,8,0,3,6,90,True,114
681293,2026,2026-06-26,824255,3.0,19,7,5,3,8,93,False,116
681293,2026,2026-07-03,824173,6.0,19,4,1,1,1,73,True,139
681293,2026,2026-07-08,822710,4.0,25,2,6,2,8,94,False,120
681293,2026,2026-07-18,824169,5.0,21,6,4,0,1,85,True,110
641835,2026,2026-04-30,823471,2.0,9,2,1,0,0,33,True,137
641835,2026,2026-06-22,822720,1.0,6,2,0,0,1,24,False,120
641835,2026,2026-06-27,823609,1.1,5,1,0,0,0,26,False,121
702474,2026,2026-06-10,824266,3.0,13,4,2,0,1,58,False,116
702474,2026,2026-06-15,822887,4.2,18,2,0,1,2,59,False,140
702474,2026,2026-06-21,825067,5.0,23,1,3,0,2,75,False,109
702474,2026,2026-06-27,823689,5.1,24,2,0,2,3,74,True,115
702474,2026,2026-07-03,823527,4.0,18,2,2,2,3,81,False,147
668881,2026,2026-07-04,824499,3.1,20,7,4,1,8,89,True,110
668881,2026,2026-07-10,824493,7.0,25,12,1,0,0,93,True,112
668881,2026,2026-07-19,824330,6.0,23,7,0,2,3,94,False,115
668881,2026,2026-07-25,823027,5.1,26,3,2,0,6,89,False,138
605488,2026,2026-03-28,822838,5.1,22,2,3,0,2,83,False,141
605488,2026,2026-04-03,825026,6.0,21,7,1,0,1,103,True,117
605488,2026,2026-04-09,823565,7.0,25,6,2,0,0,93,False,147
605488,2026,2026-04-14,825022,6.1,23,5,2,0,1,90,True,140
605488,2026,2026-04-19,825018,5.0,25,7,1,4,7,85,True,145
605488,2026,2026-04-25,822910,6.0,26,4,2,1,4,91,False,140
605488,2026,2026-04-30,825016,3.0,16,4,1,1,2,67,True,118
605488,2026,2026-05-06,823470,5.1,23,4,0,1,2,75,False,143
605488,2026,2026-05-12,825011,5.0,25,5,3,0,4,98,True,138
605488,2026,2026-05-17,825006,6.0,24,3,1,1,1,92,True,137
605488,2026,2026-05-22,823298,6.1,24,3,3,3,4,95,False,135
605488,2026,2026-05-27,825003,5.0,23,7,1,1,2,84,True,136
605488,2026,2026-06-03,824671,3.2,18,3,1,2,4,86,False,112
605488,2026,2026-06-08,824998,5.0,25,3,2,2,5,99,True,158
605488,2026,2026-06-14,824994,4.0,20,5,0,3,6,77,True,115
605488,2026,2026-06-19,824990,3.2,18,4,4,2,6,86,True,108
605488,2026,2026-06-25,823209,5.1,21,6,2,1,3,87,False,137
605488,2026,2026-06-30,824984,5.1,28,2,4,2,6,92,True,119
605488,2026,2026-07-08,824253,4.1,23,4,4,2,6,92,False,116
605488,2026,2026-07-20,825058,5.0,20,2,1,1,2,78,False,109
605488,2026,2026-07-26,823678,1.1,9,0,1,0,4,36,False,142
607200,2026,2026-03-31,823888,5.0,21,4,1,0,3,80,False,146
607200,2026,2026-04-11,824129,5.0,21,4,1,1,1,85,False,118
607200,2026,2026-04-18,825020,4.2,20,3,4,1,3,75,False,133
607200,2026,2026-04-29,824608,7.0,26,6,0,2,2,103,True,108
607200,2026,2026-05-05,824040,4.2,21,2,2,3,4,75,False,108
607200,2026,2026-05-12,824604,5.0,22,2,1,2,2,80,True,118
607200,2026,2026-05-17,824599,3.0,19,2,4,1,4,92,True,112
607200,2026,2026-06-03,823701,5.0,18,2,1,0,0,61,False,142
607200,2026,2026-06-30,824819,5.0,23,3,3,0,3,90,False,110
607200,2026,2026-07-20,822874,4.0,15,6,0,1,2,64,False,140
607200,2026,2026-07-26,824572,4.1,18,2,1,3,3,68,True,117
625643,2026,2026-03-28,824945,6.0,22,3,2,1,1,77,True,118
625643,2026,2026-04-02,825105,5.0,20,3,1,1,1,79,False,109
625643,2026,2026-04-07,824051,4.2,21,7,2,1,0,80,False,108
625643,2026,2026-04-14,824935,5.0,21,6,3,0,3,96,True,146
625643,2026,2026-04-21,822747,1.0,11,1,3,1,4,58,False,120
625643,2026,2026-06-26,823206,3.0,12,1,0,0,1,57,False,137
625643,2026,2026-07-01,824905,5.0,18,6,1,0,1,69,True,138
625643,2026,2026-07-06,824900,5.0,20,5,2,1,1,80,True,121
625643,2026,2026-07-11,823030,5.0,21,3,1,1,4,85,False,138
625643,2026,2026-07-21,824895,4.1,23,6,3,2,5,85,True,135
625643,2026,2026-07-26,824810,5.2,23,6,1,0,0,89,False,110
679883,2026,2026-04-04,824132,3.0,18,4,3,1,5,73,True,158
679883,2026,2026-06-01,824510,5.0,21,5,4,1,1,86,False,113
679883,2026,2026-06-06,823697,5.0,18,3,3,0,1,70,False,142
679883,2026,2026-06-12,824102,0.2,10,0,3,2,8,49,True,117
679883,2026,2026-06-17,822721,5.2,21,5,1,0,1,91,False,120
679883,2026,2026-06-23,822963,5.0,21,6,4,0,1,87,False,139
679883,2026,2026-06-28,824580,4.0,20,4,3,1,4,86,False,145
679883,2026,2026-07-05,824091,5.0,18,4,1,0,1,69,True,143
679883,2026,2026-07-10,824817,5.0,24,3,3,1,3,96,False,110
679883,2026,2026-07-21,824085,6.1,25,7,1,0,2,87,True,137
679883,2026,2026-07-26,824246,4.1,21,2,4,0,3,89,False,116
571945,2026,2026-03-28,824701,5.0,25,4,3,1,4,97,False,112
571945,2026,2026-04-03,822758,4.1,25,4,1,4,11,87,True,119
571945,2026,2026-04-08,822753,3.0,17,3,3,0,2,55,True,138
571945,2026,2026-04-30,823634,4.0,16,3,1,1,3,79,False,121
571945,2026,2026-05-06,822740,5.1,19,3,0,1,2,74,True,142
571945,2026,2026-05-12,824521,3.1,16,2,2,0,1,71,False,113
571945,2026,2026-06-29,824741,7.0,30,3,0,2,6,97,False,111
571945,2026,2026-07-06,822712,6.0,27,3,2,2,7,99,True,117
571945,2026,2026-07-26,822706,4.0,18,1,1,2,3,63,True,109
571945,2026,2026-08-01,824890,6.0,27,3,1,3,4,94,False,144
684442,2026,2026-07-21,825056,5.0,21,5,2,0,1,85,True,133
684442,2026,2026-07-26,822706,4.0,19,1,2,2,4,64,False,120
684442,2026,2026-08-01,824405,4.0,19,6,1,1,2,94,False,114
686218,2026,2026-03-27,823971,3.1,16,6,2,1,4,83,True,109
686218,2026,2026-04-03,822758,5.2,27,2,3,1,4,98,False,120
686218,2026,2026-04-11,823967,6.0,22,6,1,2,3,77,True,140
686218,2026,2026-04-18,824372,5.0,21,4,2,0,2,77,False,115
686218,2026,2026-04-24,823962,6.1,24,10,1,0,1,101,True,112
686218,2026,2026-05-01,823066,4.2,22,8,0,2,4,97,False,138
686218,2026,2026-05-08,823957,4.2,20,7,1,0,1,88,True,144
686218,2026,2026-05-14,823950,6.0,23,6,2,1,2,97,True,137
686218,2026,2026-05-19,823302,4.0,18,2,1,2,4,67,False,135
686218,2026,2026-05-25,823948,6.0,24,8,1,0,2,92,True,115
686218,2026,2026-06-01,825078,6.1,22,3,0,2,2,92,False,109
686218,2026,2026-06-07,823941,1.1,9,2,2,0,2,49,True,108
686218,2026,2026-06-14,824586,5.0,21,8,1,1,3,85,False,145
686218,2026,2026-06-21,823934,3.1,21,4,3,2,6,82,True,110
686218,2026,2026-06-28,823281,5.0,20,5,2,1,1,84,False,135
686218,2026,2026-07-05,823931,4.1,19,5,3,0,1,96,True,135
686218,2026,2026-07-12,823925,5.1,21,7,1,0,2,101,True,109
686218,2026,2026-07-20,823436,5.1,25,6,1,2,6,87,False,143
686218,2026,2026-07-26,823599,5.0,21,5,2,0,1,87,False,121
607067,2026,2026-04-08,823000,5.0,20,2,2,0,1,79,False,139
607067,2026,2026-04-20,824692,6.2,28,5,2,0,1,92,True,143
607067,2026,2026-04-25,823960,3.1,20,4,4,1,6,92,False,119
607067,2026,2026-05-01,824686,5.1,25,6,0,0,2,102,True,109
607067,2026,2026-05-06,824683,5.1,24,5,3,1,1,98,True,113
607067,2026,2026-05-12,824927,4.1,20,1,1,2,5,80,False,144
607067,2026,2026-05-17,824599,4.2,21,4,1,0,4,83,False,145
607067,2026,2026-05-23,824674,7.0,27,4,3,2,3,98,True,117
607067,2026,2026-05-28,823378,5.1,23,5,3,1,2,92,False,134
607067,2026,2026-06-03,824671,5.1,21,3,2,0,2,69,True,133
607067,2026,2026-06-09,824347,4.2,26,2,3,2,7,79,False,115
607067,2026,2026-06-20,824665,5.1,19,3,0,0,0,78,True,141
607067,2026,2026-06-26,823773,5.0,23,4,3,0,1,89,False,158
607067,2026,2026-07-01,824660,5.0,25,5,3,1,2,81,True,135
607067,2026,2026-07-08,824815,5.1,22,2,2,1,3,91,False,110
607067,2026,2026-07-17,824655,6.0,24,6,1,1,3,91,True,142
607067,2026,2026-07-22,824650,5.0,21,5,1,2,4,86,True,116
607067,2026,2026-07-28,823026,6.0,24,2,2,0,1,94,False,138
607067,2026,2026-08-02,824648,6.0,23,7,1,1,2,87,True,147
656605,2026,2026-03-28,823651,6.0,21,3,0,0,0,77,False,121
656605,2026,2026-04-03,823406,6.0,26,4,4,0,2,88,True,110
656605,2026,2026-04-08,823403,6.0,22,4,1,0,0,75,True,135
656605,2026,2026-04-14,823398,4.0,21,3,4,1,5,90,True,120
656605,2026,2026-04-19,823393,7.0,25,5,0,0,2,89,True,139
656605,2026,2026-04-25,823799,5.0,22,6,2,0,3,93,False,158
656605,2026,2026-05-01,823389,7.0,26,6,1,0,1,104,True,113
656605,2026,2026-05-07,825090,6.0,23,4,2,1,2,84,False,109
656605,2026,2026-05-13,823386,5.2,24,3,1,1,6,80,True,115
656605,2026,2026-05-19,823059,5.2,22,3,1,1,4,83,False,138
656605,2026,2026-05-24,822813,6.0,25,5,3,0,1,101,False,141
656605,2026,2026-05-30,823375,4.0,23,5,1,0,7,77,True,142
656605,2026,2026-06-05,824914,4.2,25,4,3,1,6,99,False,144
656605,2026,2026-06-11,823371,4.0,24,3,4,1,5,98,True,119
656605,2026,2026-06-16,824991,5.1,24,7,4,1,1,96,False,133
656605,2026,2026-06-23,823365,6.0,26,4,1,2,3,92,True,136
656605,2026,2026-06-28,823362,6.0,23,4,1,0,3,79,True,113
656605,2026,2026-07-03,822714,6.0,26,1,0,3,5,83,False,120
656605,2026,2026-07-09,823359,3.0,15,3,2,1,3,72,True,144
656605,2026,2026-07-22,823518,5.0,21,6,2,0,0,75,False,147
656605,2026,2026-07-27,823353,5.1,23,4,1,0,2,83,True,109
656605,2026,2026-08-02,824483,2.0,16,2,4,2,7,69,False,113
702275,2026,2026-04-23,822745,7.0,26,7,2,2,2,89,False,120
702275,2026,2026-04-29,824930,5.1,25,4,4,1,2,97,True,116
702275,2026,2026-05-04,823143,5.0,24,2,6,1,3,93,False,136
702275,2026,2026-05-13,824928,4.1,18,4,3,0,1,87,True,112
702275,2026,2026-05-18,823867,4.0,21,4,1,0,5,83,False,146
702275,2026,2026-06-17,824913,5.0,22,4,3,3,5,90,True,137
702275,2026,2026-06-23,823286,5.0,24,7,4,0,4,98,False,135
702275,2026,2026-08-02,824891,4.0,20,4,3,0,2,81,True,120
665871,2026,2026-04-07,822999,5.2,19,3,2,0,0,80,False,139
665871,2026,2026-04-13,823481,4.1,26,3,2,2,9,82,False,143
665871,2026,2026-04-19,824691,5.2,20,3,0,1,1,82,True,121
665871,2026,2026-06-12,823211,6.0,21,5,1,0,0,85,False,137
665871,2026,2026-06-17,824668,5.2,22,1,0,2,2,92,True,115
665871,2026,2026-06-24,823613,5.0,21,5,2,2,3,83,False,121
665871,2026,2026-07-05,824656,4.2,17,2,2,0,0,80,True,138
665871,2026,2026-07-11,824492,5.0,20,4,0,2,2,82,False,113
665871,2026,2026-07-30,823023,4.1,20,6,2,0,1,83,False,138
687223,2026,2026-06-24,822719,3.1,12,3,1,0,1,58,True,143
687223,2026,2026-07-04,822716,1.0,8,3,0,0,4,37,True,134
687223,2026,2026-07-10,822709,3.0,12,4,0,1,1,45,True,147
687223,2026,2026-07-21,824329,1.2,11,2,1,0,4,36,False,115
687223,2026,2026-07-24,822707,1.1,8,1,3,0,2,41,True,109
702056,2026,2026-04-28,822823,5.1,20,3,0,0,0,74,True,111
702056,2026,2026-05-03,823711,4.0,20,6,3,0,1,82,False,142
702056,2026,2026-05-09,822820,4.0,17,6,2,0,0,87,True,108
702056,2026,2026-05-15,824280,6.0,24,6,3,0,2,88,False,116
702056,2026,2026-05-20,823547,6.0,20,8,0,0,0,95,False,147
702056,2026,2026-05-25,822812,6.2,27,6,2,0,5,98,True,146
702056,2026,2026-05-30,824833,5.0,21,4,7,0,1,92,False,110
702056,2026,2026-06-05,822810,5.2,24,5,2,2,6,91,True,110
702056,2026,2026-06-12,822803,5.0,25,3,6,1,5,81,True,147
702056,2026,2026-06-18,824748,7.1,26,6,0,2,3,95,False,111
702056,2026,2026-06-24,822798,5.2,25,5,5,0,1,105,True,117
702056,2026,2026-06-29,822792,6.2,25,3,0,1,1,94,True,121
702056,2026,2026-07-05,823117,6.0,24,7,2,1,2,96,False,136
702056,2026,2026-07-11,823276,1.2,13,1,7,0,4,59,False,135
702056,2026,2026-07-19,822786,6.0,24,9,2,1,3,95,True,145
702056,2026,2026-07-24,824733,4.0,18,9,1,2,3,93,False,111
702056,2026,2026-07-29,822702,6.2,26,4,3,0,1,97,False,120
657746,2026,2026-03-26,824865,5.1,19,7,2,0,0,85,False,110
657746,2026,2026-04-01,824136,4.0,20,3,0,0,5,77,False,118
657746,2026,2026-04-06,823728,5.0,22,7,3,0,2,101,True,116
657746,2026,2026-04-11,822830,7.0,24,5,1,1,2,91,False,141
657746,2026,2026-04-17,823720,6.0,22,6,0,0,1,94,True,113
657746,2026,2026-04-23,823639,5.0,25,5,2,2,4,92,False,121
657746,2026,2026-04-28,823716,6.0,23,6,1,0,2,88,True,136
657746,2026,2026-05-03,823711,0.1,2,1,1,0,0,9,True,141
657746,2026,2026-05-09,824444,6.0,24,5,3,0,1,107,False,114
657746,2026,2026-05-15,823707,6.0,22,7,1,0,1,90,True,158
657746,2026,2026-05-20,823703,6.0,22,9,0,0,1,99,True,117
657746,2026,2026-05-26,824597,7.2,30,9,0,1,2,98,False,145
657746,2026,2026-06-01,823702,6.0,27,9,0,2,4,98,True,145
657746,2026,2026-06-06,823697,6.0,26,5,2,1,1,102,True,118
657746,2026,2026-06-12,823695,6.0,24,8,0,1,3,102,True,138
657746,2026,2026-06-18,822889,5.0,20,7,2,0,0,97,False,140
657746,2026,2026-06-24,823691,6.0,27,9,1,1,4,98,True,119
657746,2026,2026-06-30,824175,4.0,21,5,3,1,0,91,False,117
657746,2026,2026-07-05,823525,7.0,24,9,1,0,0,106,False,147
657746,2026,2026-07-11,823682,6.0,26,6,2,0,2,94,True,108
657746,2026,2026-07-20,824410,4.0,22,3,0,6,8,78,False,114
657746,2026,2026-07-29,823677,6.0,26,4,0,1,4,93,True,118
657746,2026,2026-08-04,824084,5.1,25,3,2,0,4,99,False,118
543135,2026,2026-03-26,823486,4.2,22,7,0,2,5,80,False,143
543135,2026,2026-04-01,824860,4.0,23,5,3,1,6,88,False,110
543135,2026,2026-04-07,822916,6.0,26,7,2,1,2,93,True,136
543135,2026,2026-04-13,825024,7.0,26,7,2,0,0,84,False,133
543135,2026,2026-04-18,823151,5.0,25,3,1,1,2,95,False,136
543135,2026,2026-04-24,822909,6.0,25,3,1,4,6,86,True,133
543135,2026,2026-04-29,822907,7.0,26,7,1,0,0,102,True,147
543135,2026,2026-05-06,823550,8.0,27,8,0,1,1,101,False,147
543135,2026,2026-05-17,824192,7.0,27,8,2,0,0,94,False,117
543135,2026,2026-05-23,824030,7.0,29,6,2,1,3,97,False,108
543135,2026,2026-05-28,822896,7.0,27,6,2,2,5,90,True,117
543135,2026,2026-06-02,823052,6.0,31,7,1,1,4,93,False,138
543135,2026,2026-06-09,824105,5.2,23,3,3,1,4,88,False,118
543135,2026,2026-06-14,824751,7.0,26,6,1,2,3,94,False,111
543135,2026,2026-06-21,822883,6.0,25,9,1,0,3,94,True,135
543135,2026,2026-06-26,822796,7.0,26,9,1,0,0,92,False,141
543135,2026,2026-07-02,822884,5.0,22,9,1,2,3,85,True,116
543135,2026,2026-07-09,822877,6.0,27,10,2,0,3,99,True,108
543135,2026,2026-07-19,824897,4.0,20,2,2,3,4,81,False,144
543135,2026,2026-07-25,822869,7.0,24,8,1,0,1,91,True,136
543135,2026,2026-07-31,824164,5.0,26,5,1,2,6,94,False,117
695534,2026,2026-05-04,824684,5.2,23,1,2,1,3,75,False,112
695534,2026,2026-05-23,824516,5.0,22,1,1,1,4,62,True,138
702273,2026,2026-04-14,824616,4.1,20,4,4,0,3,82,True,139
702273,2026,2026-04-19,825018,5.0,18,6,1,1,1,82,False,133
702273,2026,2026-04-25,824613,6.0,25,8,4,0,2,85,True,120
702273,2026,2026-05-01,823309,6.0,22,2,3,0,0,87,False,135
702273,2026,2026-05-06,824036,3.2,21,3,4,1,7,79,False,108
702273,2026,2026-05-13,824603,4.1,19,3,5,0,3,76,True,118
702273,2026,2026-05-18,823137,5.1,23,6,0,1,3,91,False,136
702273,2026,2026-05-24,823220,4.0,20,1,1,1,6,70,False,137
702273,2026,2026-07-01,824818,4.1,18,7,4,1,3,87,False,110
702273,2026,2026-07-07,824579,5.0,24,3,3,2,4,92,True,111
702273,2026,2026-07-12,824574,5.0,21,4,0,1,1,74,True,133
702273,2026,2026-07-21,822871,3.2,22,2,0,1,5,80,False,140
702273,2026,2026-07-27,824570,3.1,14,5,2,0,3,72,True,147
702273,2026,2026-08-07,824566,0.1,5,1,0,0,2,23,True,114
643377,2026,2026-04-26,822991,2.1,8,2,1,0,0,31,True,142
643377,2026,2026-05-02,822988,2.2,10,2,1,0,0,45,True,137
643377,2026,2026-05-07,824767,4.0,17,3,1,0,2,59,False,111
643377,2026,2026-05-13,822815,5.0,20,1,4,0,0,66,False,141
643377,2026,2026-05-19,822979,5.0,18,6,1,1,1,62,True,110
643377,2026,2026-05-26,824837,2.0,11,3,0,0,1,38,False,110
643377,2026,2026-06-01,822974,4.0,19,5,1,3,6,72,True,116
643377,2026,2026-06-07,823857,5.0,17,4,2,0,0,62,False,146
643377,2026,2026-06-13,824019,5.0,20,5,0,0,0,63,False,108
643377,2026,2026-06-19,822966,5.0,18,5,0,2,2,69,True,120
643377,2026,2026-06-24,822965,5.0,24,7,2,0,0,88,True,118
643377,2026,2026-06-30,824096,6.0,22,5,0,2,3,71,False,118
643377,2026,2026-07-06,822958,5.0,18,10,2,1,3,81,True,147
643377,2026,2026-07-11,822953,5.0,21,3,3,0,1,69,True,136
643377,2026,2026-07-17,824766,5.0,25,6,1,1,7,85,False,111
643377,2026,2026-07-22,822784,6.0,22,5,1,0,1,83,False,141
643377,2026,2026-07-28,822949,5.2,24,10,3,0,1,93,True,140
643377,2026,2026-08-02,822943,5.0,21,8,0,1,1,82,True,145
700249,2026,2026-04-12,824859,6.2,24,5,0,0,1,97,True,137
700249,2026,2026-05-01,823557,4.0,20,4,2,2,5,77,False,147
700249,2026,2026-05-07,823870,3.0,14,1,2,1,3,43,False,146
700249,2026,2026-08-04,824805,6.0,23,7,1,0,0,88,True,108
700249,2026,2026-08-09,822862,3.0,15,2,2,1,3,61,False,140
592791,2026,2026-03-31,824699,4.2,20,3,4,0,0,85,True,108
592791,2026,2026-04-06,823002,6.0,25,4,0,2,3,83,False,139
592791,2026,2026-04-12,824696,6.0,26,10,2,3,6,102,True,134
592791,2026,2026-04-18,824694,6.0,24,4,3,1,1,100,True,121
592791,2026,2026-04-24,823962,5.0,21,4,3,1,4,85,False,119
592791,2026,2026-04-29,823312,7.0,25,6,1,2,3,95,False,135
592791,2026,2026-05-05,824682,5.2,23,5,1,2,2,100,True,113
592791,2026,2026-05-10,822902,5.1,22,4,2,0,1,90,False,140
592791,2026,2026-05-16,824600,5.0,24,2,1,5,8,90,False,145
592791,2026,2026-05-22,824679,4.2,23,5,1,1,4,90,True,117
592791,2026,2026-05-27,823376,5.0,21,4,2,2,4,75,False,134
592791,2026,2026-06-02,824675,6.1,26,6,1,1,2,99,True,133
592791,2026,2026-06-07,824670,1.0,7,2,2,0,1,35,True,137
592791,2026,2026-07-20,824654,4.1,20,6,2,2,4,75,True,116
592791,2026,2026-07-26,823354,4.0,19,3,2,3,7,69,False,134
592791,2026,2026-08-05,824158,4.0,20,4,2,1,3,80,False,117
592791,2026,2026-08-10,822780,4.0,16,3,3,0,0,61,True,111
669467,2026,2026-03-31,823077,5.0,21,3,3,0,0,88,True,121
669467,2026,2026-04-06,822755,5.0,22,2,4,0,2,88,False,120
669467,2026,2026-04-12,823075,5.0,27,2,1,1,6,95,True,111
669467,2026,2026-04-18,824206,5.0,21,5,3,1,1,87,False,117
669467,2026,2026-04-24,823069,5.1,23,8,3,1,3,90,True,136
669467,2026,2026-04-29,823392,6.0,24,6,0,1,1,91,False,134
669467,2026,2026-05-06,823063,6.0,27,3,2,1,5,104,True,158
669467,2026,2026-05-12,825011,5.0,21,4,3,0,3,85,False,133
669467,2026,2026-05-17,823058,6.2,27,7,0,1,1,99,True,118
669467,2026,2026-05-23,824518,6.0,20,3,1,1,1,93,False,113
669467,2026,2026-05-29,823055,3.0,18,3,1,1,4,75,True,112
669467,2026,2026-06-03,823051,5.2,23,5,2,0,1,85,True,140
669467,2026,2026-06-10,823618,6.0,24,5,2,1,2,93,False,121
669467,2026,2026-06-16,823045,7.0,24,6,0,0,2,92,True,135
669467,2026,2026-06-22,823040,6.0,24,2,0,0,1,85,True,109
669467,2026,2026-06-27,823038,6.2,28,4,1,0,5,98,True,146
669467,2026,2026-07-03,824659,5.2,24,2,1,0,0,102,False,112
669467,2026,2026-07-09,823034,5.0,25,2,2,1,6,97,True,158
669467,2026,2026-07-19,825057,5.1,22,3,2,0,3,88,False,109
669467,2026,2026-07-25,823027,7.0,24,8,1,0,0,90,True,113
669467,2026,2026-07-30,823023,6.1,27,3,2,0,2,90,True,112
669467,2026,2026-08-05,823516,5.1,21,4,3,0,1,103,False,147
669467,2026,2026-08-11,823019,6.0,22,2,3,0,0,97,True,143
663738,2026,2026-08-07,824081,1.2,10,2,2,0,3,35,True,112
608331,2026,2026-03-25,823244,6.1,23,4,1,0,0,86,False,137
608331,2026,2026-03-31,823158,7.0,25,6,1,0,0,90,False,136
608331,2026,2026-04-05,823566,6.2,27,4,3,0,3,103,True,146
608331,2026,2026-04-11,822996,8.0,30,6,0,0,3,94,False,139
608331,2026,2026-04-16,823560,5.1,22,3,3,1,5,93,True,108
608331,2026,2026-04-22,824774,8.0,29,9,2,0,0,100,False,111
608331,2026,2026-04-27,822906,6.0,21,5,2,0,0,89,False,140
608331,2026,2026-05-03,823555,5.1,24,6,3,0,3,107,True,110
608331,2026,2026-05-08,823794,6.0,26,5,3,0,5,94,False,158
608331,2026,2026-05-13,824841,3.0,13,2,1,0,3,61,False,110
608331,2026,2026-07-22,823519,5.0,16,7,1,0,0,57,True,134
608331,2026,2026-07-27,824570,3.0,15,4,2,0,3,66,False,145
608331,2026,2026-08-01,824649,5.1,19,7,1,0,1,78,False,112
608331,2026,2026-08-07,823515,6.1,22,7,2,0,0,90,True,144
675660,2026,2026-04-08,824779,2.2,15,2,4,0,3,63,False,111
675660,2026,2026-06-01,823781,4.0,17,5,2,1,2,68,True,137
675660,2026,2026-06-07,824349,6.1,24,4,1,0,3,83,False,115
675660,2026,2026-06-13,823776,5.0,23,7,0,1,4,78,True,143
675660,2026,2026-06-18,823772,5.0,21,3,3,1,1,91,True,114
675660,2026,2026-06-24,824500,4.1,20,5,3,0,0,98,False,113
675660,2026,2026-07-01,823767,5.2,23,7,1,1,2,78,True,113
675660,2026,2026-07-06,823036,6.0,26,2,2,0,1,85,False,138
675660,2026,2026-07-11,823356,6.1,25,6,0,1,3,83,False,134
675660,2026,2026-07-18,823763,6.0,25,9,1,0,3,90,True,146
675660,2026,2026-07-24,823759,6.0,25,6,2,0,5,92,True,115
675660,2026,2026-07-31,823999,6.0,22,7,1,1,2,86,False,108
675660,2026,2026-08-07,823750,5.0,26,4,4,2,6,94,True,142
663436,2026,2026-03-30,823890,5.0,21,6,2,1,3,92,False,146
663436,2026,2026-04-05,824620,6.0,23,6,2,0,0,85,True,141
663436,2026,2026-04-10,824128,7.0,26,3,0,1,2,82,False,118
663436,2026,2026-04-17,825019,7.0,24,4,2,0,1,89,False,133
663436,2026,2026-04-23,825096,6.1,24,7,1,0,1,97,False,109
663436,2026,2026-04-28,824610,5.2,26,7,1,0,1,98,True,108
663436,2026,2026-05-04,824039,7.0,25,10,0,0,0,85,False,108
663436,2026,2026-05-10,824605,6.0,23,9,2,0,1,105,True,136
663436,2026,2026-05-16,824600,6.0,23,7,0,1,1,91,True,112
663436,2026,2026-05-22,823223,5.2,26,7,2,0,4,98,False,137
663436,2026,2026-05-28,824595,6.0,22,5,2,0,1,84,True,142
663436,2026,2026-06-02,823700,4.2,25,2,3,0,6,92,False,142
663436,2026,2026-06-10,824590,6.0,25,6,0,0,0,100,True,144
663436,2026,2026-06-16,823535,3.1,21,4,3,3,9,88,False,147
663436,2026,2026-06-21,824260,6.0,24,4,3,0,1,77,False,116
663436,2026,2026-06-27,824581,5.1,20,3,1,0,0,87,True,118
663436,2026,2026-07-02,824416,3.1,19,0,5,0,2,73,False,114
663436,2026,2026-07-08,824578,4.0,20,2,2,0,5,84,True,111
663436,2026,2026-07-18,822790,5.2,23,5,2,0,1,85,False,141
663436,2026,2026-07-24,824573,5.0,23,3,0,0,4,88,True,117
663436,2026,2026-07-29,824567,6.0,25,6,2,1,4,106,True,147
663436,2026,2026-08-04,824731,5.0,25,1,2,3,9,91,False,111
663436,2026,2026-08-09,824564,1.0,6,1,1,0,1,23,True,114
663436,2026,2026-08-13,824561,2.0,11,3,1,2,3,35,True,113
571927,2026,2026-03-29,823079,5.0,21,2,1,1,4,81,False,138
571927,2026,2026-04-04,823730,6.0,22,8,2,0,1,97,False,142
571927,2026,2026-04-10,822997,5.0,20,7,2,0,2,88,True,147
571927,2026,2026-04-16,824614,5.1,22,4,1,1,2,74,False,145
571927,2026,2026-04-21,822995,3.0,17,4,4,3,4,77,True,113
571927,2026,2026-04-27,824446,7.0,25,2,1,1,2,95,False,114
571927,2026,2026-05-03,822987,6.0,22,1,2,0,1,89,True,137
571927,2026,2026-05-20,822977,4.0,17,5,2,0,1,67,True,110
571927,2026,2026-05-27,824836,3.0,18,2,2,1,6,62,False,110
571927,2026,2026-06-02,822971,1.2,11,2,0,2,5,53,True,116
607625,2026,2026-03-29,824944,6.1,24,3,0,0,0,77,False,144
607625,2026,2026-04-04,824134,5.0,21,7,2,0,2,103,True,158
607625,2026,2026-04-09,824130,6.1,24,4,4,0,1,92,True,145
607625,2026,2026-04-15,824291,6.2,23,7,0,0,1,92,False,116
607625,2026,2026-04-20,824125,7.0,24,7,4,0,0,93,True,110
607625,2026,2026-04-26,824122,6.1,33,3,1,1,7,97,True,108
607625,2026,2026-05-02,823144,6.0,25,6,2,0,2,103,False,136
607625,2026,2026-05-07,824117,4.0,22,5,4,0,4,102,True,114
607625,2026,2026-05-13,824603,5.0,25,4,2,0,5,92,False,145
607625,2026,2026-05-18,824114,6.0,25,5,2,1,2,93,True,111
607625,2026,2026-05-24,824108,6.1,27,3,2,1,3,86,True,136
607625,2026,2026-05-30,822893,6.0,26,6,0,1,1,90,False,140
607625,2026,2026-06-04,823698,5.0,22,4,1,3,5,92,False,142
607625,2026,2026-06-10,824103,3.1,13,2,1,0,1,44,True,140
607625,2026,2026-06-19,824097,6.0,23,0,3,0,1,85,True,138
607625,2026,2026-06-25,822961,5.0,24,3,2,3,7,90,False,139
607625,2026,2026-07-01,824094,6.0,26,7,0,2,3,85,True,139
607625,2026,2026-07-07,823607,4.1,24,4,2,2,6,94,False,121
607625,2026,2026-07-12,824814,4.0,19,6,2,1,2,89,False,110
607625,2026,2026-07-17,824090,6.0,23,3,2,0,1,90,True,135
607625,2026,2026-07-22,824083,7.0,26,5,2,0,3,94,True,137
607625,2026,2026-07-28,823676,6.0,24,2,2,0,1,84,False,142
607625,2026,2026-08-02,824323,5.0,25,3,5,0,5,99,False,115
607625,2026,2026-08-08,824079,6.0,24,5,1,1,3,90,True,112
687562,2026,2026-05-01,824772,5.0,20,3,2,1,1,85,True,117
687562,2026,2026-05-07,824767,5.1,22,1,2,0,4,86,True,139
687562,2026,2026-06-10,822970,5.0,23,4,1,0,4,73,False,139
687562,2026,2026-06-17,824746,5.1,20,5,0,0,2,79,True,141
687562,2026,2026-06-22,824344,6.0,21,9,0,0,0,72,False,115
687562,2026,2026-06-27,824745,6.1,23,3,2,1,1,87,True,147
687562,2026,2026-07-03,824013,7.2,28,6,0,1,2,92,False,108
687562,2026,2026-07-08,824578,7.0,25,4,1,0,0,81,False,145
687562,2026,2026-07-17,824766,6.0,21,3,1,0,0,65,True,139
687562,2026,2026-07-22,824735,5.2,26,4,0,1,3,83,True,110
687562,2026,2026-07-28,824976,6.1,27,4,2,1,3,88,False,133
687562,2026,2026-08-02,823919,5.2,24,4,2,0,3,88,False,119
687562,2026,2026-08-08,824726,5.1,25,5,3,0,4,88,True,133
687562,2026,2026-08-14,823346,4.0,18,6,1,1,4,82,False,134
680755,2026,2026-04-17,825101,1.0,4,0,0,0,0,11,False,109
680755,2026,2026-05-21,823545,1.1,5,4,1,0,0,23,False,147
680755,2026,2026-05-26,822811,1.0,4,1,0,0,0,12,True,146
680755,2026,2026-06-06,822808,1.0,5,2,1,0,0,18,True,110
680755,2026,2026-06-17,824746,1.1,6,0,2,0,0,21,False,111
680755,2026,2026-07-01,822791,1.0,4,1,1,0,0,14,True,121
680755,2026,2026-07-22,822784,1.1,5,1,2,0,1,26,True,139
547179,2026,2026-03-28,823892,4.1,22,4,0,1,3,93,False,146
547179,2026,2026-04-03,824377,3.0,23,2,2,2,9,77,True,143
547179,2026,2026-04-08,824374,5.2,26,4,2,0,1,100,True,117
547179,2026,2026-04-14,824210,2.2,18,3,1,1,2,71,False,117
547179,2026,2026-04-19,824371,5.0,22,3,1,0,3,88,True,119
547179,2026,2026-04-24,823638,7.0,26,3,0,0,1,90,False,121
547179,2026,2026-04-30,824524,5.1,23,5,3,2,4,85,False,113
547179,2026,2026-05-06,824361,5.0,26,2,3,1,7,87,True,121
547179,2026,2026-05-12,823385,5.0,21,5,2,0,2,85,False,134
547179,2026,2026-05-17,824358,4.2,26,5,3,2,6,101,True,109
547179,2026,2026-05-23,825080,5.0,24,5,1,1,5,94,False,109
547179,2026,2026-05-29,824353,3.2,18,2,2,0,3,70,True,137
547179,2026,2026-06-03,824024,3.1,22,5,2,1,8,85,False,108
547179,2026,2026-06-10,824348,5.0,19,7,2,0,1,84,True,112
547179,2026,2026-06-15,824666,5.0,22,5,1,1,1,89,False,112
547179,2026,2026-06-21,824343,5.1,24,5,1,1,4,90,True,134
547179,2026,2026-06-27,823689,5.2,25,1,0,0,2,92,False,142
547179,2026,2026-07-02,824335,4.1,23,1,6,0,2,95,True,146
547179,2026,2026-07-07,823929,6.0,27,5,3,1,2,95,False,119
547179,2026,2026-07-12,823199,5.0,22,1,3,0,1,79,False,137
547179,2026,2026-07-21,824329,3.2,19,5,1,2,6,80,True,120
547179,2026,2026-07-28,823275,4.0,20,2,1,0,3,93,False,135
547179,2026,2026-08-03,824324,3.0,18,0,3,1,7,75,True,139
547179,2026,2026-08-09,823020,4.1,23,1,3,1,2,97,False,138
547179,2026,2026-08-15,823184,3.2,19,1,3,1,6,82,False,137
680736,2026,2026-04-06,822832,5.0,21,2,4,0,1,78,False,141
680736,2026,2026-04-13,823964,8.0,25,2,0,0,0,90,True,121
680736,2026,2026-04-20,824370,7.0,29,3,0,0,1,97,False,115
680736,2026,2026-04-26,823959,6.0,27,6,4,0,0,109,True,112
680736,2026,2026-05-03,823065,6.0,24,0,1,0,0,83,False,138
680736,2026,2026-05-10,823954,8.2,34,7,1,2,7,100,True,144
680736,2026,2026-05-16,824038,6.0,26,5,1,0,2,103,False,108
680736,2026,2026-05-22,823788,5.0,24,4,2,1,5,100,False,158
680736,2026,2026-05-29,823946,7.0,23,9,0,1,1,88,True,143
680736,2026,2026-06-04,825076,6.0,24,4,0,0,0,84,False,109
680736,2026,2026-06-11,823371,4.2,21,1,2,2,4,80,False,134
680736,2026,2026-06-16,823939,6.0,21,5,0,0,0,67,True,139
680736,2026,2026-06-23,823690,7.0,28,3,2,1,2,92,False,142
680736,2026,2026-06-30,824984,7.0,27,11,0,1,3,110,False,133
680736,2026,2026-07-07,823929,7.0,28,9,2,0,1,94,True,115
680736,2026,2026-07-21,823437,6.1,25,7,1,0,1,89,False,143
680736,2026,2026-07-28,823923,6.0,25,7,0,4,5,102,True,136
680736,2026,2026-08-03,824647,4.1,23,4,3,4,7,91,False,112
680736,2026,2026-08-09,825050,3.1,20,3,3,1,3,76,False,109
680736,2026,2026-08-15,823914,6.0,24,6,1,2,4,107,True,158
665795,2026,2026-03-30,824702,6.0,19,5,1,0,0,80,True,108
665795,2026,2026-04-05,824459,5.2,22,4,5,0,0,97,False,114
665795,2026,2026-04-11,824697,5.0,25,4,3,0,3,98,True,134
665795,2026,2026-04-17,824693,6.0,25,4,2,0,3,91,True,121
665795,2026,2026-04-23,824689,7.0,28,5,0,2,3,83,True,143
665795,2026,2026-04-28,823310,5.2,25,7,1,1,3,99,False,135
665795,2026,2026-05-04,824684,6.0,27,8,2,2,3,89,True,113
665795,2026,2026-05-09,822905,5.0,21,6,1,2,5,88,False,140
665795,2026,2026-05-15,824601,4.2,19,2,3,1,3,88,False,145
665795,2026,2026-05-20,824678,3.0,16,2,2,0,1,61,True,158
665795,2026,2026-06-05,824673,3.2,20,6,1,3,8,80,True,137
665795,2026,2026-06-11,824346,5.1,22,5,2,2,2,83,False,115
665795,2026,2026-06-16,824667,4.1,18,3,2,1,5,67,True,115
665795,2026,2026-06-23,823614,5.0,22,4,4,0,2,99,False,121
665795,2026,2026-08-16,824642,3.2,20,2,3,1,7,77,True,138
669199,2026,2026-06-02,822728,2.2,9,3,1,0,0,49,False,120
669199,2026,2026-06-06,823859,3.0,9,3,0,0,0,38,True,139
669199,2026,2026-06-13,823369,2.0,9,4,1,0,1,42,False,134
669199,2026,2026-06-19,823853,1.1,9,1,2,0,1,37,True,137
669199,2026,2026-08-16,823344,3.0,11,4,1,0,0,52,True,111
690928,2026,2026-04-30,823391,4.1,19,4,5,0,3,79,False,134
690928,2026,2026-06-11,823619,4.1,20,5,0,2,3,88,False,121
690928,2026,2026-07-07,823035,5.0,22,4,3,0,3,92,True,158
690928,2026,2026-07-22,824004,6.0,24,5,0,0,0,86,False,108
690928,2026,2026-08-04,823517,6.1,26,4,3,2,2,92,False,147
690928,2026,2026-08-10,823018,5.0,22,6,3,0,1,97,True,143
690928,2026,2026-08-16,824642,5.0,21,7,4,1,2,96,False,112
693821,2026,2026-03-30,824943,6.0,23,5,1,0,0,83,True,133
693821,2026,2026-04-04,825104,7.0,24,8,1,0,0,89,False,109
693821,2026,2026-04-10,824941,4.2,21,3,3,1,2,76,True,114
693821,2026,2026-04-15,824936,5.2,23,7,2,0,0,79,True,146
693821,2026,2026-04-20,822749,6.2,27,6,2,1,3,98,False,120
693821,2026,2026-04-25,824933,7.0,28,2,1,0,3,92,True,143
693821,2026,2026-04-30,824929,6.0,26,5,3,0,1,90,True,116
693821,2026,2026-05-05,823142,6.0,23,9,3,1,2,93,False,136
693821,2026,2026-05-10,823954,5.2,22,8,4,0,0,83,False,119
693821,2026,2026-05-16,824924,8.0,32,3,0,1,3,103,True,111
693821,2026,2026-05-22,824922,6.0,24,4,1,1,1,87,True,120
693821,2026,2026-05-27,824756,3.1,20,1,1,0,5,59,False,111
693821,2026,2026-06-02,824918,6.2,27,6,1,1,3,103,True,141
693821,2026,2026-06-07,824916,6.0,22,4,2,1,2,88,True,134
693821,2026,2026-06-14,823615,4.0,24,2,2,2,6,75,False,121
693821,2026,2026-06-21,824908,6.0,32,6,2,1,8,95,True,158
693821,2026,2026-06-27,823207,4.0,17,4,1,2,5,69,False,137
693821,2026,2026-07-09,823359,4.0,20,3,2,3,3,69,False,134
693821,2026,2026-07-20,824898,6.0,22,4,1,2,2,77,True,135
693821,2026,2026-07-25,824811,5.0,22,8,4,1,1,98,False,110
693821,2026,2026-07-31,824892,6.0,25,3,3,1,1,93,True,120
693821,2026,2026-08-05,824889,7.0,25,3,2,0,1,84,True,146
693821,2026,2026-08-10,824887,5.0,27,4,3,2,7,105,True,121
693821,2026,2026-08-16,824880,6.0,23,5,1,1,1,75,True,109
605483,2026,2026-05-09,823955,3.0,18,5,2,0,4,77,True,144
605483,2026,2026-08-11,823917,6.0,22,10,1,0,1,84,True,118
608372,2026,2026-03-30,822834,4.2,18,4,2,1,1,72,False,141
608372,2026,2026-04-05,824379,6.0,23,5,1,1,1,78,True,143
608372,2026,2026-04-10,823318,6.0,22,3,0,2,2,81,False,135
608372,2026,2026-04-17,824373,4.0,23,3,2,1,5,91,True,119
608372,2026,2026-04-22,824367,5.2,23,4,1,0,1,101,True,135
608372,2026,2026-04-29,824525,5.1,22,2,3,0,0,91,False,113
608372,2026,2026-05-04,824363,5.1,20,1,2,1,4,61,True,121
608372,2026,2026-05-10,823463,5.0,22,2,1,3,5,81,False,143
608372,2026,2026-05-16,824359,5.0,22,1,2,0,2,88,True,109
608372,2026,2026-05-22,825082,6.2,27,3,1,0,2,97,False,109
608372,2026,2026-05-27,823947,4.2,20,3,1,2,3,83,False,119
608372,2026,2026-06-02,824026,5.0,23,5,2,0,2,96,False,108
608372,2026,2026-06-09,824347,5.0,22,3,2,1,3,93,True,112
608372,2026,2026-06-14,824994,5.0,26,2,2,1,6,97,False,133
608372,2026,2026-06-20,824342,6.0,22,5,0,1,1,85,True,134
608372,2026,2026-06-26,823688,5.0,23,2,1,2,7,85,False,142
608372,2026,2026-07-18,824331,6.1,24,3,0,2,3,77,True,113
608372,2026,2026-07-24,823759,5.1,23,5,1,2,2,93,False,158
608372,2026,2026-07-31,824325,6.2,24,2,0,1,1,83,True,118
608372,2026,2026-08-05,824322,5.0,22,3,2,1,3,85,True,139
608372,2026,2026-08-11,825046,6.0,23,5,0,2,2,93,False,109
650911,2026,2026-03-26,823486,6.0,21,10,0,0,0,87,True,140
650911,2026,2026-04-01,823483,5.1,24,7,4,0,1,97,True,120
650911,2026,2026-04-07,823235,5.0,24,6,0,0,2,92,False,137
650911,2026,2026-04-13,823481,6.0,26,8,3,1,2,96,True,112
650911,2026,2026-04-18,823474,6.0,28,8,1,0,0,93,True,144
650911,2026,2026-04-23,824689,5.1,30,4,2,2,6,99,False,112
650911,2026,2026-04-30,823472,6.2,27,7,3,0,2,85,True,137
650911,2026,2026-05-05,823469,8.0,29,10,1,0,0,97,True,133
650911,2026,2026-05-10,823463,7.0,27,7,0,0,0,103,True,115
650911,2026,2026-05-16,823382,9.0,32,13,0,0,0,108,False,134
650911,2026,2026-05-22,823461,8.0,28,6,2,0,0,96,True,114
650911,2026,2026-05-27,823295,7.0,27,9,0,0,0,100,False,135
650911,2026,2026-06-03,823456,7.0,26,8,1,0,1,84,True,135
650911,2026,2026-06-08,822806,7.0,26,10,1,1,2,107,False,141
650911,2026,2026-06-14,823777,5.2,25,3,1,2,4,98,False,158
650911,2026,2026-06-20,823447,6.0,24,5,1,1,1,91,True,121
650911,2026,2026-06-25,822717,5.0,25,6,1,1,5,92,False,120
650911,2026,2026-06-30,823445,7.0,26,9,2,0,0,92,True,134
650911,2026,2026-07-06,824089,3.1,21,1,1,3,9,83,False,118
650911,2026,2026-07-11,824249,7.0,29,7,1,1,2,103,False,116
650911,2026,2026-07-20,823436,5.1,25,7,0,0,2,99,True,119
650911,2026,2026-07-26,823433,6.0,28,6,3,0,3,101,True,147
650911,2026,2026-08-01,824808,6.0,25,11,5,0,0,99,False,110
650911,2026,2026-08-06,823430,5.0,23,6,2,1,2,98,True,120
650911,2026,2026-08-11,823019,6.0,20,7,0,0,0,89,False,138
684007,2026,2026-03-29,824700,5.0,22,7,2,1,4,82,True,120
684007,2026,2026-04-05,824460,5.0,19,4,1,0,1,92,False,114
684007,2026,2026-04-10,824695,6.0,19,9,1,0,0,100,True,134
684007,2026,2026-04-15,823477,6.0,22,11,1,1,1,97,False,143
684007,2026,2026-04-21,824690,7.0,26,1,1,1,1,87,True,143
684007,2026,2026-04-26,823959,5.1,25,6,3,0,4,100,False,119
684007,2026,2026-05-02,824685,7.0,26,5,1,0,0,87,True,109
684007,2026,2026-05-07,824681,6.0,28,10,3,1,1,99,True,113
684007,2026,2026-05-13,824928,7.0,24,6,0,1,2,96,False,144
684007,2026,2026-05-18,824680,4.1,24,2,3,2,8,79,True,158
684007,2026,2026-05-24,824676,6.0,26,6,1,3,7,94,True,117
684007,2026,2026-05-29,823055,5.1,23,2,1,3,5,75,False,138
684007,2026,2026-06-04,824672,6.0,24,5,1,4,6,84,True,133
684007,2026,2026-06-10,824348,5.0,19,7,2,0,0,90,False,115
684007,2026,2026-06-15,824666,5.2,22,3,1,0,1,85,True,115
684007,2026,2026-06-24,823611,5.1,20,4,1,3,4,69,False,121
684007,2026,2026-06-29,824662,6.1,27,4,0,0,2,97,True,135
684007,2026,2026-07-04,824658,4.2,19,8,3,1,2,86,True,138
684007,2026,2026-07-10,824493,5.0,23,5,1,1,1,102,False,113
684007,2026,2026-07-19,824653,7.0,26,4,1,0,0,99,True,142
684007,2026,2026-07-25,823355,6.0,23,4,1,0,0,84,False,134
684007,2026,2026-07-31,824651,6.2,23,6,0,2,2,101,True,147
684007,2026,2026-08-05,824646,5.0,23,6,0,1,1,89,True,119
684007,2026,2026-08-11,822697,4.2,21,5,0,3,4,86,False,120
690997,2026,2026-03-29,823647,5.0,22,8,2,1,2,84,True,134
690997,2026,2026-04-03,823240,5.1,19,4,2,0,1,93,False,137
690997,2026,2026-04-09,823645,6.1,23,8,2,0,2,100,True,109
690997,2026,2026-04-14,823965,7.0,25,8,2,0,1,95,False,119
690997,2026,2026-04-21,823640,6.2,25,10,0,1,3,99,True,142
690997,2026,2026-04-26,823635,5.0,21,7,2,0,1,91,True,115
690997,2026,2026-05-02,824042,4.0,18,6,1,0,3,78,False,108
690997,2026,2026-05-08,825088,6.0,22,6,1,1,1,100,False,109
690997,2026,2026-05-14,823630,7.0,28,7,3,1,3,93,True,116
690997,2026,2026-05-19,822736,5.2,31,5,2,2,6,100,False,120
690997,2026,2026-05-25,823625,3.1,19,6,2,2,7,78,True,113
690997,2026,2026-05-31,823621,5.0,23,2,5,0,1,94,True,146
690997,2026,2026-06-06,823292,6.0,23,5,3,0,1,101,False,135
690997,2026,2026-06-12,823617,4.0,18,6,4,0,2,93,True,144
690997,2026,2026-06-17,824503,7.0,27,9,1,0,0,101,False,113
690997,2026,2026-06-24,823613,6.0,28,9,2,2,6,104,True,112
690997,2026,2026-06-30,822793,6.0,25,7,2,0,0,91,False,141
690997,2026,2026-07-05,824902,6.0,25,5,1,0,2,96,False,144
690997,2026,2026-07-10,823604,6.0,26,7,2,0,0,98,True,111
690997,2026,2026-07-19,823439,6.0,21,10,2,0,0,93,False,143
690997,2026,2026-07-25,823600,6.0,27,7,2,1,2,96,True,119
690997,2026,2026-07-30,823595,6.1,26,6,2,2,2,99,True,146
690997,2026,2026-08-06,824401,5.0,26,8,3,1,5,94,False,114
690997,2026,2026-08-11,824886,6.0,20,3,2,1,1,85,False,144
621111,2026,2026-03-30,823320,4.0,19,3,2,1,3,72,True,137
621111,2026,2026-04-05,824781,2.2,14,4,3,0,4,61,False,111
621111,2026,2026-04-10,823318,6.0,20,4,0,0,0,68,True,115
621111,2026,2026-04-16,823313,5.0,20,7,1,0,2,88,True,136
621111,2026,2026-04-22,824367,2.2,19,2,3,0,4,82,False,115
621111,2026,2026-04-28,823310,4.2,22,4,3,0,2,92,True,112
621111,2026,2026-05-05,823227,5.1,23,5,0,1,4,82,False,137
621111,2026,2026-05-10,823305,6.0,21,2,0,1,2,89,True,138
621111,2026,2026-05-16,823139,5.0,22,6,2,1,2,101,False,136
621111,2026,2026-05-22,823298,5.0,22,4,4,0,3,85,True,133
621111,2026,2026-05-27,823295,5.1,18,2,0,0,2,58,True,143
621111,2026,2026-06-03,823456,6.0,24,6,2,0,1,86,False,143
621111,2026,2026-06-08,823289,4.2,22,4,2,0,1,86,True,113
621111,2026,2026-06-14,824823,5.0,21,5,0,1,1,86,False,110
621111,2026,2026-06-20,822885,5.1,21,7,1,0,1,87,False,140
621111,2026,2026-06-26,823285,5.1,20,5,3,1,1,74,True,119
621111,2026,2026-07-01,824660,4.0,23,6,4,3,9,85,False,112
621111,2026,2026-07-06,823282,5.0,24,4,1,2,7,93,True,109
621111,2026,2026-07-11,823276,2.0,13,1,4,1,4,65,True,141
621111,2026,2026-07-21,824895,5.2,24,3,5,0,2,90,False,144
621111,2026,2026-07-26,823840,5.1,22,7,2,1,2,92,False,146
621111,2026,2026-08-01,823269,4.1,21,1,2,1,3,79,True,137
621111,2026,2026-08-06,825053,4.0,18,3,1,0,1,76,False,109
621111,2026,2026-08-11,823264,6.0,24,5,2,0,1,98,True,158
621111,2026,2026-08-17,823589,6.0,21,4,2,0,2,86,False,121
641927,2026,2026-03-29,824864,4.0,17,1,1,1,3,56,False,110
641927,2026,2026-04-03,823732,4.0,18,4,2,0,3,82,True,139
641927,2026,2026-04-08,823726,5.2,24,2,1,0,2,99,True,116
641927,2026,2026-04-13,823725,6.0,26,7,1,1,4,95,True,111
641927,2026,2026-04-19,823718,6.1,26,10,4,0,0,102,True,113
641927,2026,2026-04-25,822989,6.0,22,3,2,1,2,83,False,139
641927,2026,2026-04-30,823714,6.0,24,2,2,1,1,88,True,141
641927,2026,2026-05-06,822740,5.0,23,3,2,1,5,82,False,120
641927,2026,2026-05-12,823712,9.0,29,7,0,0,0,89,True,146
641927,2026,2026-05-17,823708,5.0,23,1,2,2,3,77,True,158
641927,2026,2026-05-24,824759,5.0,22,3,0,2,4,82,False,111
641927,2026,2026-05-30,823375,4.2,27,3,1,3,7,97,False,134
641927,2026,2026-07-09,823683,5.0,19,5,1,1,1,74,True,114
641927,2026,2026-07-17,824655,5.1,21,7,2,0,2,88,False,112
641927,2026,2026-07-22,824408,4.0,21,2,1,0,4,89,False,114
641927,2026,2026-07-30,823674,6.0,24,3,2,1,2,79,True,118
641927,2026,2026-08-06,824080,6.0,23,0,0,0,3,74,False,118
641927,2026,2026-08-11,823673,6.0,26,4,1,3,5,100,True,110
641927,2026,2026-08-17,823668,4.1,20,4,1,0,2,94,True,144
664285,2026,2026-03-27,823324,6.0,25,5,1,0,1,83,False,135
664285,2026,2026-04-03,824299,6.0,24,5,2,0,0,91,True,138
664285,2026,2026-04-08,823726,5.0,29,2,2,0,8,87,False,142
664285,2026,2026-04-14,824292,7.0,26,1,2,0,1,87,True,118
664285,2026,2026-04-19,824777,6.0,23,7,2,1,1,98,False,111
664285,2026,2026-04-24,824529,4.1,21,4,5,1,2,89,False,113
664285,2026,2026-04-30,824929,6.0,25,8,0,0,2,99,False,144
664285,2026,2026-05-05,824281,3.0,22,3,1,3,7,60,True,111
664285,2026,2026-05-13,823631,6.2,28,7,2,0,2,106,False,121
664285,2026,2026-05-18,824277,5.0,23,3,4,0,4,89,True,114
664285,2026,2026-05-24,824839,6.0,22,5,2,1,1,92,False,110
664285,2026,2026-05-30,824593,6.2,27,4,2,1,4,89,False,145
664285,2026,2026-06-05,824271,5.0,22,5,2,0,1,102,True,136
664285,2026,2026-06-10,824266,5.0,23,2,2,2,4,75,True,142
664285,2026,2026-06-16,824182,6.0,27,6,3,0,0,92,False,117
664285,2026,2026-06-22,824261,6.0,24,8,2,0,1,94,True,147
664285,2026,2026-06-27,824257,6.0,26,2,0,1,4,88,True,117
664285,2026,2026-07-02,822884,5.0,26,1,2,1,5,87,False,140
664285,2026,2026-07-09,824251,7.0,26,9,0,0,1,87,True,133
664285,2026,2026-07-21,824652,0.2,10,1,2,0,6,42,False,112
664285,2026,2026-07-26,824246,5.0,24,4,3,1,2,97,True,118
664285,2026,2026-08-01,824972,7.0,30,6,2,0,2,96,False,133
664285,2026,2026-08-06,823105,7.0,25,5,2,0,0,95,False,136
664285,2026,2026-08-12,824241,5.2,29,3,5,1,4,102,True,114
664285,2026,2026-08-17,823343,5.2,26,5,4,0,4,91,False,134
669387,2026,2026-03-29,823647,4.1,20,8,0,0,2,85,False,121
669387,2026,2026-04-04,823404,4.2,21,5,3,0,2,84,True,110
669387,2026,2026-04-10,824695,5.1,23,2,3,0,0,81,False,112
669387,2026,2026-04-21,822914,4.1,21,6,2,0,5,93,False,140
669387,2026,2026-04-26,823797,3.2,18,4,1,0,4,81,False,158
669387,2026,2026-05-02,823388,5.2,28,10,2,1,5,101,True,113
669387,2026,2026-05-08,823225,6.0,23,1,0,1,2,74,False,137
669387,2026,2026-05-20,823057,5.0,19,1,1,0,0,95,False,138
669387,2026,2026-05-25,823380,5.0,22,2,3,1,1,86,True,112
669387,2026,2026-08-07,823349,3.0,16,1,1,1,5,63,True,121
669387,2026,2026-08-12,823833,2.1,15,1,3,0,4,59,False,146
669387,2026,2026-08-17,823343,3.0,18,3,1,1,4,59,True,116
676083,2026,2026-03-31,823888,4.1,19,5,1,0,2,79,True,145
676083,2026,2026-04-06,823886,7.1,28,3,1,1,2,87,True,113
676083,2026,2026-04-11,824294,5.0,22,4,2,1,4,99,False,116
676083,2026,2026-04-17,823883,5.1,24,3,2,0,3,93,True,158
676083,2026,2026-04-22,823878,5.0,17,2,1,0,0,56,True,138
676083,2026,2026-04-28,823956,6.0,23,4,1,0,0,76,False,119
676083,2026,2026-05-04,823874,5.1,22,6,0,1,1,92,True,143
676083,2026,2026-05-09,823869,6.0,26,6,2,1,4,94,True,120
676083,2026,2026-05-15,822983,5.2,28,4,3,2,7,100,False,139
676083,2026,2026-05-20,823866,5.0,23,3,0,2,8,86,True,144
676083,2026,2026-05-25,822812,5.0,23,3,0,0,1,93,False,141
676083,2026,2026-07-09,823846,5.0,21,5,4,1,1,79,True,136
676083,2026,2026-07-20,824167,4.0,19,3,3,2,6,80,False,117
676083,2026,2026-07-26,823840,4.2,21,6,0,0,1,75,True,135
676083,2026,2026-07-31,823593,5.0,21,4,2,0,0,79,False,121
676083,2026,2026-08-06,824885,3.0,13,1,1,1,2,47,False,144
676083,2026,2026-08-12,823833,6.0,23,2,1,0,1,81,True,134
676083,2026,2026-08-17,823427,5.0,23,2,2,0,2,88,False,143
683352,2026,2026-06-24,823041,3.0,13,3,2,0,1,54,False,138
683352,2026,2026-07-12,823925,3.0,15,0,3,1,3,58,False,119
683352,2026,2026-07-20,825058,4.2,23,4,1,2,2,84,True,133
683352,2026,2026-07-25,822704,5.0,26,3,5,1,5,92,False,120
683352,2026,2026-07-31,824407,5.0,21,2,4,0,1,82,False,114
683352,2026,2026-08-05,825052,7.0,24,9,3,0,0,92,True,135
683352,2026,2026-08-11,825046,6.0,21,4,1,1,2,78,True,115
683352,2026,2026-08-17,824725,3.0,16,0,3,0,3,65,False,111
686930,2026,2026-07-30,824974,5.0,21,6,1,0,3,73,True,111
686930,2026,2026-08-06,824481,4.1,21,7,3,3,5,82,False,113
686930,2026,2026-08-11,824970,4.0,20,0,3,3,5,67,True,139
686930,2026,2026-08-17,824077,2.2,18,2,4,1,6,83,False,118
592332,2026,2026-03-27,822839,6.0,19,11,0,1,1,83,True,133
592332,2026,2026-04-01,822835,6.0,21,10,0,0,0,89,True,115
592332,2026,2026-04-07,822831,5.1,24,5,2,0,2,84,True,119
592332,2026,2026-04-14,823802,5.0,24,5,3,1,3,97,False,158
592332,2026,2026-04-19,825100,6.0,25,4,1,0,2,86,False,109
592332,2026,2026-04-25,822826,6.2,25,3,0,1,2,91,True,114
592332,2026,2026-04-30,823714,5.2,23,2,2,2,4,94,False,142
592332,2026,2026-05-05,822986,6.0,24,3,1,0,2,96,False,139
592332,2026,2026-05-11,822818,4.2,24,5,0,1,6,100,True,139
592332,2026,2026-05-17,824279,6.0,22,5,0,0,0,97,False,116
592332,2026,2026-05-22,822816,6.2,27,8,1,0,1,94,True,134
592332,2026,2026-05-27,822809,5.0,22,5,2,0,1,95,True,146
592332,2026,2026-06-02,824918,6.0,25,8,2,1,4,96,False,144
592332,2026,2026-06-07,822807,5.0,20,5,0,2,4,93,True,110
592332,2026,2026-06-13,822802,7.0,24,7,2,1,1,105,True,147
592332,2026,2026-06-19,824663,2.0,17,3,4,1,7,68,False,112
592332,2026,2026-06-25,822797,6.0,28,4,2,3,6,99,True,140
592332,2026,2026-06-30,822793,6.0,25,7,2,1,1,96,True,121
592332,2026,2026-07-06,823205,5.1,26,8,5,0,4,92,False,137
592332,2026,2026-07-12,823274,6.0,25,8,3,0,3,103,False,135
592332,2026,2026-07-21,822787,3.1,21,1,2,0,4,90,True,139
592332,2026,2026-07-26,824730,6.0,24,6,1,0,3,98,False,111
592332,2026,2026-08-01,822781,5.2,25,4,1,0,1,94,True,138
592332,2026,2026-08-07,824081,7.0,26,4,1,1,2,96,False,118
592332,2026,2026-08-13,822696,4.2,22,7,1,1,6,93,False,120
518876,2026,2026-04-14,824853,5.1,24,3,4,1,2,86,False,110
518876,2026,2026-04-21,825099,4.1,26,5,3,3,8,101,True,145
518876,2026,2026-04-28,823798,5.0,24,1,5,1,5,104,False,158
518876,2026,2026-05-03,824687,4.1,24,5,3,1,6,92,False,112
518876,2026,2026-05-09,825089,7.0,26,6,3,0,1,96,True,121
518876,2026,2026-05-15,824360,9.0,31,3,0,1,1,100,False,115
518876,2026,2026-05-20,825084,6.0,26,4,0,1,3,85,True,137
518876,2026,2026-05-25,823219,7.0,26,4,2,0,2,96,False,137
518876,2026,2026-05-31,823133,5.1,27,2,2,2,2,97,False,136
518876,2026,2026-06-05,825073,5.0,25,4,3,3,7,85,True,120
518876,2026,2026-06-11,823855,6.0,23,1,2,0,2,74,False,146
518876,2026,2026-06-16,825070,5.1,27,4,1,2,6,88,True,108
518876,2026,2026-06-22,823040,6.0,26,2,3,0,3,96,False,138
518876,2026,2026-06-28,822959,6.0,27,3,2,3,5,93,False,139
518876,2026,2026-07-04,825063,5.0,25,6,2,1,2,92,True,158
518876,2026,2026-07-09,823277,7.0,24,6,3,1,1,94,False,135
518876,2026,2026-07-17,825060,5.0,21,3,2,1,1,87,True,138
518876,2026,2026-07-22,825055,5.0,19,3,1,1,2,87,True,133
518876,2026,2026-07-27,823353,5.2,22,6,1,0,0,93,False,134
518876,2026,2026-08-02,824404,5.0,25,5,4,1,5,96,False,114
518876,2026,2026-08-07,825051,5.2,21,4,4,0,1,80,True,119
518876,2026,2026-08-12,825047,5.0,23,2,3,2,6,71,True,115
607074,2026,2026-05-10,823793,4.1,21,4,5,0,3,78,False,158
607074,2026,2026-05-16,823627,3.2,17,6,3,0,2,88,False,121
607074,2026,2026-05-21,823545,5.0,21,7,3,0,1,95,True,141
607074,2026,2026-05-29,825002,6.0,22,3,2,1,1,93,False,133
607074,2026,2026-06-04,823542,6.0,23,7,3,0,1,96,True,114
607074,2026,2026-06-10,824428,6.0,25,7,3,1,3,96,False,114
607074,2026,2026-06-17,823536,5.0,22,7,1,1,3,99,True,145
607074,2026,2026-06-23,824262,5.1,22,5,2,0,3,87,False,116
607074,2026,2026-06-28,824744,5.0,21,6,4,0,0,96,False,111
615698,2026,2026-06-23,823849,2.0,9,1,0,1,1,34,False,146
615698,2026,2026-06-27,822794,4.0,15,5,1,0,0,55,False,141
615698,2026,2026-07-04,822882,5.0,21,2,1,1,2,66,True,116
615698,2026,2026-07-10,822878,6.0,23,1,1,1,1,79,True,117
615698,2026,2026-07-17,824901,4.0,23,3,1,2,6,86,False,144
615698,2026,2026-07-28,822949,5.1,19,7,1,0,1,69,False,139
615698,2026,2026-08-03,822867,6.0,24,4,1,1,1,87,True,137
615698,2026,2026-08-12,823994,5.0,22,6,3,0,1,85,False,108
663372,2026,2026-03-31,822836,3.0,11,4,1,0,0,47,False,141
663372,2026,2026-04-06,824376,5.1,24,1,2,1,4,70,True,117
663372,2026,2026-04-11,823316,4.0,21,4,3,2,6,82,False,135
663372,2026,2026-04-18,824372,5.2,23,5,1,2,2,87,True,119
663372,2026,2026-04-23,824368,2.0,9,3,1,0,2,40,True,135
663372,2026,2026-05-30,824352,6.0,20,2,0,0,0,63,True,137
663372,2026,2026-06-05,824350,6.0,22,4,2,0,1,81,True,158
663372,2026,2026-06-11,824346,4.1,20,3,3,1,6,75,True,112
663372,2026,2026-06-16,824667,4.2,23,7,3,1,2,104,False,112
663372,2026,2026-06-22,824344,6.0,25,2,4,0,2,93,True,111
663372,2026,2026-06-28,823686,6.0,22,0,0,1,1,82,False,142
663372,2026,2026-07-03,824336,6.0,24,9,0,1,2,88,True,137
663372,2026,2026-07-09,823201,4.1,23,3,4,2,4,92,False,137
663372,2026,2026-07-19,824330,2.1,18,3,4,3,8,71,True,113
663372,2026,2026-07-25,823758,5.0,23,4,1,1,5,82,False,158
663372,2026,2026-08-01,824326,6.0,26,3,1,2,4,87,True,118
663372,2026,2026-08-07,823024,5.1,24,2,3,1,3,91,False,138
663372,2026,2026-08-12,825047,5.0,24,2,3,0,2,93,False,109
664299,2026,2026-03-28,824213,4.2,21,1,4,2,6,74,True,108
664299,2026,2026-04-03,825026,3.2,21,2,5,0,6,82,False,133
664299,2026,2026-04-08,824374,1.0,6,1,0,0,1,20,False,115
664299,2026,2026-07-12,822876,3.0,16,4,3,0,3,60,False,140
664299,2026,2026-08-03,824160,6.0,24,2,0,1,3,85,True,141
664299,2026,2026-08-09,823268,5.0,24,2,1,2,4,86,False,135
667755,2026,2026-03-26,824218,6.0,24,7,4,0,0,91,False,117
667755,2026,2026-03-31,824699,6.0,21,4,2,0,0,90,False,112
667755,2026,2026-04-06,824052,8.0,26,10,0,1,1,97,True,144
667755,2026,2026-04-12,824533,7.0,26,10,3,0,0,106,False,113
667755,2026,2026-04-17,824048,5.2,23,8,4,0,0,99,True,135
667755,2026,2026-04-22,824044,5.0,20,4,0,0,0,84,True,141
667755,2026,2026-04-28,824610,5.0,23,6,3,2,3,97,False,145
667755,2026,2026-05-04,824039,4.0,23,5,3,2,5,88,True,145
667755,2026,2026-05-10,822819,7.2,29,7,1,0,1,103,False,141
667755,2026,2026-05-16,824038,5.1,24,6,6,0,6,92,True,119
667755,2026,2026-05-21,824031,6.2,26,7,1,0,2,103,True,133
667755,2026,2026-05-27,824270,5.0,24,4,4,1,3,105,False,116
667755,2026,2026-06-01,824027,4.2,25,7,7,1,2,108,True,115
667755,2026,2026-06-07,823941,6.0,27,2,2,2,4,88,False,119
667755,2026,2026-06-13,824019,5.0,19,5,2,0,0,76,True,139
667755,2026,2026-06-19,824990,5.0,24,6,4,1,3,105,False,133
667755,2026,2026-06-24,824018,3.0,17,4,2,2,5,69,True,110
667755,2026,2026-06-30,823122,5.0,22,9,1,0,3,91,False,136
667755,2026,2026-07-07,822881,6.0,23,4,2,0,2,93,False,140
667755,2026,2026-07-12,823681,5.0,20,0,2,0,3,77,False,142
667755,2026,2026-07-20,824006,7.0,25,7,1,0,2,95,True,138
667755,2026,2026-07-26,823194,5.0,20,5,3,0,0,85,False,137
667755,2026,2026-08-07,823428,4.2,20,3,3,0,1,94,False,143
667755,2026,2026-08-12,822779,6.0,22,4,2,1,1,90,True,111
671096,2026,2026-03-26,824541,6.0,24,4,1,0,0,83,True,111
671096,2026,2026-04-01,824536,5.2,24,5,3,1,4,88,True,134
671096,2026,2026-04-07,823887,5.1,24,2,2,0,2,91,False,146
671096,2026,2026-04-12,824533,3.0,18,1,2,1,7,71,True,108
671096,2026,2026-04-18,823721,4.2,24,3,3,0,3,97,False,142
671096,2026,2026-04-24,824529,4.0,19,4,2,2,5,89,True,116
671096,2026,2026-04-30,824524,6.0,25,5,2,1,2,86,True,115
671096,2026,2026-05-05,824682,5.2,24,4,4,0,0,98,False,112
671096,2026,2026-05-10,824520,6.0,21,5,1,0,0,85,True,117
671096,2026,2026-05-15,824439,5.0,22,2,3,1,1,90,False,114
671096,2026,2026-05-20,823462,5.1,22,3,3,1,1,96,False,143
671096,2026,2026-05-27,823626,6.0,24,4,1,2,3,101,False,121
671096,2026,2026-06-02,824511,6.0,27,5,4,0,3,105,True,118
671096,2026,2026-06-08,823289,6.0,24,6,2,1,3,101,False,135
671096,2026,2026-06-14,824506,5.0,21,5,3,1,1,95,True,109
671096,2026,2026-06-20,823532,5.0,23,6,3,1,1,97,False,147
671096,2026,2026-06-26,823363,5.1,24,6,1,3,3,94,False,134
671096,2026,2026-07-01,823767,5.0,25,3,5,0,2,96,False,158
671096,2026,2026-07-07,824495,6.0,23,8,0,1,3,95,True,143
671096,2026,2026-07-12,824491,4.0,19,3,3,0,4,79,True,112
671096,2026,2026-07-20,823112,6.0,24,6,2,0,0,100,False,136
671096,2026,2026-07-26,823028,6.0,24,4,4,1,2,100,False,138
671096,2026,2026-08-01,824485,5.0,23,1,5,0,3,98,True,134
671096,2026,2026-08-06,824481,6.2,27,4,2,0,3,88,True,133
671096,2026,2026-08-13,824561,4.1,23,3,3,0,5,93,False,145
691946,2026,2026-04-05,824053,2.2,16,4,5,0,2,73,True,136
691946,2026,2026-04-11,824535,2.0,16,2,5,1,4,72,False,113
691946,2026,2026-08-07,823836,4.0,20,3,4,0,1,83,False,146
691946,2026,2026-08-12,823994,6.0,24,5,1,1,2,87,True,140
800600,2026,2026-08-12,822698,4.0,19,6,5,0,3,78,True,112
804267,2026,2026-05-20,822735,4.1,19,3,2,1,4,80,False,120
804267,2026,2026-06-26,823610,6.0,23,7,1,0,1,78,True,143
804267,2026,2026-07-12,823602,7.0,25,5,2,0,0,82,True,111
804267,2026,2026-07-21,823760,6.0,20,2,1,0,0,81,False,158
804267,2026,2026-07-27,823597,6.1,23,5,1,1,3,81,True,144
804267,2026,2026-08-01,823594,4.2,24,2,3,1,3,94,True,146
804267,2026,2026-08-07,823349,5.0,19,3,2,0,0,63,False,134
804267,2026,2026-08-12,824883,6.0,24,2,1,1,3,80,False,144
554430,2026,2026-04-25,824933,5.0,20,6,3,0,2,84,False,144
554430,2026,2026-05-01,823877,6.0,23,8,2,0,1,94,False,146
554430,2026,2026-05-06,823470,6.1,25,4,1,1,3,98,True,133
554430,2026,2026-05-12,824764,7.1,27,4,0,0,1,87,False,111
554430,2026,2026-05-17,823381,7.0,25,8,1,0,0,98,False,134
554430,2026,2026-05-23,823458,6.0,21,6,1,0,0,99,True,114
554430,2026,2026-05-29,823946,6.0,23,4,1,4,4,90,False,119
554430,2026,2026-06-04,823457,7.0,25,8,3,1,2,104,True,135
554430,2026,2026-06-09,822805,6.0,24,5,0,1,1,96,False,141
554430,2026,2026-06-15,823452,6.0,23,9,3,0,0,97,True,146
554430,2026,2026-06-21,823449,5.2,23,7,3,1,2,104,True,121
554430,2026,2026-06-26,823610,7.0,25,5,1,0,1,98,False,121
554430,2026,2026-07-01,823446,4.2,24,10,1,1,4,104,True,134
554430,2026,2026-07-07,824495,7.0,25,14,0,1,1,104,False,113
554430,2026,2026-07-12,824250,6.0,22,10,2,0,0,96,False,116
554430,2026,2026-07-21,823437,7.0,25,9,0,1,2,93,True,119
554430,2026,2026-07-27,823839,3.0,16,6,1,2,5,68,False,146
554430,2026,2026-08-02,824807,2.0,7,3,0,0,0,32,False,110
554430,2026,2026-08-07,823428,5.1,28,6,5,1,4,116,True,141
554430,2026,2026-08-12,823017,5.0,23,5,1,0,4,84,False,138
554430,2026,2026-08-18,823423,5.0,20,7,4,1,2,98,True,146
592662,2026,2026-03-27,823243,5.1,21,4,0,1,2,89,True,147
592662,2026,2026-04-02,823242,5.1,22,7,3,1,2,96,True,121
592662,2026,2026-04-07,823235,6.2,26,7,3,0,0,109,True,143
592662,2026,2026-04-14,824531,5.0,19,6,4,2,2,94,False,113
592662,2026,2026-04-19,822750,6.0,26,7,1,1,3,93,False,120
592662,2026,2026-04-25,823229,5.0,21,4,3,0,1,97,True,146
592662,2026,2026-05-01,822990,6.1,22,5,0,2,3,102,False,139
592662,2026,2026-05-08,823225,6.0,23,7,4,1,1,93,True,134
592662,2026,2026-05-13,823952,4.2,23,2,2,2,3,95,False,119
592662,2026,2026-05-18,825087,4.1,26,1,2,2,9,84,False,109
592662,2026,2026-05-24,823220,4.0,21,3,7,1,4,92,True,145
592662,2026,2026-05-31,824354,4.0,19,6,2,0,1,96,False,115
592662,2026,2026-06-05,824673,5.0,21,4,5,0,0,97,False,112
592662,2026,2026-06-10,823215,5.2,24,3,0,1,5,93,True,120
592662,2026,2026-06-23,823210,8.0,29,6,4,0,0,102,True,133
592662,2026,2026-06-28,823204,8.0,30,2,1,0,0,95,True,144
592662,2026,2026-07-04,824334,6.0,24,4,3,1,3,88,False,115
592662,2026,2026-07-10,823200,5.0,23,4,6,0,1,100,True,115
592662,2026,2026-07-19,823113,4.0,22,6,2,0,1,86,False,136
592662,2026,2026-07-25,823197,6.0,25,5,2,0,0,80,True,108
592662,2026,2026-07-30,823271,6.0,22,6,1,0,1,86,False,135
592662,2026,2026-08-07,823266,5.0,25,2,5,1,4,92,True,117
592662,2026,2026-08-12,823263,4.0,17,4,3,1,2,84,True,158
592662,2026,2026-08-18,823586,6.0,24,4,3,1,1,91,False,121
607259,2026,2026-03-30,823809,6.0,24,3,0,1,2,88,False,158
607259,2026,2026-04-05,823729,6.0,20,4,1,1,1,81,False,142
607259,2026,2026-04-11,822996,4.2,22,4,3,1,1,87,True,147
607259,2026,2026-04-17,823397,5.1,26,3,3,0,2,88,False,134
607259,2026,2026-04-22,822993,8.0,30,6,1,0,1,95,True,113
607259,2026,2026-04-28,824447,7.0,25,4,1,0,0,78,False,114
607259,2026,2026-05-04,822984,5.0,21,4,1,0,1,71,True,141
607259,2026,2026-05-10,824765,5.2,25,3,0,0,1,80,False,111
607259,2026,2026-05-16,822981,6.0,23,4,1,0,0,77,True,146
607259,2026,2026-05-22,823546,6.0,26,1,1,1,1,94,False,147
607259,2026,2026-05-29,822978,7.0,27,5,0,0,2,88,True,108
607259,2026,2026-06-03,822973,4.0,22,1,1,2,6,58,True,116
607259,2026,2026-06-09,822969,7.0,27,2,0,0,3,73,True,111
607259,2026,2026-06-15,823938,5.1,22,6,1,1,3,96,False,119
607259,2026,2026-06-21,822968,6.0,24,5,3,1,3,88,True,120
607259,2026,2026-06-26,822962,5.2,23,3,0,1,1,85,True,109
607259,2026,2026-07-03,824173,5.1,21,3,1,1,1,85,False,117
607259,2026,2026-07-10,822955,5.1,20,1,1,1,2,70,True,136
607259,2026,2026-07-20,822788,6.0,24,0,1,0,1,82,False,141
607259,2026,2026-07-25,822948,6.0,21,5,0,0,0,84,True,114
607259,2026,2026-07-31,822945,6.0,24,2,0,4,6,77,True,145
607259,2026,2026-08-05,824322,5.2,22,4,0,0,0,75,False,115
607259,2026,2026-08-11,824970,9.0,33,5,0,1,4,101,False,133
607259,2026,2026-08-18,822938,3.2,22,5,2,1,6,82,True,141
624133,2026,2026-03-30,824214,4.1,20,3,1,2,4,76,False,117
624133,2026,2026-04-05,824781,4.0,18,2,2,0,4,75,True,135
624133,2026,2026-04-11,823074,6.0,22,6,2,0,0,84,False,138
624133,2026,2026-04-17,824778,8.0,26,4,1,0,0,93,True,116
624133,2026,2026-04-22,824774,4.2,21,4,2,1,4,71,True,147
624133,2026,2026-04-27,822825,8.0,25,10,1,0,0,105,False,141
624133,2026,2026-05-03,824769,4.0,16,3,1,0,0,70,True,117
624133,2026,2026-05-14,824762,5.1,21,8,1,0,0,76,True,143
624133,2026,2026-05-19,824112,4.1,19,3,3,0,1,81,False,118
624133,2026,2026-05-26,824758,5.0,25,4,3,1,5,91,True,144
624133,2026,2026-05-31,824430,5.0,25,10,2,0,4,93,False,114
624133,2026,2026-06-07,823537,6.1,25,6,0,0,1,90,False,147
624133,2026,2026-06-13,824749,5.0,23,7,2,0,2,97,True,140
624133,2026,2026-06-19,823124,6.2,24,5,3,0,0,94,False,136
624133,2026,2026-06-24,824341,6.0,27,9,1,0,1,102,False,115
624133,2026,2026-06-29,824741,6.0,24,8,1,1,3,95,True,120
624133,2026,2026-07-05,824010,2.2,15,5,0,0,3,53,False,108
624133,2026,2026-07-26,824730,4.0,15,6,0,0,0,64,True,141
624133,2026,2026-07-31,823922,4.2,18,2,2,0,3,65,False,119
624133,2026,2026-08-06,824729,3.0,15,3,2,1,3,70,True,145
624133,2026,2026-08-12,822779,5.0,21,2,1,0,1,81,False,141
624133,2026,2026-08-18,824723,5.1,22,3,2,1,4,93,True,109
641816,2026,2026-03-28,823241,4.0,17,5,1,0,2,80,True,147
641816,2026,2026-04-03,823240,5.0,23,4,2,2,5,91,True,121
641816,2026,2026-04-08,823234,5.2,24,6,4,0,0,94,True,143
641816,2026,2026-04-15,824532,4.0,24,6,5,4,8,89,False,113
641816,2026,2026-04-22,823231,7.0,26,5,2,0,0,91,True,119
641816,2026,2026-04-28,823473,5.0,22,3,3,0,5,82,False,143
641816,2026,2026-05-03,822987,5.1,22,5,1,0,0,92,False,139
641816,2026,2026-05-10,823221,5.2,24,8,2,2,4,97,True,134
641816,2026,2026-05-15,825009,5.0,24,6,1,1,5,90,False,133
641816,2026,2026-05-20,825084,5.0,23,6,0,1,6,79,False,109
641816,2026,2026-05-26,823216,5.0,20,3,3,1,3,81,True,109
641816,2026,2026-06-24,823208,5.2,19,4,2,0,0,70,True,133
641816,2026,2026-06-29,825065,4.1,19,3,3,1,4,85,False,109
641816,2026,2026-07-05,824333,4.1,21,5,0,0,3,75,False,115
641816,2026,2026-07-11,823198,7.0,29,4,3,0,1,104,True,115
641816,2026,2026-07-21,824085,5.0,22,4,1,1,3,91,False,118
641816,2026,2026-07-27,823195,6.0,20,3,2,0,0,88,True,158
641816,2026,2026-08-01,823269,5.2,25,9,2,1,5,99,False,135
641816,2026,2026-08-07,823515,6.0,23,9,2,0,0,92,False,147
641816,2026,2026-08-12,824883,6.0,21,7,0,1,1,93,True,121
641816,2026,2026-08-18,823667,6.2,25,3,1,1,2,76,False,142
656492,2026,2026-03-30,823484,5.0,21,5,0,1,2,86,False,143
656492,2026,2026-04-05,822756,5.0,22,6,3,1,1,95,True,119
656492,2026,2026-04-11,823805,5.1,20,1,3,0,0,80,False,158
656492,2026,2026-04-16,823396,5.1,24,7,1,1,4,89,False,134
656492,2026,2026-04-21,822747,6.0,24,3,1,2,3,96,True,144
656492,2026,2026-04-26,824612,7.0,26,8,2,0,0,95,False,145
656492,2026,2026-05-02,822746,6.0,26,3,4,0,0,97,True,158
656492,2026,2026-05-08,823871,7.0,27,9,1,1,1,103,False,146
656492,2026,2026-05-14,824517,4.1,23,7,3,2,9,92,False,113
656492,2026,2026-05-19,822736,5.0,24,5,0,2,5,97,True,121
656492,2026,2026-05-24,824921,6.0,22,6,1,0,0,90,False,144
656492,2026,2026-05-30,822731,5.0,21,5,2,3,3,90,True,135
656492,2026,2026-06-05,825073,5.0,17,4,0,1,1,62,False,109
656492,2026,2026-06-10,823215,6.0,24,5,0,1,1,100,False,137
656492,2026,2026-06-16,822723,6.0,26,6,2,0,1,100,True,118
656492,2026,2026-06-22,822720,7.1,27,9,0,1,1,105,True,143
656492,2026,2026-06-27,824825,7.0,26,9,2,0,0,112,False,110
656492,2026,2026-07-03,822714,5.0,20,2,1,1,1,83,True,134
656492,2026,2026-07-08,822710,7.0,25,9,0,0,1,99,True,117
656492,2026,2026-07-19,824978,7.0,28,2,1,0,1,97,False,133
656492,2026,2026-07-25,822704,6.2,26,2,1,0,3,108,True,109
656492,2026,2026-07-31,824892,5.1,25,3,2,2,6,78,False,144
656492,2026,2026-08-06,824401,4.0,21,6,2,2,5,88,True,121
656492,2026,2026-08-12,824241,5.0,21,3,1,1,1,83,False,116
656492,2026,2026-08-18,824398,6.0,23,6,2,1,1,101,True,137
669358,2026,2026-03-29,824864,5.1,21,4,0,0,4,78,True,142
669358,2026,2026-04-04,823404,5.2,25,5,3,0,1,98,False,134
669358,2026,2026-04-10,824858,5.0,25,4,2,1,3,99,True,137
669358,2026,2026-04-16,824453,6.0,26,6,3,1,4,99,False,114
669358,2026,2026-04-21,824127,6.1,29,4,2,0,4,98,False,118
669358,2026,2026-04-28,824849,5.2,24,6,1,1,1,98,True,117
669358,2026,2026-05-04,823552,5.2,26,4,5,1,5,96,False,147
669358,2026,2026-05-09,824847,4.2,22,5,3,1,5,100,True,133
669358,2026,2026-05-15,822739,7.0,30,4,3,1,3,108,False,120
669358,2026,2026-05-20,822977,6.0,22,6,3,1,1,94,False,139
669358,2026,2026-05-26,824837,7.0,29,9,2,0,1,99,True,139
669358,2026,2026-06-02,824754,7.0,26,6,2,0,2,94,False,111
669358,2026,2026-06-07,822807,5.2,26,3,1,1,1,81,False,141
669358,2026,2026-06-12,824826,5.0,24,1,2,0,2,103,True,135
669358,2026,2026-06-18,823125,7.0,28,9,2,0,3,99,False,136
669358,2026,2026-06-23,824017,5.0,24,5,1,1,5,91,False,108
669358,2026,2026-06-29,824822,7.0,27,6,4,0,2,109,True,145
669358,2026,2026-07-07,824820,6.0,26,3,3,0,3,100,True,112
669358,2026,2026-07-12,824814,4.2,22,9,0,0,2,104,True,118
669358,2026,2026-07-20,824736,6.0,25,6,0,0,1,77,False,111
669358,2026,2026-07-26,824810,4.1,19,2,2,0,1,90,True,144
669358,2026,2026-08-01,824808,6.1,25,4,1,0,1,99,True,143
669358,2026,2026-08-07,822863,8.0,28,9,1,1,2,93,False,140
669358,2026,2026-08-12,823672,3.0,19,2,1,0,5,65,False,142
669358,2026,2026-08-18,824803,6.1,25,10,2,1,3,104,True,147
672456,2026,2026-04-05,824296,4.1,17,3,1,0,2,63,True,138
672456,2026,2026-04-10,824297,6.0,21,7,1,0,0,80,True,146
672456,2026,2026-04-16,824289,6.0,25,5,0,0,4,83,True,118
672456,2026,2026-04-21,824290,5.2,22,3,1,0,3,88,True,158
672456,2026,2026-04-26,824528,5.0,22,5,2,2,3,86,False,113
672456,2026,2026-05-02,824284,6.2,26,2,2,1,1,85,True,140
672456,2026,2026-05-08,824116,6.0,22,4,1,0,1,71,False,118
672456,2026,2026-05-14,823630,4.2,20,2,2,2,4,70,False,121
672456,2026,2026-05-19,824276,5.0,21,1,4,1,3,85,True,114
672456,2026,2026-05-26,824275,5.2,26,7,1,1,4,89,True,108
672456,2026,2026-05-31,824592,6.0,20,4,0,0,0,65,False,145
672456,2026,2026-06-06,824269,5.0,22,1,1,1,4,79,True,136
672456,2026,2026-06-11,824265,6.1,24,4,1,0,0,96,True,142
672456,2026,2026-06-21,824260,7.0,27,3,0,1,3,76,True,145
672456,2026,2026-06-26,824255,7.0,26,3,1,0,0,96,True,117
672456,2026,2026-07-22,824650,5.1,20,8,0,1,1,81,False,112
672456,2026,2026-07-27,824245,4.1,24,1,1,1,4,80,True,110
672456,2026,2026-08-02,824971,6.0,22,2,2,0,0,86,False,133
672456,2026,2026-08-07,823191,6.0,27,5,3,2,5,82,False,137
672456,2026,2026-08-13,824238,6.1,23,0,1,0,0,88,True,114
672456,2026,2026-08-18,823341,5.0,20,3,1,1,3,78,False,134
681517,2026,2026-03-30,823080,5.0,24,1,2,0,4,79,True,121
681517,2026,2026-04-05,824296,5.0,23,4,3,1,2,97,False,116
681517,2026,2026-04-11,823074,4.0,17,2,3,0,2,71,True,111
681517,2026,2026-04-17,824207,5.0,22,6,0,3,3,83,False,117
681517,2026,2026-04-22,823878,5.0,25,2,3,0,4,89,False,146
681517,2026,2026-04-28,823390,5.1,23,7,0,2,3,82,False,134
681517,2026,2026-05-04,823064,5.1,25,5,2,0,1,94,True,158
681517,2026,2026-05-10,823305,5.0,21,5,4,0,0,95,False,135
681517,2026,2026-05-16,823060,6.0,25,2,3,0,1,90,True,118
681517,2026,2026-05-23,824516,5.0,24,8,2,2,5,87,False,113
681517,2026,2026-05-30,823054,4.1,21,4,0,0,1,78,True,112
681517,2026,2026-06-05,823049,4.0,19,1,2,0,3,79,True,113
681517,2026,2026-06-12,823695,5.0,22,5,1,1,4,77,False,142
681517,2026,2026-06-17,823044,6.0,24,7,1,0,3,81,True,135
681517,2026,2026-06-23,823043,6.1,23,3,2,0,0,85,True,109
681517,2026,2026-06-28,823037,5.0,20,5,3,0,1,87,True,146
681517,2026,2026-07-04,824658,5.0,20,6,2,0,0,77,False,112
681517,2026,2026-07-10,823033,3.0,10,2,0,0,0,44,True,144
681517,2026,2026-07-20,824006,6.0,20,4,0,1,1,95,False,108
681517,2026,2026-07-26,823028,6.0,24,9,1,2,2,102,True,113
681517,2026,2026-07-31,822782,6.0,24,3,1,0,1,98,False,141
681517,2026,2026-08-07,823024,5.0,22,8,0,0,2,82,True,115
681517,2026,2026-08-12,823017,5.0,20,6,0,0,1,81,True,143
681517,2026,2026-08-18,824475,5.0,18,6,0,0,0,90,False,113
682243,2026,2026-05-13,824195,5.1,25,3,1,1,2,81,False,117
682243,2026,2026-05-19,823136,5.2,19,7,1,0,0,72,True,145
682243,2026,2026-05-31,823133,5.0,17,6,1,0,0,71,True,109
682243,2026,2026-06-06,824269,6.0,20,9,2,0,0,94,False,116
682243,2026,2026-06-12,822726,8.0,26,7,0,2,2,91,False,120
682243,2026,2026-06-19,823124,5.0,16,7,0,1,1,66,True,111
682243,2026,2026-06-25,823366,5.2,22,11,0,2,3,90,False,134
682243,2026,2026-07-02,823119,7.0,24,8,0,0,0,90,True,108
682243,2026,2026-07-09,823846,5.0,28,3,4,1,4,81,False,146
682243,2026,2026-07-17,823115,5.2,26,6,1,1,2,91,True,137
682243,2026,2026-07-24,822872,5.1,23,0,1,2,5,89,False,140
682243,2026,2026-07-31,823111,5.1,20,3,2,1,2,87,True,142
682243,2026,2026-08-06,823105,5.0,22,5,2,1,4,93,True,116
682243,2026,2026-08-12,823511,6.0,25,5,1,1,5,89,False,147
682243,2026,2026-08-18,823749,4.2,23,3,2,1,5,92,False,158
687931,2026,2026-06-17,824913,5.0,23,2,2,0,2,85,False,144
687931,2026,2026-07-09,823201,5.2,23,4,4,1,2,87,True,115
687931,2026,2026-07-26,823194,5.0,21,7,2,2,4,78,True,108
687931,2026,2026-07-31,823272,3.1,20,3,4,1,6,74,False,135
687931,2026,2026-08-05,822866,3.1,18,4,3,0,4,70,False,140
687931,2026,2026-08-11,823186,5.2,25,2,3,0,1,96,True,117
687931,2026,2026-08-18,824398,4.0,23,1,2,1,6,80,False,114
690986,2026,2026-03-30,823809,5.0,20,8,1,1,1,87,True,139
690986,2026,2026-04-05,824131,5.1,21,6,2,1,2,90,False,118
690986,2026,2026-04-11,823805,4.1,19,1,1,0,2,76,True,120
690986,2026,2026-04-21,824290,3.0,17,3,3,0,1,72,False,116
690986,2026,2026-04-26,823797,6.0,19,12,1,0,0,101,True,134
690986,2026,2026-05-02,822746,6.0,24,5,1,0,1,93,False,120
690986,2026,2026-05-09,823792,4.0,20,6,4,1,2,77,True,147
690986,2026,2026-05-14,823789,5.0,20,7,0,0,0,99,True,135
690986,2026,2026-05-20,824678,7.0,23,11,1,0,0,94,False,112
690986,2026,2026-05-26,823785,6.0,23,2,0,0,0,92,True,138
690986,2026,2026-06-02,823782,5.2,23,12,2,1,1,106,True,137
690986,2026,2026-06-08,824998,2.1,17,4,2,3,8,71,False,133
690986,2026,2026-06-14,823777,6.0,21,3,0,0,0,80,True,143
690986,2026,2026-06-20,824909,6.1,23,7,0,1,2,85,False,144
690986,2026,2026-06-27,823770,5.0,19,9,1,1,2,92,True,112
690986,2026,2026-07-03,825062,2.2,15,3,1,0,3,72,False,109
690986,2026,2026-07-08,823032,4.0,17,2,0,1,3,70,False,138
690986,2026,2026-08-05,823753,5.0,16,10,1,0,0,69,True,134
690986,2026,2026-08-11,823264,4.2,27,3,3,3,3,90,False,135
690986,2026,2026-08-18,823749,5.0,18,8,2,0,0,79,True,136
805673,2026,2026-05-14,823709,7.0,25,5,1,0,0,83,True,146
805673,2026,2026-05-19,823704,6.0,23,6,0,1,2,100,True,117
805673,2026,2026-05-25,824598,6.0,25,6,1,2,3,88,False,145
805673,2026,2026-05-31,823373,4.1,22,7,2,2,7,100,False,134
805673,2026,2026-06-05,823699,7.0,27,2,4,0,2,100,True,118
805673,2026,2026-06-11,824265,6.0,28,4,1,3,7,81,False,116
805673,2026,2026-06-16,822888,7.0,28,4,0,0,2,93,False,140
805673,2026,2026-06-22,823692,6.0,26,5,2,2,2,108,True,119
805673,2026,2026-06-29,824176,7.0,25,7,1,1,1,89,False,117
805673,2026,2026-07-04,823526,4.2,20,5,4,2,4,79,False,147
805673,2026,2026-07-10,823685,6.0,26,3,2,1,4,102,True,108
805673,2026,2026-07-19,824653,3.0,22,4,3,1,8,87,False,112
805673,2026,2026-07-24,823680,6.0,22,1,3,0,2,92,True,133
805673,2026,2026-07-31,823111,5.0,22,10,2,1,3,101,False,136
805673,2026,2026-08-07,823750,5.0,24,4,2,1,3,83,False,158
805673,2026,2026-08-12,823672,5.0,22,4,2,1,4,94,True,110
805673,2026,2026-08-18,823667,5.2,23,4,1,1,1,90,True,144
607536,2026,2026-03-27,823893,4.1,21,2,2,0,2,81,False,146
607536,2026,2026-04-01,822835,5.0,22,6,1,0,1,88,False,141
607536,2026,2026-04-07,824375,6.1,24,5,1,1,1,81,True,117
607536,2026,2026-04-28,824526,5.0,20,4,1,1,4,79,False,113
607536,2026,2026-05-03,824364,4.1,24,7,3,2,6,98,True,144
607536,2026,2026-05-09,823468,5.0,25,4,0,3,6,87,False,143
607536,2026,2026-05-15,824360,3.2,22,3,4,0,7,81,True,109
607536,2026,2026-05-20,824355,4.2,22,4,2,2,3,89,True,140
607536,2026,2026-05-26,823949,4.0,22,4,0,3,8,81,False,119
607536,2026,2026-06-01,824027,5.2,28,4,1,1,5,91,False,108
607536,2026,2026-06-07,824349,5.0,22,2,1,0,3,89,True,158
607536,2026,2026-06-13,824995,5.2,27,4,0,1,6,95,False,133
607536,2026,2026-06-19,824345,7.1,26,8,0,0,2,81,True,134
607536,2026,2026-06-24,824341,6.0,29,4,1,2,6,81,True,111
607536,2026,2026-07-01,824337,5.0,21,7,1,0,2,85,True,146
607536,2026,2026-07-06,823930,5.0,23,2,0,1,6,72,False,119
607536,2026,2026-07-11,823198,6.0,24,9,0,1,4,92,False,137
607536,2026,2026-07-20,824328,6.0,27,4,2,2,4,91,True,120
607536,2026,2026-07-26,823755,5.1,23,2,1,1,5,87,False,158
607536,2026,2026-08-02,824323,9.0,34,8,2,0,1,115,True,118
607536,2026,2026-08-08,823021,4.1,23,3,3,0,1,101,False,138
607536,2026,2026-08-14,823185,8.0,27,2,1,1,1,95,False,137
656794,2026,2026-06-20,824263,3.0,9,4,0,0,0,42,False,116
656794,2026,2026-08-14,824237,1.1,5,2,1,0,0,25,False,116
669160,2026,2026-03-29,823079,4.0,22,3,1,0,6,61,True,139
669160,2026,2026-04-04,824295,3.1,18,4,2,2,7,79,False,116
669160,2026,2026-04-10,823076,6.0,23,4,0,0,1,75,True,111
669160,2026,2026-04-15,823071,6.0,21,4,1,0,1,91,True,114
669160,2026,2026-04-21,823880,5.1,22,5,1,1,1,97,False,146
669160,2026,2026-04-27,823395,6.0,24,2,2,0,2,95,False,134
669160,2026,2026-05-03,823065,6.0,25,3,2,0,3,95,True,119
669160,2026,2026-05-09,823304,6.0,24,7,2,1,2,97,False,135
669160,2026,2026-05-15,823061,6.0,26,3,4,0,3,91,True,118
669160,2026,2026-05-21,823056,5.1,25,7,2,1,4,91,True,134
669160,2026,2026-05-27,823783,7.0,25,9,0,0,1,87,False,158
669160,2026,2026-06-02,823052,5.2,24,9,2,0,3,90,True,140
669160,2026,2026-06-09,823620,6.0,22,6,1,0,0,101,False,121
669160,2026,2026-06-15,823046,9.0,28,9,1,0,0,101,True,135
669160,2026,2026-06-21,824095,2.0,13,2,1,2,6,44,False,118
669160,2026,2026-07-02,824906,0.2,9,1,2,0,5,34,False,144
669160,2026,2026-07-06,823036,4.2,18,7,0,0,0,81,True,158
669160,2026,2026-07-12,823029,4.0,20,4,4,0,2,84,True,144
669160,2026,2026-07-18,825059,5.0,25,6,4,0,5,98,False,109
669160,2026,2026-07-24,823031,6.0,27,8,1,0,1,89,True,113
669160,2026,2026-07-29,823022,5.0,18,3,2,0,0,70,True,112
669160,2026,2026-08-06,823754,6.0,23,5,3,1,2,97,True,134
669160,2026,2026-08-12,823263,7.0,25,6,2,1,1,83,False,135
669302,2026,2026-03-26,823163,5.1,21,7,0,1,3,86,True,114
669302,2026,2026-03-31,823158,5.1,23,6,3,0,5,95,True,147
669302,2026,2026-04-06,822918,6.0,23,5,0,0,2,96,False,140
669302,2026,2026-04-12,823154,7.0,24,7,1,1,1,85,True,117
669302,2026,2026-04-17,823152,5.1,24,7,1,1,2,99,True,140
669302,2026,2026-04-22,823147,4.0,21,3,2,0,3,89,True,133
669302,2026,2026-04-28,823716,5.0,24,4,1,1,1,93,False,142
669302,2026,2026-05-04,823143,6.0,25,4,2,4,4,89,True,144
669302,2026,2026-05-10,824605,6.0,19,9,0,0,0,87,False,145
669302,2026,2026-05-16,823139,6.2,27,5,2,3,7,97,True,135
669302,2026,2026-05-22,824110,5.2,21,6,2,0,0,94,False,118
669302,2026,2026-05-27,825003,6.0,24,6,2,0,0,91,False,133
669302,2026,2026-06-02,823129,5.1,22,8,1,2,3,99,True,121
669302,2026,2026-06-09,824830,6.0,23,5,2,0,1,105,False,110
669302,2026,2026-06-16,823128,7.0,25,10,1,0,1,94,True,110
669302,2026,2026-06-21,823123,6.1,22,8,2,1,1,94,True,111
669302,2026,2026-06-27,824421,7.0,28,7,0,0,4,103,False,114
669302,2026,2026-07-04,823118,7.1,23,7,0,0,0,91,True,141
669302,2026,2026-07-11,822953,6.2,30,5,2,0,4,96,False,139
669302,2026,2026-07-19,823113,6.0,23,10,1,1,3,95,True,137
669302,2026,2026-07-26,822870,5.2,24,4,2,0,3,93,False,140
669302,2026,2026-08-01,823109,7.0,26,6,1,2,3,96,True,142
669302,2026,2026-08-07,823103,6.2,27,6,4,2,2,95,True,139
669302,2026,2026-08-13,823508,6.0,22,7,1,0,0,95,False,147
676917,2026,2026-03-26,824704,3.2,17,5,3,0,2,75,False,112
676917,2026,2026-04-01,823483,6.0,25,3,2,0,1,84,False,143
676917,2026,2026-04-07,822754,4.2,20,3,4,0,1,94,True,138
676917,2026,2026-04-13,823400,1.1,12,2,3,0,4,48,False,134
676917,2026,2026-04-18,822751,4.0,19,5,0,0,1,92,True,137
676917,2026,2026-04-23,822745,5.0,23,10,0,0,2,85,True,144
676917,2026,2026-04-29,823633,6.0,27,10,2,1,2,97,False,121
676917,2026,2026-05-05,822743,4.0,22,2,3,0,3,76,True,142
676917,2026,2026-05-10,823868,5.2,25,4,1,0,2,95,False,146
676917,2026,2026-05-16,822737,6.1,26,8,0,2,3,94,True,110
676917,2026,2026-05-21,822733,7.0,27,9,1,0,2,84,True,121
676917,2026,2026-05-26,824434,6.0,25,7,2,0,1,87,False,114
676917,2026,2026-06-01,822730,5.0,23,6,3,0,2,89,True,146
676917,2026,2026-06-07,825074,5.0,22,2,1,2,4,88,False,109
676917,2026,2026-06-13,822725,5.0,20,5,0,1,3,81,True,136
676917,2026,2026-06-20,822967,2.2,16,1,3,0,2,68,False,139
676917,2026,2026-06-25,822717,6.0,25,7,1,1,2,97,True,143
676917,2026,2026-06-30,824742,7.0,23,13,0,0,0,100,False,111
676917,2026,2026-07-05,822715,2.1,15,3,2,1,3,63,True,134
676917,2026,2026-07-12,822708,6.0,21,5,1,0,2,85,True,147
676917,2026,2026-07-17,824981,6.0,21,9,0,1,2,95,False,133
676917,2026,2026-07-22,824327,6.0,24,8,2,0,0,90,False,115
676917,2026,2026-07-28,822703,6.0,25,3,2,1,2,98,True,141
676917,2026,2026-08-02,824891,6.0,23,3,1,2,2,90,False,144
676917,2026,2026-08-07,822699,6.0,26,8,2,3,3,100,True,113
676917,2026,2026-08-13,822696,8.0,26,10,2,0,0,103,True,112
677958,2026,2026-04-04,822920,5.0,23,3,1,0,2,80,True,113
677958,2026,2026-04-10,823968,5.0,21,5,2,2,3,83,False,119
677958,2026,2026-04-15,825021,4.2,23,6,4,0,2,97,False,133
677958,2026,2026-04-21,822914,6.0,23,5,1,0,1,88,True,134
677958,2026,2026-04-26,822911,6.0,25,3,2,0,2,84,True,133
677958,2026,2026-05-02,824284,2.0,12,2,0,1,5,43,False,116
677958,2026,2026-05-08,822904,3.2,18,3,3,1,3,87,True,112
677958,2026,2026-05-13,822900,5.0,21,3,4,0,0,97,True,109
677958,2026,2026-05-25,822899,5.0,22,5,2,1,4,85,True,117
677958,2026,2026-05-30,822893,6.0,24,2,3,0,0,85,True,118
677958,2026,2026-06-05,822892,5.0,22,5,1,1,2,94,True,114
677958,2026,2026-06-11,824101,4.2,20,3,2,0,2,83,False,118
677958,2026,2026-06-16,822888,3.1,20,4,2,2,6,70,True,142
677958,2026,2026-06-28,822795,6.0,23,5,1,0,0,92,False,141
677958,2026,2026-07-05,822879,4.1,18,4,1,1,3,85,True,116
677958,2026,2026-07-11,822875,5.2,28,6,2,3,7,91,True,117
677958,2026,2026-07-21,822871,6.0,21,6,2,0,0,75,True,145
677958,2026,2026-07-27,822868,6.2,25,7,2,1,2,88,True,136
677958,2026,2026-08-02,824163,5.1,27,5,2,1,3,88,False,117
677958,2026,2026-08-09,822862,3.0,18,5,2,2,6,69,True,110
677958,2026,2026-08-14,824968,5.0,25,3,5,0,3,94,False,133
700712,2026,2026-04-19,824047,6.0,24,8,2,0,2,92,True,135
700712,2026,2026-04-25,824121,3.2,21,3,5,1,4,81,False,118
700712,2026,2026-05-01,824041,5.0,19,4,3,0,1,68,True,121
700712,2026,2026-05-06,824036,6.0,22,5,3,0,1,90,True,145
700712,2026,2026-05-12,824442,5.0,18,4,1,1,2,91,False,114
700712,2026,2026-05-18,824035,6.0,26,4,2,0,0,92,True,133
700712,2026,2026-05-23,824030,5.0,23,6,3,0,1,93,True,140
700712,2026,2026-05-29,822978,6.0,26,5,3,1,1,92,False,139
700712,2026,2026-06-03,824024,6.0,24,7,3,1,3,99,True,115
700712,2026,2026-06-09,824023,5.0,24,7,5,0,0,107,True,117
700712,2026,2026-06-15,825071,7.0,30,3,2,1,3,88,False,109
700712,2026,2026-06-20,824988,5.0,20,6,0,0,0,90,False,133
700712,2026,2026-06-26,824014,4.1,21,5,2,0,7,71,True,133
700712,2026,2026-07-02,823119,5.2,24,6,4,0,1,107,False,136
700712,2026,2026-07-08,822880,4.0,17,3,5,0,0,90,False,140
700712,2026,2026-07-21,824005,6.0,24,5,1,0,1,98,True,138
700712,2026,2026-07-27,824001,6.0,23,5,2,1,1,91,True,117
700712,2026,2026-08-02,823996,6.0,22,7,3,0,0,90,True,158
700712,2026,2026-08-08,823834,2.1,13,2,3,0,4,50,False,146
700712,2026,2026-08-13,823995,6.0,23,5,2,0,0,100,True,140
808963,2026,2026-03-30,823972,4.0,18,4,2,0,1,78,True,114
808963,2026,2026-04-05,822756,5.0,23,5,3,2,6,90,False,120
808963,2026,2026-04-12,823966,4.0,22,6,5,1,2,94,True,140
808963,2026,2026-04-19,824371,4.2,22,2,2,1,3,78,False,115
808963,2026,2026-04-25,823960,5.0,23,5,1,3,4,99,True,112
808963,2026,2026-05-02,823067,6.0,26,4,2,1,3,104,False,138
808963,2026,2026-05-11,823953,5.0,23,5,1,1,3,91,True,137
808963,2026,2026-05-17,824034,7.0,24,8,0,0,1,91,False,108
808963,2026,2026-05-23,823787,5.0,21,4,2,0,2,87,False,158
808963,2026,2026-05-30,823945,5.1,20,7,1,1,1,84,True,143
808963,2026,2026-06-05,823943,7.0,25,10,2,0,0,98,True,108
808963,2026,2026-06-12,824588,4.1,23,4,3,1,7,91,False,145
808963,2026,2026-06-19,823936,5.2,21,6,1,2,3,90,True,110
808963,2026,2026-06-26,823285,4.0,20,2,5,1,3,81,False,135
808963,2026,2026-07-02,823935,3.0,18,3,2,3,6,88,True,135
808963,2026,2026-07-08,823928,6.0,23,5,1,2,3,78,True,115
808963,2026,2026-07-17,823524,5.2,22,5,1,0,0,94,False,147
808963,2026,2026-07-24,823601,7.0,25,9,2,1,1,94,False,121
808963,2026,2026-07-30,823921,5.1,24,7,3,0,2,90,True,136
808963,2026,2026-08-07,825051,6.0,23,5,1,1,2,86,False,109
808963,2026,2026-08-13,823915,6.0,25,2,5,0,2,101,True,158
453286,2026,2026-03-31,822836,6.0,22,4,1,1,1,83,True,115
453286,2026,2026-04-06,822832,2.0,9,2,1,1,2,36,True,119
453286,2026,2026-04-12,822828,2.1,15,3,2,2,8,68,True,142
453286,2026,2026-04-18,825098,6.0,22,1,1,0,2,74,False,109
453286,2026,2026-04-24,822827,2.1,16,0,3,3,7,82,True,114
453286,2026,2026-06-10,822804,3.1,18,4,3,2,5,82,True,143
453286,2026,2026-07-27,822705,2.2,15,4,3,0,1,75,False,120
453286,2026,2026-08-02,822783,6.0,23,5,1,0,1,84,True,138
453286,2026,2026-08-08,823426,5.1,21,4,0,2,2,84,False,143
453286,2026,2026-08-13,822776,5.0,20,4,2,0,1,92,True,111
453286,2026,2026-08-19,822937,4.0,21,1,3,1,7,73,False,139
476594,2026,2026-08-02,823592,5.0,18,4,0,1,1,70,True,146
476594,2026,2026-08-08,823348,3.0,23,4,5,0,8,80,False,134
476594,2026,2026-08-14,823591,4.1,21,5,3,0,0,84,True,120
476594,2026,2026-08-19,823587,4.1,19,6,3,0,1,83,True,135
605135,2026,2026-03-30,824863,4.1,25,3,4,0,4,100,True,140
605135,2026,2026-04-05,823405,2.0,15,0,2,1,6,62,False,134
605135,2026,2026-04-11,824857,4.2,21,2,1,0,1,89,True,137
605135,2026,2026-04-17,824454,5.0,22,2,4,0,0,100,False,114
605135,2026,2026-04-22,824123,5.1,25,3,2,2,5,88,False,118
605135,2026,2026-04-30,824848,6.2,27,7,1,0,1,94,True,117
605135,2026,2026-05-05,823873,4.0,21,3,3,0,4,76,False,146
605135,2026,2026-05-16,822737,5.0,23,4,1,1,4,82,False,120
605135,2026,2026-05-28,824834,6.0,23,2,1,1,1,80,True,141
605135,2026,2026-06-03,824755,3.0,16,1,2,1,3,56,False,111
605135,2026,2026-08-14,822942,5.1,24,3,3,0,2,88,False,139
605135,2026,2026-08-19,824801,5.2,24,6,1,1,3,95,True,147
605280,2026,2026-03-30,823080,5.2,23,5,3,1,2,90,False,138
605280,2026,2026-04-04,823239,7.0,26,4,2,0,0,90,False,137
605280,2026,2026-04-10,823643,5.1,23,3,3,0,1,81,True,133
605280,2026,2026-04-15,823963,5.0,21,4,1,1,2,88,False,119
605280,2026,2026-04-22,823641,7.0,27,3,1,1,2,88,True,142
605280,2026,2026-04-28,823636,6.0,22,6,1,0,0,94,True,120
605280,2026,2026-05-03,824043,6.2,26,6,3,0,1,99,False,108
605280,2026,2026-05-09,825089,5.2,24,6,2,0,2,103,False,109
605280,2026,2026-05-15,823629,4.1,23,8,2,0,4,95,True,147
605280,2026,2026-08-08,824079,4.0,18,1,2,1,4,70,False,118
605280,2026,2026-08-14,824643,6.2,22,3,1,0,0,80,True,138
605280,2026,2026-08-19,824640,5.1,23,1,2,0,1,86,True,145
605400,2026,2026-03-28,823488,5.0,22,7,2,2,3,91,True,140
605400,2026,2026-04-03,824377,6.1,25,9,1,0,1,95,False,115
605400,2026,2026-04-08,823234,6.0,23,3,1,1,3,84,False,137
605400,2026,2026-04-14,823478,5.0,23,5,2,0,3,87,True,112
605400,2026,2026-04-20,824692,4.1,22,5,4,1,5,88,False,112
605400,2026,2026-04-26,824934,4.2,25,6,3,2,6,101,False,144
605400,2026,2026-05-04,823874,6.0,21,5,0,0,0,94,False,146
605400,2026,2026-05-09,823468,4.2,22,4,2,1,3,94,True,115
605400,2026,2026-05-15,823384,3.2,18,2,3,2,6,80,False,134
605400,2026,2026-05-20,823462,5.0,23,5,0,0,4,77,True,113
605400,2026,2026-05-26,823294,6.0,21,5,0,1,2,80,False,135
605400,2026,2026-06-02,823460,5.0,19,8,0,1,2,95,True,135
605400,2026,2026-06-07,823453,4.1,23,4,4,0,5,98,True,145
605400,2026,2026-06-13,823776,4.2,22,3,2,2,3,85,False,158
605400,2026,2026-06-18,823448,5.0,24,6,1,2,2,97,True,121
605400,2026,2026-06-24,822719,5.0,21,5,2,2,2,86,False,120
605400,2026,2026-06-29,823444,4.1,23,5,2,2,7,86,True,134
605400,2026,2026-07-05,824091,7.0,28,7,0,0,3,98,False,118
605400,2026,2026-07-10,824252,5.0,20,8,2,1,2,84,False,116
605400,2026,2026-07-16,823440,6.0,27,6,4,3,3,97,True,121
605400,2026,2026-07-22,823438,5.1,23,4,1,2,5,85,True,119
605400,2026,2026-07-28,823838,5.2,23,4,3,1,1,93,False,146
605400,2026,2026-08-03,823431,6.0,24,5,2,2,3,97,True,120
605400,2026,2026-08-08,823426,5.0,22,8,2,1,2,97,True,141
605400,2026,2026-08-13,823669,5.0,23,9,3,1,1,97,False,142
605400,2026,2026-08-19,823424,7.0,26,8,0,1,1,100,True,146
645261,2026,2026-03-27,823893,7.0,25,5,2,0,0,73,True,115
645261,2026,2026-04-01,823889,9.0,31,7,0,0,0,93,True,145
645261,2026,2026-04-07,823887,8.1,30,6,2,0,2,95,True,113
645261,2026,2026-04-12,824293,6.0,30,4,2,3,7,100,False,116
645261,2026,2026-04-18,823882,5.0,24,1,6,1,2,97,True,158
645261,2026,2026-04-24,823232,6.0,26,4,1,0,3,108,False,137
645261,2026,2026-04-29,823958,6.0,27,4,2,0,2,104,False,119
645261,2026,2026-05-05,823873,4.1,25,5,3,0,7,106,True,110
645261,2026,2026-05-10,823868,6.0,24,3,2,0,2,89,True,120
645261,2026,2026-05-16,822981,6.0,25,6,0,0,0,101,False,139
645261,2026,2026-05-21,823864,6.0,25,3,0,2,6,94,True,144
645261,2026,2026-05-26,822811,5.2,31,4,1,3,8,95,False,141
645261,2026,2026-06-01,822730,7.0,26,5,0,1,3,95,False,120
645261,2026,2026-06-07,823857,7.0,25,7,1,0,1,90,True,139
645261,2026,2026-06-12,823370,8.0,30,7,1,2,3,102,False,134
645261,2026,2026-06-17,823450,6.0,28,6,1,0,2,102,False,143
645261,2026,2026-06-23,823849,6.2,27,4,3,0,1,109,True,140
645261,2026,2026-06-29,824339,5.2,27,3,5,0,5,96,False,115
645261,2026,2026-07-04,824983,8.0,31,8,1,0,1,100,False,133
645261,2026,2026-07-10,823845,7.0,26,8,0,1,3,99,True,114
645261,2026,2026-07-17,823766,6.0,25,7,4,1,1,104,False,158
645261,2026,2026-07-22,824166,7.0,30,3,1,3,5,108,False,117
645261,2026,2026-07-28,823838,7.0,27,5,1,0,0,97,True,143
645261,2026,2026-08-02,823592,6.0,24,5,2,0,0,102,False,121
645261,2026,2026-08-08,823834,7.0,25,8,1,0,0,108,True,108
645261,2026,2026-08-14,824479,7.0,28,2,4,0,1,103,False,113
645261,2026,2026-08-19,823424,6.0,26,1,1,1,3,97,False,143
656876,2026,2026-03-26,823081,5.0,20,2,0,1,1,73,False,138
656876,2026,2026-04-01,823806,5.0,20,8,1,1,1,89,False,158
656876,2026,2026-04-12,822998,6.0,19,7,0,0,0,76,True,147
656876,2026,2026-04-18,823394,3.2,15,3,2,2,4,64,False,134
656876,2026,2026-04-24,822992,6.0,24,6,1,1,1,98,True,142
656876,2026,2026-04-29,824445,5.0,24,6,1,0,2,91,False,114
656876,2026,2026-05-05,822986,6.0,25,5,1,1,3,85,True,141
656876,2026,2026-05-11,822818,6.0,23,6,1,1,3,100,False,141
656876,2026,2026-05-17,822982,5.1,24,2,2,0,2,93,True,146
656876,2026,2026-05-24,823544,7.0,24,6,1,0,0,92,False,147
656876,2026,2026-05-30,822975,4.0,18,4,2,1,5,70,True,108
656876,2026,2026-06-05,823860,7.0,22,9,0,0,0,87,False,146
656876,2026,2026-06-10,822970,7.0,24,13,1,0,0,97,True,111
656876,2026,2026-06-16,823939,7.0,26,7,0,1,1,102,False,119
656876,2026,2026-06-22,822964,6.0,24,5,2,0,2,90,True,118
656876,2026,2026-06-28,822959,6.0,24,5,1,0,0,99,True,109
656876,2026,2026-07-04,824171,5.0,22,2,1,2,5,77,False,117
656876,2026,2026-07-09,822954,2.1,14,2,0,1,6,61,True,147
656876,2026,2026-07-21,822787,5.0,23,5,1,0,2,93,False,141
656876,2026,2026-07-26,822950,7.0,24,9,1,0,0,87,True,114
656876,2026,2026-08-01,822944,6.0,22,10,1,0,0,96,True,145
656876,2026,2026-08-07,823103,7.0,24,8,2,0,0,91,False,136
656876,2026,2026-08-12,824967,5.0,21,3,1,0,2,84,False,133
656876,2026,2026-08-19,822937,5.0,23,5,2,1,5,86,True,141
669461,2026,2026-03-26,823081,5.0,24,2,2,1,1,78,True,139
669461,2026,2026-04-01,823078,6.0,22,2,1,1,1,76,True,121
669461,2026,2026-04-07,822754,5.0,25,6,2,2,4,92,False,120
669461,2026,2026-04-13,823073,5.0,23,2,3,1,4,105,True,114
669461,2026,2026-04-19,824205,6.0,23,4,2,0,1,82,False,117
669461,2026,2026-04-25,823070,3.1,18,3,1,3,5,64,True,136
669461,2026,2026-05-01,823066,5.2,23,4,2,0,2,96,True,119
669461,2026,2026-05-07,823306,6.0,21,6,3,0,1,81,False,135
669461,2026,2026-05-13,825010,5.0,24,5,2,1,4,89,False,133
669461,2026,2026-05-19,823059,4.2,23,9,2,0,4,77,True,134
669461,2026,2026-05-25,823784,5.0,22,10,2,1,3,101,False,158
669461,2026,2026-05-31,823053,5.1,20,4,1,0,0,85,True,112
669461,2026,2026-06-06,823048,4.1,21,4,3,1,3,84,True,113
669461,2026,2026-06-13,823694,4.1,18,4,1,3,4,70,False,142
669461,2026,2026-06-18,824098,1.2,13,2,0,1,5,48,False,118
669461,2026,2026-06-24,823041,5.1,26,3,2,2,6,98,True,109
669461,2026,2026-06-30,824907,5.0,21,9,4,0,1,98,False,144
669461,2026,2026-07-05,824656,5.0,23,3,2,0,3,78,False,112
669461,2026,2026-07-11,823030,6.0,22,6,1,0,0,71,True,144
669461,2026,2026-07-21,824005,5.1,25,7,2,1,5,95,False,108
669461,2026,2026-07-27,823025,3.2,19,5,2,1,3,67,True,112
669461,2026,2026-08-02,822783,6.0,20,7,1,0,0,85,False,141
669461,2026,2026-08-08,823021,5.0,24,3,2,1,5,94,True,115
669461,2026,2026-08-14,824643,5.1,19,6,1,0,2,95,False,112
669461,2026,2026-08-19,824476,6.0,22,9,0,1,3,100,False,113
671737,2026,2026-03-28,824862,4.1,19,9,3,0,1,92,False,110
671737,2026,2026-04-02,824133,6.0,24,3,1,0,0,100,False,118
671737,2026,2026-04-07,823727,6.1,27,10,0,0,1,104,True,116
671737,2026,2026-04-12,822828,5.0,23,7,4,0,1,106,False,141
671737,2026,2026-04-18,823721,6.0,25,5,2,0,2,99,True,113
671737,2026,2026-04-24,822992,6.1,29,3,3,4,6,93,False,139
671737,2026,2026-04-29,823717,7.0,27,7,2,1,2,114,True,136
671737,2026,2026-05-05,822743,6.0,25,8,2,0,2,96,False,120
671737,2026,2026-05-23,824760,5.0,18,7,2,0,1,73,False,111
671737,2026,2026-05-29,823377,4.0,19,6,2,1,4,87,False,134
671737,2026,2026-06-03,823701,4.2,25,5,5,0,4,104,True,145
671737,2026,2026-06-09,824267,4.1,23,3,3,3,5,89,False,116
671737,2026,2026-06-14,823693,6.2,27,7,1,2,4,101,True,138
671737,2026,2026-06-20,825068,5.0,20,4,2,1,2,91,False,109
671737,2026,2026-06-26,823688,7.0,27,7,3,0,2,99,True,115
671737,2026,2026-07-01,824174,5.0,21,11,3,0,1,97,False,117
671737,2026,2026-07-07,823687,7.0,24,10,0,1,1,101,True,114
671737,2026,2026-07-12,823681,7.0,28,6,2,2,2,99,True,108
671737,2026,2026-07-18,824657,5.0,25,6,3,1,5,94,False,112
671737,2026,2026-07-23,824406,7.0,25,5,3,1,1,109,False,114
671737,2026,2026-07-28,823676,6.0,23,10,3,0,2,102,True,118
671737,2026,2026-08-02,823107,6.0,29,2,4,0,3,94,False,136
671737,2026,2026-08-08,823752,5.0,23,7,2,0,3,97,False,158
671737,2026,2026-08-13,823669,4.0,23,3,4,2,5,89,True,143
671737,2026,2026-08-19,823664,5.0,20,7,3,0,1,88,True,144
694297,2026,2026-03-31,825107,6.0,24,3,1,0,5,85,True,116
694297,2026,2026-04-05,825102,4.2,21,2,2,1,3,79,True,144
694297,2026,2026-04-11,823480,6.0,28,6,3,2,3,101,False,143
694297,2026,2026-06-30,825066,5.1,19,2,1,1,1,66,True,137
694297,2026,2026-07-06,823282,5.0,19,6,0,0,0,72,False,135
694297,2026,2026-07-11,823926,5.1,22,2,0,0,2,77,False,119
694297,2026,2026-07-18,825059,5.1,23,3,0,0,2,87,True,138
694297,2026,2026-07-23,823042,6.0,26,1,2,0,2,87,False,138
694297,2026,2026-07-28,823350,7.0,28,4,1,0,0,101,False,134
694297,2026,2026-08-03,825095,6.2,25,3,1,0,0,90,True,135
694297,2026,2026-08-08,825049,7.0,23,2,2,0,0,93,True,119
694297,2026,2026-08-14,824882,7.0,23,7,0,0,0,87,False,144
694297,2026,2026-08-19,824722,5.2,24,8,0,3,5,94,False,111
695505,2026,2026-03-30,824539,5.0,19,7,3,0,0,78,True,134
695505,2026,2026-04-05,822917,6.0,24,9,1,1,1,87,False,140
695505,2026,2026-04-10,824534,5.1,27,2,4,2,5,92,True,108
695505,2026,2026-04-16,824530,6.0,18,4,1,0,0,87,True,137
695505,2026,2026-04-21,822995,5.2,23,8,2,1,2,97,False,139
695505,2026,2026-04-28,824526,6.0,26,9,1,1,2,97,True,115
695505,2026,2026-05-03,823387,7.0,24,7,1,0,0,94,False,134
695505,2026,2026-05-09,824523,6.0,23,2,3,1,1,87,True,117
695505,2026,2026-05-14,824517,6.0,23,7,2,0,0,95,True,120
695505,2026,2026-05-19,823464,6.0,20,9,0,1,1,86,False,143
695505,2026,2026-05-26,823624,5.1,22,8,2,1,2,90,False,121
695505,2026,2026-06-03,824509,6.0,24,9,1,1,2,98,True,118
695505,2026,2026-06-09,823290,5.1,24,7,2,0,2,105,False,135
695505,2026,2026-06-15,824505,5.0,22,7,3,0,0,100,True,121
695505,2026,2026-06-21,823531,5.0,21,7,3,1,1,96,False,147
695505,2026,2026-06-27,823364,6.0,27,10,0,1,5,93,False,134
695505,2026,2026-07-02,823765,6.0,23,4,2,1,2,89,False,158
695505,2026,2026-07-08,824496,5.0,23,2,6,0,3,106,True,143
695505,2026,2026-07-21,823114,5.0,20,6,2,0,0,91,False,136
695505,2026,2026-07-28,824490,5.0,22,4,2,1,1,89,True,114
695505,2026,2026-08-02,824483,6.0,22,9,2,0,1,88,True,134
695505,2026,2026-08-08,822701,5.1,25,6,3,0,5,96,False,120
695505,2026,2026-08-14,824479,7.0,24,8,0,0,0,93,True,146
695505,2026,2026-08-19,824476,5.0,22,8,2,0,2,104,True,138
695549,2026,2026-08-08,823188,5.0,16,4,1,0,0,71,False,137
695549,2026,2026-08-14,824237,3.2,23,4,1,2,6,74,True,145
695549,2026,2026-08-19,823342,5.1,22,3,3,0,1,86,False,134
800048,2026,2026-03-30,823972,6.0,20,5,0,0,0,76,False,119
800048,2026,2026-04-05,824460,5.0,20,6,3,1,1,91,True,112
800048,2026,2026-04-11,824939,6.2,26,5,2,0,0,84,False,144
800048,2026,2026-04-16,824453,8.0,27,9,2,0,2,112,True,110
800048,2026,2026-04-21,824448,5.0,20,4,1,0,3,85,True,117
800048,2026,2026-04-27,824446,5.2,22,9,2,0,1,95,True,139
800048,2026,2026-05-03,825013,5.0,21,6,0,3,4,78,False,133
800048,2026,2026-05-08,824443,5.2,24,7,1,0,1,95,True,142
800048,2026,2026-05-13,824438,6.2,25,7,3,1,2,104,True,108
800048,2026,2026-05-19,824276,5.0,21,6,3,1,2,81,False,116
800048,2026,2026-05-24,823459,5.2,24,6,2,0,0,91,False,143
800048,2026,2026-05-30,824431,5.0,22,4,2,0,1,93,True,111
800048,2026,2026-06-05,822892,5.2,23,4,1,2,3,85,False,140
800048,2026,2026-06-10,824428,5.2,25,4,3,0,4,100,True,147
800048,2026,2026-06-18,823772,6.0,25,9,3,0,2,96,False,158
800048,2026,2026-06-23,824584,7.2,27,10,1,1,2,95,False,145
800048,2026,2026-06-29,824420,6.2,28,5,0,0,4,83,True,140
800048,2026,2026-07-04,824415,5.0,23,3,3,0,1,100,True,145
800048,2026,2026-07-10,823845,6.0,22,1,4,1,1,91,False,146
800048,2026,2026-07-21,824409,5.2,22,6,0,1,1,88,True,142
800048,2026,2026-07-26,822950,7.2,29,6,0,0,1,94,False,139
800048,2026,2026-08-01,824405,4.1,20,6,1,0,1,91,True,109
800048,2026,2026-08-07,824566,7.0,26,8,1,2,2,97,False,145
800048,2026,2026-08-13,824238,5.2,23,6,2,1,2,102,False,116
800048,2026,2026-08-19,824394,6.2,26,10,0,0,1,98,True,137
801139,2026,2026-04-23,824770,6.0,22,11,1,1,1,93,True,147
801139,2026,2026-04-28,822823,4.2,20,4,4,0,3,68,False,141
801139,2026,2026-05-04,824283,7.0,25,8,1,0,0,83,False,116
801139,2026,2026-05-10,824765,5.0,20,4,0,1,1,81,True,139
801139,2026,2026-05-16,824924,8.0,28,3,1,1,2,85,False,144
801139,2026,2026-05-22,824761,6.0,25,9,2,0,3,85,True,142
801139,2026,2026-05-28,824757,4.2,21,7,2,0,2,94,True,144
801139,2026,2026-06-03,824755,6.0,26,5,2,0,0,99,True,110
801139,2026,2026-06-09,822969,6.0,28,3,1,0,4,94,False,139
801139,2026,2026-06-16,824750,5.0,21,6,2,2,3,90,True,141
801139,2026,2026-06-21,823123,6.0,25,2,2,1,3,79,False,136
801139,2026,2026-06-26,824743,7.0,24,7,2,0,0,88,True,147
801139,2026,2026-07-01,824740,3.0,20,5,3,2,6,76,True,120
801139,2026,2026-07-07,824579,6.0,21,6,1,0,0,91,False,145
801139,2026,2026-07-12,823602,3.2,15,7,1,0,1,66,False,121
801139,2026,2026-07-20,824736,5.2,26,9,1,1,4,88,True,110
801139,2026,2026-07-27,824977,5.1,22,7,1,2,2,90,False,133
801139,2026,2026-08-01,823920,6.0,26,7,2,1,2,88,False,119
801139,2026,2026-08-07,824727,6.0,20,14,0,1,1,84,True,133
801139,2026,2026-08-13,822776,8.0,26,4,2,0,0,91,False,141
801139,2026,2026-08-19,824722,5.0,22,6,2,0,3,98,True,109
594798,2026,2026-03-31,824861,4.2,20,7,0,1,3,79,False,110
594798,2026,2026-04-06,822918,5.0,17,6,1,1,1,78,True,136
594798,2026,2026-04-12,823966,6.0,24,9,3,1,1,93,False,119
594798,2026,2026-04-17,823152,4.0,17,3,2,0,0,88,False,136
594798,2026,2026-04-23,822912,5.2,23,10,1,1,1,89,True,134
594798,2026,2026-04-28,822908,6.0,22,5,0,0,1,93,True,147
594798,2026,2026-05-05,823553,6.1,27,7,1,2,6,94,False,147
594798,2026,2026-05-10,822902,7.0,24,10,0,0,0,94,True,112
594798,2026,2026-05-16,824193,6.0,23,4,0,4,4,94,False,117
594798,2026,2026-05-22,824029,3.0,18,3,3,2,6,65,False,108
594798,2026,2026-05-27,822897,6.0,23,6,1,1,2,97,True,117
594798,2026,2026-06-01,823050,5.0,21,8,1,0,0,91,False,138
594798,2026,2026-06-07,822890,6.0,23,6,2,0,0,87,True,114
594798,2026,2026-06-13,824749,6.0,23,5,0,0,2,90,False,111
594798,2026,2026-06-19,822886,6.0,27,9,3,2,6,106,True,135
594798,2026,2026-06-24,823850,6.0,23,8,2,0,2,91,False,146
594798,2026,2026-06-30,824418,7.0,25,9,0,1,2,96,False,114
594798,2026,2026-07-07,822881,5.0,21,7,2,0,2,80,True,108
594798,2026,2026-07-20,822874,4.2,23,6,2,0,5,97,True,145
594798,2026,2026-07-26,822870,5.0,22,4,0,0,1,90,True,136
594798,2026,2026-08-01,824162,3.1,22,3,5,0,5,91,False,117
594798,2026,2026-08-08,822864,5.0,18,9,1,1,1,88,True,110
594798,2026,2026-08-13,823995,2.0,12,3,1,0,2,53,False,108
663567,2026,2026-04-17,824207,5.0,24,8,1,0,4,90,True,138
663567,2026,2026-04-22,824449,6.0,24,8,3,0,0,96,False,114
663567,2026,2026-04-30,824848,4.1,18,3,3,0,2,91,False,110
663567,2026,2026-05-05,824200,7.0,27,4,4,0,0,104,True,119
663567,2026,2026-05-11,824199,7.0,27,6,1,1,3,96,True,136
663567,2026,2026-05-17,824192,6.0,24,6,2,1,5,93,True,140
663567,2026,2026-05-24,824676,5.0,24,5,4,0,3,103,False,112
663567,2026,2026-05-30,824190,5.0,22,3,3,0,2,90,True,158
663567,2026,2026-06-05,824186,5.1,24,4,4,1,1,94,True,133
663567,2026,2026-06-10,824022,6.1,24,6,0,2,2,91,False,108
663567,2026,2026-06-17,824178,7.0,24,5,0,1,1,89,True,116
663567,2026,2026-06-23,822799,4.2,23,6,3,1,2,92,False,141
663567,2026,2026-06-29,824176,5.2,25,4,3,3,4,100,True,142
663567,2026,2026-07-05,824172,5.2,21,6,1,0,0,90,True,139
663567,2026,2026-07-11,822875,6.0,23,7,1,1,1,107,False,140
663567,2026,2026-07-17,824170,6.0,25,10,3,0,1,104,True,110
663567,2026,2026-07-22,824166,6.0,26,3,2,0,2,89,True,146
663567,2026,2026-07-28,824003,5.0,24,6,1,0,2,90,False,108
663567,2026,2026-08-02,824163,5.2,20,8,2,0,2,83,True,140
663567,2026,2026-08-08,823267,5.0,23,3,3,1,2,97,False,135
663567,2026,2026-08-14,824159,5.0,22,6,2,0,2,96,True,136
669456,2026,2026-06-23,822799,3.2,19,2,0,3,4,75,True,117
669456,2026,2026-06-28,822795,5.1,24,4,4,1,2,92,True,140
669456,2026,2026-07-04,823118,4.0,21,3,3,2,7,89,False,136
669456,2026,2026-07-10,823278,4.2,22,4,3,1,2,97,False,135
669456,2026,2026-07-18,822790,6.0,22,6,2,0,0,80,True,145
669456,2026,2026-07-23,822785,7.0,24,3,0,0,1,86,True,139
669456,2026,2026-07-28,822703,0.2,9,0,6,0,4,42,False,120
669456,2026,2026-08-03,824160,5.2,28,6,2,0,1,87,False,117
669456,2026,2026-08-09,823425,5.2,26,4,3,2,5,97,False,143
669456,2026,2026-08-14,822777,6.0,22,5,1,1,1,84,True,147
674841,2026,2026-06-03,822727,4.2,18,5,1,1,1,82,True,146
674841,2026,2026-06-09,823214,4.0,21,4,5,0,2,90,False,137
674841,2026,2026-06-15,822724,4.0,18,5,1,0,1,58,True,118
674841,2026,2026-06-21,822968,4.0,16,6,0,0,1,68,False,139
674841,2026,2026-06-26,824824,4.1,20,5,3,0,2,88,False,110
674841,2026,2026-07-07,822713,5.2,27,3,5,0,5,97,True,117
674841,2026,2026-07-20,824328,4.1,21,2,3,0,3,74,False,115
674841,2026,2026-08-03,823431,6.1,24,5,3,0,2,81,False,143
674841,2026,2026-08-08,822701,5.1,20,2,1,0,1,73,True,113
674841,2026,2026-08-14,823591,5.2,21,4,1,1,2,73,False,121
641743,2026,2026-03-29,823810,4.2,21,5,4,1,2,92,False,158
641743,2026,2026-04-09,824130,5.2,24,6,2,0,0,100,False,118
641743,2026,2026-04-22,825097,3.2,22,1,3,2,8,92,False,109
641743,2026,2026-04-27,824609,4.0,22,2,2,0,4,90,True,108
641743,2026,2026-05-03,823307,5.0,21,5,1,2,2,86,False,135
641743,2026,2026-05-09,824606,5.0,20,5,2,0,0,88,True,136
641743,2026,2026-05-14,824602,6.0,27,4,2,0,2,97,True,118
641743,2026,2026-05-19,823136,5.1,22,5,3,0,1,89,False,136
641743,2026,2026-05-25,824598,6.0,24,5,1,1,1,94,True,142
641743,2026,2026-05-30,824593,5.0,22,3,1,1,1,84,True,116
641743,2026,2026-06-05,823455,4.0,21,4,2,2,6,87,False,143
641743,2026,2026-06-12,824588,5.0,22,7,1,0,2,89,True,119
641743,2026,2026-06-17,823536,4.0,21,2,1,1,4,86,False,147
641743,2026,2026-06-22,824585,6.0,24,8,2,0,0,101,True,114
641743,2026,2026-06-28,824580,3.2,21,2,1,0,3,73,True,118
641743,2026,2026-07-03,824417,4.0,14,2,2,0,1,48,False,114
641743,2026,2026-07-09,824577,5.1,22,4,2,1,2,92,True,111
641743,2026,2026-07-17,822789,4.0,19,5,3,1,2,83,False,141
641743,2026,2026-07-22,822873,5.0,22,4,2,1,2,79,False,140
641743,2026,2026-07-28,824569,5.1,23,7,1,0,3,97,True,147
641743,2026,2026-08-02,822943,6.1,27,3,1,0,0,89,False,139
641743,2026,2026-08-08,824565,6.0,25,4,1,1,2,83,True,114
641743,2026,2026-08-15,824239,5.1,22,4,1,1,3,86,False,116
641743,2026,2026-08-20,824589,6.0,24,6,1,0,2,94,True,144
656550,2026,2026-03-29,824944,5.0,22,4,2,1,3,76,True,118
656550,2026,2026-04-03,825103,6.0,21,4,3,0,0,85,False,109
656550,2026,2026-04-08,824050,6.2,28,6,3,1,2,99,False,108
656550,2026,2026-04-13,824937,4.0,17,3,2,0,3,59,True,146
656550,2026,2026-04-19,823475,4.2,19,4,1,1,2,81,False,143
656550,2026,2026-04-24,824932,6.0,28,4,3,2,3,89,True,143
656550,2026,2026-05-01,824366,5.0,25,4,3,1,5,87,False,115
656550,2026,2026-05-12,824927,4.0,17,5,4,1,2,78,True,112
656550,2026,2026-05-17,824923,6.0,24,4,1,0,0,87,True,111
656550,2026,2026-05-23,824920,5.0,22,10,2,2,2,87,True,120
656550,2026,2026-05-29,824515,4.2,21,5,1,2,3,80,False,113
656550,2026,2026-06-03,824917,6.0,25,4,2,1,2,89,True,141
656550,2026,2026-06-09,824591,3.2,18,2,2,1,3,67,False,145
656550,2026,2026-06-16,824912,2.0,13,2,3,0,3,55,True,137
656550,2026,2026-06-22,823288,4.2,21,4,5,1,1,91,False,135
656550,2026,2026-07-03,824904,5.0,22,2,1,1,1,82,True,121
656550,2026,2026-07-08,823360,5.0,20,5,1,0,0,90,False,134
656550,2026,2026-07-19,824897,5.0,24,2,2,0,3,74,True,140
656550,2026,2026-07-24,824812,5.0,22,5,2,0,3,91,False,110
656550,2026,2026-07-30,824894,4.2,21,4,2,3,3,69,True,120
656550,2026,2026-08-04,824888,6.0,23,5,1,0,0,72,True,146
656550,2026,2026-08-09,823513,6.0,21,2,2,0,0,77,False,147
656550,2026,2026-08-15,824884,3.2,20,3,3,1,6,65,True,109
656550,2026,2026-08-20,824589,6.0,22,3,3,0,0,94,False,145
663903,2026,2026-03-28,824540,4.0,20,5,2,1,3,74,True,111
663903,2026,2026-04-03,822919,5.0,22,5,1,0,2,87,False,140
663903,2026,2026-04-08,823885,2.2,17,3,0,1,5,73,False,146
663903,2026,2026-04-14,824531,6.0,25,1,0,1,1,75,True,137
663903,2026,2026-04-19,823718,6.0,26,2,4,0,3,104,False,142
663903,2026,2026-04-25,824527,5.1,24,3,0,2,2,94,True,116
663903,2026,2026-05-01,823389,3.1,19,1,2,2,4,56,False,134
663903,2026,2026-05-06,824683,6.0,25,6,1,1,4,96,False,112
663903,2026,2026-05-12,824521,3.2,18,2,1,3,3,75,True,120
663903,2026,2026-05-17,824436,4.0,20,6,1,3,5,86,False,114
663903,2026,2026-05-30,824513,5.0,22,2,4,2,3,94,True,144
663903,2026,2026-06-05,823049,4.0,20,6,3,1,1,89,False,138
663903,2026,2026-06-10,823287,6.0,24,5,1,0,2,95,False,135
663903,2026,2026-06-16,824504,5.0,22,5,3,0,1,91,True,121
663903,2026,2026-06-22,824502,7.0,25,7,2,0,0,106,True,158
663903,2026,2026-06-28,823362,4.1,24,6,0,2,5,98,False,134
663903,2026,2026-07-03,824498,5.0,21,6,5,1,2,93,True,110
663903,2026,2026-07-09,824494,7.1,28,5,1,0,1,89,True,143
663903,2026,2026-07-17,824332,7.0,26,6,0,1,2,96,False,115
663903,2026,2026-07-22,823110,6.2,26,6,1,0,3,101,False,136
663903,2026,2026-07-29,824487,4.1,25,3,4,0,4,100,True,114
663903,2026,2026-08-04,824484,6.0,24,6,3,0,3,101,True,133
663903,2026,2026-08-09,822700,6.0,27,3,1,1,3,103,False,120
663903,2026,2026-08-15,824480,6.0,27,4,2,2,3,93,True,146
663903,2026,2026-08-20,824474,6.0,26,3,1,1,4,103,True,138
669923,2026,2026-03-27,823162,6.0,22,6,2,1,1,90,True,114
669923,2026,2026-04-01,823157,6.0,24,6,3,1,4,89,True,147
669923,2026,2026-04-07,822916,8.0,28,4,0,1,3,90,False,140
669923,2026,2026-04-13,823153,7.2,29,6,1,0,2,99,True,117
669923,2026,2026-04-18,823151,5.2,26,5,2,1,1,96,True,140
669923,2026,2026-04-24,823069,6.0,24,2,1,0,2,81,False,138
669923,2026,2026-04-29,823717,5.2,25,5,2,0,2,97,False,142
669923,2026,2026-05-05,823142,7.0,26,5,1,0,2,88,True,144
669923,2026,2026-05-11,824199,5.0,23,7,2,0,1,99,False,117
669923,2026,2026-05-17,823138,5.2,24,6,2,2,6,98,True,135
669923,2026,2026-05-23,824109,6.0,27,3,0,0,3,92,False,118
669923,2026,2026-05-29,823135,5.1,22,4,1,1,4,87,True,109
669923,2026,2026-06-03,823130,4.0,23,5,1,0,4,89,True,121
669923,2026,2026-06-10,824831,6.0,27,10,3,1,3,104,False,110
669923,2026,2026-06-17,823127,6.0,25,5,0,1,3,92,True,110
669923,2026,2026-06-23,823365,6.0,27,5,2,0,1,91,False,134
669923,2026,2026-06-29,823121,8.0,30,7,1,1,2,100,True,108
669923,2026,2026-07-08,823848,6.0,24,7,0,1,2,86,False,146
669923,2026,2026-07-20,823112,6.0,21,6,1,0,0,80,True,113
669923,2026,2026-07-27,822868,4.0,20,3,0,4,7,66,False,140
669923,2026,2026-08-02,823107,7.0,26,3,1,0,0,94,True,142
669923,2026,2026-08-08,823102,5.0,20,2,2,1,1,99,True,139
669923,2026,2026-08-14,824159,4.2,24,2,3,1,5,99,False,117
669923,2026,2026-08-20,823747,3.1,20,3,2,0,6,84,False,158
693855,2026,2026-05-15,822983,2.0,8,2,0,1,1,25,True,146
693855,2026,2026-06-08,822972,4.0,14,5,1,1,1,55,True,111
693855,2026,2026-06-20,822967,5.0,22,4,0,1,3,81,True,120
693855,2026,2026-07-02,824093,6.0,23,8,1,1,1,83,False,118
693855,2026,2026-07-07,822956,5.1,21,12,0,1,3,94,True,147
693855,2026,2026-07-12,822951,3.1,19,3,3,1,5,78,True,136
693855,2026,2026-07-18,824738,3.0,13,4,2,2,3,61,False,111
693855,2026,2026-08-03,824324,6.0,25,9,0,1,2,90,False,115
693855,2026,2026-08-09,823104,6.0,25,7,2,0,1,98,False,136
693855,2026,2026-08-15,822941,6.0,26,9,1,2,3,93,True,110
693855,2026,2026-08-20,822934,5.0,22,8,1,3,3,90,True,141
694738,2026,2026-03-30,823320,6.0,21,7,2,0,0,88,False,135
694738,2026,2026-04-04,823239,4.2,23,7,1,0,5,95,True,121
694738,2026,2026-04-10,824858,6.0,25,4,2,0,1,93,False,110
694738,2026,2026-04-16,824530,6.0,21,6,2,0,0,87,False,113
694738,2026,2026-04-21,823236,5.0,20,7,5,0,1,106,True,119
694738,2026,2026-04-26,823230,7.2,27,6,2,1,3,103,True,146
694738,2026,2026-05-02,822988,4.1,22,6,2,0,4,88,False,139
694738,2026,2026-05-09,823224,4.0,18,8,3,0,1,94,True,134
694738,2026,2026-05-14,823950,5.1,24,7,2,1,4,105,False,119
694738,2026,2026-05-19,825086,6.0,23,3,0,0,1,91,False,109
694738,2026,2026-05-25,823219,5.0,24,7,1,1,2,93,True,109
694738,2026,2026-06-01,823781,4.0,23,4,5,0,8,96,False,158
694738,2026,2026-06-06,824669,5.2,22,5,3,1,1,98,False,112
694738,2026,2026-06-12,823211,4.2,20,5,2,0,4,105,True,112
694738,2026,2026-06-19,823853,6.0,25,7,1,1,2,98,False,146
694738,2026,2026-06-25,823209,6.0,24,6,1,0,2,108,True,133
694738,2026,2026-06-30,825066,2.2,19,4,6,1,6,84,False,109
694738,2026,2026-07-06,823205,8.0,30,5,2,1,1,104,True,141
694738,2026,2026-07-17,823115,7.0,24,2,3,0,0,97,False,136
694738,2026,2026-07-22,824083,6.0,22,7,0,1,2,91,False,118
694738,2026,2026-07-28,823193,3.2,18,1,3,0,4,84,True,158
694738,2026,2026-08-02,823270,4.2,24,6,4,1,5,99,False,135
694738,2026,2026-08-08,823188,5.1,23,3,5,0,1,85,True,116
694738,2026,2026-08-14,823185,5.2,26,5,3,1,4,91,True,115
694738,2026,2026-08-20,824395,5.1,26,2,4,0,3,90,False,114
695611,2026,2026-05-26,825004,5.0,25,5,1,0,4,88,True,136
695611,2026,2026-06-02,824675,7.0,24,5,1,0,1,85,False,112
695611,2026,2026-06-07,824183,6.1,24,3,3,0,0,96,False,117
695611,2026,2026-06-12,824997,5.0,21,6,1,0,3,75,True,115
695611,2026,2026-06-18,824989,7.0,24,7,3,0,0,107,True,108
695611,2026,2026-06-24,823208,5.0,18,9,1,0,0,97,False,137
695611,2026,2026-06-29,824986,4.2,24,5,0,2,5,91,True,119
695611,2026,2026-07-05,824980,3.0,21,1,3,2,5,85,True,146
695611,2026,2026-07-11,824576,5.2,23,7,2,0,1,86,False,145
695611,2026,2026-07-17,824981,3.2,17,8,2,0,3,87,True,120
695611,2026,2026-07-22,825055,4.2,24,5,4,3,6,83,False,109
695611,2026,2026-07-28,824976,6.0,22,7,4,0,0,90,True,111
695611,2026,2026-08-02,824971,3.2,21,5,6,0,6,88,True,116
695611,2026,2026-08-08,824726,6.0,27,11,2,0,2,100,False,111
695611,2026,2026-08-14,824968,5.1,23,1,4,1,3,101,True,140
695611,2026,2026-08-20,824074,4.0,23,3,3,1,5,86,False,118
687570,2026,2026-04-22,823641,4.0,17,6,0,0,2,82,False,121
687570,2026,2026-04-27,823719,5.0,19,5,3,0,2,84,True,136
687570,2026,2026-05-02,823715,5.0,20,4,2,2,2,91,True,141
687570,2026,2026-05-08,824443,5.0,23,6,2,1,1,93,False,114
687570,2026,2026-05-16,823706,6.0,23,8,2,1,1,86,True,158
687570,2026,2026-05-22,824761,4.0,21,1,3,0,5,85,False,111
687570,2026,2026-05-27,824596,4.1,23,5,3,0,6,93,False,145
687570,2026,2026-06-02,823700,6.0,27,7,2,0,4,94,True,145
687570,2026,2026-06-07,823696,4.1,18,7,1,0,2,77,True,118
687570,2026,2026-06-13,823694,6.0,26,2,2,1,4,98,True,138
687570,2026,2026-06-19,825069,6.0,30,4,3,1,3,97,False,109
687570,2026,2026-06-28,823686,6.0,26,10,0,0,2,93,True,115
687570,2026,2026-07-08,823684,5.0,21,6,2,2,3,83,True,114
687570,2026,2026-07-26,823678,5.2,18,5,1,0,1,72,True,133
687570,2026,2026-08-01,823109,5.1,24,5,4,1,3,88,False,136
687570,2026,2026-08-09,823751,5.0,20,7,2,2,3,96,False,158
687570,2026,2026-08-15,823671,5.0,26,6,4,1,8,94,True,143
543243,2026,2026-03-28,824540,4.0,20,5,1,1,3,80,False,113
543243,2026,2026-04-03,824786,6.0,22,3,0,0,2,87,True,135
543243,2026,2026-04-08,824779,6.1,24,2,2,0,0,90,True,158
543243,2026,2026-04-14,823723,4.0,22,1,1,2,5,93,False,142
543243,2026,2026-04-20,824776,2.2,11,2,1,0,1,40,True,116
543243,2026,2026-05-06,824282,5.0,20,2,2,0,0,70,False,116
543243,2026,2026-05-13,824763,6.0,20,6,1,1,1,78,True,143
543243,2026,2026-05-18,824114,6.0,24,9,1,0,1,80,False,118
543243,2026,2026-05-24,824759,4.0,19,4,2,0,3,75,True,142
543243,2026,2026-05-30,824431,6.0,24,7,3,0,1,92,False,114
543243,2026,2026-06-05,823538,6.1,27,3,2,2,3,79,False,147
543243,2026,2026-06-12,824752,6.0,23,7,0,0,1,88,True,140
543243,2026,2026-06-18,824748,7.0,27,4,1,2,3,89,True,141
543243,2026,2026-06-23,824340,7.0,30,11,3,1,1,93,False,115
543243,2026,2026-06-28,824744,7.1,24,9,1,0,0,97,True,147
543243,2026,2026-07-04,824012,6.0,22,7,2,1,1,70,False,108
543243,2026,2026-07-10,823604,6.0,23,3,1,0,1,91,False,121
543243,2026,2026-07-19,824739,6.0,26,5,4,1,1,91,True,139
543243,2026,2026-07-25,824734,5.0,23,3,0,1,5,75,True,141
543243,2026,2026-07-30,824974,7.0,30,5,2,0,4,97,False,133
543243,2026,2026-08-05,824728,6.0,23,8,2,0,0,83,True,145
543243,2026,2026-08-10,822780,6.0,26,4,1,1,2,99,False,141
543243,2026,2026-08-15,823347,7.0,26,7,1,0,0,86,False,134
669372,2026,2026-04-10,823643,4.0,14,4,1,0,0,68,False,121
669372,2026,2026-04-15,825021,5.1,21,3,4,1,2,78,True,140
669372,2026,2026-04-20,823149,5.1,23,6,1,2,3,92,False,136
669372,2026,2026-04-26,822911,3.1,14,2,1,0,0,46,False,140
669372,2026,2026-05-01,825012,4.1,23,4,5,0,5,88,True,114
669372,2026,2026-05-07,823467,8.0,27,8,1,1,1,96,False,143
669372,2026,2026-05-13,825010,6.0,25,3,1,0,0,95,True,138
669372,2026,2026-05-18,824035,8.0,28,10,1,1,2,105,False,108
669372,2026,2026-05-23,823300,2.1,14,4,6,0,2,73,False,135
669372,2026,2026-05-30,825000,6.0,24,4,3,0,0,80,True,147
669372,2026,2026-06-04,824672,6.0,21,8,1,1,1,88,False,112
669372,2026,2026-06-09,824999,5.2,28,5,3,1,5,97,True,158
669372,2026,2026-06-15,824993,6.0,26,3,2,0,0,98,True,134
669372,2026,2026-06-20,824988,5.1,26,5,3,0,3,98,True,108
669372,2026,2026-06-26,824014,6.0,26,5,1,1,3,89,False,108
669372,2026,2026-07-01,824985,6.0,25,4,5,1,1,104,True,119
669372,2026,2026-07-07,824254,4.0,18,4,2,1,2,61,False,116
669372,2026,2026-07-12,824574,4.1,23,7,3,2,8,86,False,145
669372,2026,2026-07-18,824979,6.1,23,7,3,0,0,82,True,120
669372,2026,2026-08-04,824484,6.0,24,5,2,0,3,91,False,113
669372,2026,2026-08-09,824724,6.0,27,2,2,0,1,95,False,111
669372,2026,2026-08-15,824966,6.0,25,7,0,1,4,94,True,140
669713,2026,2026-07-29,824002,5.2,25,4,2,0,3,79,False,108
669713,2026,2026-08-04,824161,6.0,23,4,2,0,2,78,True,141
669713,2026,2026-08-10,823189,7.0,27,4,2,2,3,83,False,137
669713,2026,2026-08-15,824157,4.0,20,6,1,0,5,81,True,136
672282,2026,2026-03-28,824213,4.2,21,9,0,0,3,95,False,117
672282,2026,2026-04-03,824056,6.2,26,4,4,0,0,104,True,136
672282,2026,2026-04-08,824050,4.1,22,4,2,1,5,92,True,144
672282,2026,2026-04-14,823562,7.0,25,9,0,0,1,99,False,147
672282,2026,2026-04-20,824046,6.0,26,5,2,1,4,90,True,141
672282,2026,2026-04-26,824122,5.0,21,5,1,1,3,93,False,118
672282,2026,2026-05-02,824042,6.1,27,8,0,0,3,95,True,121
672282,2026,2026-05-08,822822,3.2,20,3,6,0,2,99,False,141
672282,2026,2026-05-13,824438,5.2,25,6,2,1,2,102,False,114
672282,2026,2026-05-19,824033,5.2,27,8,2,0,8,92,True,133
672282,2026,2026-05-24,824028,8.0,25,14,0,1,1,96,True,140
672282,2026,2026-05-30,822975,5.0,23,7,3,1,3,92,False,139
672282,2026,2026-06-05,823943,6.0,21,6,2,0,0,91,False,119
672282,2026,2026-06-10,824022,7.0,22,9,0,1,1,89,True,117
672282,2026,2026-06-16,825070,7.0,24,3,0,0,0,90,False,109
672282,2026,2026-06-21,824987,6.0,27,4,4,0,5,90,False,133
672282,2026,2026-06-27,824015,5.2,24,8,3,1,2,99,True,133
672282,2026,2026-07-03,824013,5.0,26,5,3,1,5,104,True,111
672282,2026,2026-07-09,822877,4.0,20,6,1,3,5,82,False,140
672282,2026,2026-07-17,824009,6.0,22,7,0,0,0,86,True,116
672282,2026,2026-07-22,824004,5.1,19,6,2,1,1,85,True,138
672282,2026,2026-07-28,824003,5.0,20,9,1,2,2,84,True,117
672282,2026,2026-08-05,824806,4.0,17,5,1,2,3,81,False,110
672282,2026,2026-08-10,823998,6.0,24,6,4,0,1,88,True,140
672282,2026,2026-08-15,823990,8.0,25,11,0,0,0,92,True,118
676106,2026,2026-03-29,823160,6.0,19,9,1,0,0,97,True,114
676106,2026,2026-04-04,824054,6.2,24,5,0,1,1,82,False,108
676106,2026,2026-04-10,823156,5.0,19,5,2,0,3,88,True,117
676106,2026,2026-04-15,823314,6.0,23,6,1,1,2,98,False,135
676106,2026,2026-04-20,823149,5.0,20,3,0,3,3,85,True,133
676106,2026,2026-04-26,823068,6.0,27,4,2,2,2,94,False,138
676106,2026,2026-05-02,823144,7.0,27,14,0,0,1,103,True,118
676106,2026,2026-05-08,824607,6.0,26,4,3,1,5,94,False,145
676106,2026,2026-05-15,823140,6.0,22,6,1,0,1,91,True,135
676106,2026,2026-05-20,823134,5.0,22,4,3,0,2,86,True,145
676106,2026,2026-05-26,825004,6.0,22,3,2,0,0,87,False,133
676106,2026,2026-06-01,823131,6.0,20,7,0,2,2,91,True,121
676106,2026,2026-06-08,824829,5.0,21,3,2,0,1,92,False,110
676106,2026,2026-06-14,822722,4.0,21,2,0,1,6,59,False,120
676106,2026,2026-06-20,823126,5.1,22,6,2,1,5,76,True,111
676106,2026,2026-06-28,824422,5.2,25,6,3,0,1,98,False,114
676106,2026,2026-07-05,823117,7.0,24,5,2,0,0,92,True,141
676106,2026,2026-07-12,822951,1.2,6,2,1,0,0,19,False,139
676106,2026,2026-07-22,823110,6.0,24,3,1,1,2,95,True,113
676106,2026,2026-07-29,823924,5.0,24,5,1,1,3,92,False,119
676106,2026,2026-08-04,823108,6.0,27,6,2,1,3,94,True,116
676106,2026,2026-08-09,823104,4.2,25,3,1,0,2,96,True,139
676106,2026,2026-08-15,824157,7.0,26,8,2,1,2,97,False,117
676282,2026,2026-03-28,823161,3.2,18,5,3,0,2,91,False,136
676282,2026,2026-04-03,824458,5.1,21,6,2,0,1,82,True,112
676282,2026,2026-04-08,824455,5.2,21,9,2,0,1,88,True,118
676282,2026,2026-04-14,823072,6.0,21,4,2,2,2,82,False,138
676282,2026,2026-04-19,824452,4.2,22,6,3,1,3,89,True,110
676282,2026,2026-04-25,822826,5.0,22,4,1,1,1,89,False,141
676282,2026,2026-05-01,825012,4.0,20,2,3,1,4,69,False,133
676282,2026,2026-05-06,824118,5.0,19,1,3,0,1,70,False,118
676282,2026,2026-05-11,824441,6.0,24,4,1,0,0,93,True,108
676282,2026,2026-05-16,824435,5.0,22,4,4,1,4,87,True,113
676282,2026,2026-05-21,824274,5.2,23,6,3,0,0,98,False,116
676282,2026,2026-05-26,824434,2.0,12,1,4,1,4,69,True,120
676282,2026,2026-06-02,823541,4.0,21,4,3,1,4,91,False,147
676282,2026,2026-06-07,822890,5.0,25,7,2,3,7,97,False,140
676282,2026,2026-06-13,824426,5.0,21,4,0,0,1,79,True,116
676282,2026,2026-06-20,824180,8.0,28,9,1,0,1,98,False,117
676282,2026,2026-06-26,824423,6.0,20,9,2,1,1,90,True,136
676282,2026,2026-07-01,824419,5.0,23,4,5,0,2,93,True,140
676282,2026,2026-07-07,823687,5.0,25,7,3,0,0,94,False,142
676282,2026,2026-07-12,823842,5.0,22,9,2,0,1,85,False,146
676282,2026,2026-07-19,824411,5.0,25,7,3,0,4,80,True,134
676282,2026,2026-07-24,822952,3.2,20,4,1,1,5,74,False,139
676282,2026,2026-07-29,824487,4.0,17,8,1,0,0,89,False,113
676282,2026,2026-08-04,824403,5.0,24,5,2,2,2,81,True,121
676282,2026,2026-08-09,824564,1.0,6,3,0,0,1,31,False,145
676282,2026,2026-08-15,824400,6.0,20,7,3,0,1,87,True,135
685299,2026,2026-05-25,823948,5.0,21,3,1,0,1,80,False,119
685299,2026,2026-05-31,824354,3.0,17,2,1,0,4,75,True,137
685299,2026,2026-06-30,824338,5.0,24,4,0,1,5,74,True,146
685299,2026,2026-07-05,824333,5.0,23,7,2,4,5,94,True,137
685299,2026,2026-07-10,823200,5.0,23,1,1,1,1,81,False,137
687473,2026,2026-06-05,823860,2.0,10,1,1,0,3,33,True,139
687473,2026,2026-06-10,823856,4.0,16,4,1,0,0,66,True,109
687473,2026,2026-06-15,823452,4.2,26,1,3,2,5,91,False,143
687473,2026,2026-06-21,823852,4.1,18,6,2,0,1,68,True,137
687473,2026,2026-06-27,823038,3.1,15,4,1,0,0,63,False,138
687473,2026,2026-07-02,824335,3.0,16,2,2,1,3,51,False,115
687473,2026,2026-07-24,823843,3.1,13,4,1,0,1,57,True,135
687473,2026,2026-07-29,823837,5.0,24,3,2,1,6,79,True,143
687473,2026,2026-08-04,824888,6.0,23,5,0,1,1,83,False,144
687473,2026,2026-08-09,823835,4.0,18,4,1,1,2,60,True,108
687473,2026,2026-08-15,824480,4.2,21,6,0,2,2,70,False,113
689254,2026,2026-04-04,824622,1.0,6,0,1,0,1,20,False,145
689254,2026,2026-05-16,824278,1.1,5,3,0,0,0,18,False,116
689254,2026,2026-06-04,824919,1.1,6,1,1,0,0,25,False,144
702070,2026,2026-04-01,824136,5.0,20,5,1,0,1,86,True,142
702070,2026,2026-04-07,824457,5.2,24,5,1,0,1,97,False,114
702070,2026,2026-04-12,824126,5.1,23,4,2,2,5,67,True,145
702070,2026,2026-04-18,823558,4.0,22,3,2,3,5,74,False,147
702070,2026,2026-04-24,824124,6.1,28,6,3,0,3,88,True,108
702070,2026,2026-04-30,825016,5.1,27,5,2,0,4,93,False,133
702070,2026,2026-05-10,824113,4.0,20,4,3,0,3,95,True,116
702070,2026,2026-05-16,823060,6.0,23,4,0,0,3,82,False,138
702070,2026,2026-05-22,824110,6.0,23,8,2,0,0,96,True,136
702070,2026,2026-05-27,824104,5.0,20,4,1,0,2,94,True,147
702070,2026,2026-06-02,824511,7.0,22,8,0,1,1,87,False,113
702070,2026,2026-06-07,823696,6.0,23,7,0,0,0,104,False,142
702070,2026,2026-06-13,824100,4.1,20,1,0,2,4,86,True,117
702070,2026,2026-06-18,824098,5.0,27,6,2,0,3,108,True,138
702070,2026,2026-06-24,822965,5.0,27,5,3,0,5,108,False,139
702070,2026,2026-06-30,824096,3.2,21,0,3,2,6,86,True,139
702070,2026,2026-07-06,824089,5.0,26,7,5,0,1,105,True,143
702070,2026,2026-07-11,824813,7.0,27,9,2,3,5,100,False,110
702070,2026,2026-07-19,824086,5.0,26,1,2,1,7,90,True,135
702070,2026,2026-07-30,823674,8.0,26,7,2,0,0,97,False,142
702070,2026,2026-08-05,824082,8.0,28,9,1,0,1,106,True,142
702070,2026,2026-08-10,823918,5.2,24,2,2,0,4,101,False,119
702070,2026,2026-08-16,823991,9.0,29,8,1,0,0,115,False,108
808967,2026,2026-03-26,823974,6.0,21,6,0,1,2,95,True,109
808967,2026,2026-04-01,823970,6.0,22,2,1,1,2,87,True,114
808967,2026,2026-04-07,822831,6.0,24,6,1,0,1,97,False,141
808967,2026,2026-04-14,823965,7.2,28,7,1,1,1,104,True,121
808967,2026,2026-04-21,823236,7.0,28,7,2,0,3,101,False,137
808967,2026,2026-04-27,823961,5.0,24,4,4,1,3,87,True,146
808967,2026,2026-05-04,824201,6.0,23,8,1,1,3,95,False,117
808967,2026,2026-05-12,823951,6.1,25,8,0,3,5,93,True,137
808967,2026,2026-05-18,823301,7.0,26,8,2,1,1,107,False,135
808967,2026,2026-05-24,823786,7.0,27,3,1,0,1,92,False,158
808967,2026,2026-05-31,823944,5.1,22,10,2,0,0,104,True,143
808967,2026,2026-06-06,823942,8.0,26,4,0,0,1,93,True,108
808967,2026,2026-06-13,824587,8.1,27,7,0,1,1,109,False,145
808967,2026,2026-06-20,823937,6.0,26,6,2,0,3,102,True,110
808967,2026,2026-06-27,823283,6.0,24,4,2,1,2,89,False,135
808967,2026,2026-07-04,823932,7.0,25,10,2,0,0,100,True,135
808967,2026,2026-07-11,823926,6.0,27,6,4,1,6,103,True,109
808967,2026,2026-07-19,823523,9.0,30,7,0,1,2,102,False,147
808967,2026,2026-07-25,823600,6.0,26,5,3,0,1,100,False,121
808967,2026,2026-08-01,823920,8.0,28,3,1,2,3,96,True,111
808967,2026,2026-08-08,825049,5.2,24,6,3,0,0,107,False,109
808967,2026,2026-08-14,823913,6.0,23,9,2,0,1,97,True,158
519242,2026,2026-03-27,824946,6.0,23,6,3,0,0,88,True,118
519242,2026,2026-04-01,824940,6.0,19,3,0,1,1,79,True,133
519242,2026,2026-04-06,824052,4.0,21,7,2,2,6,77,False,108
519242,2026,2026-04-12,824938,6.0,26,6,1,1,1,97,True,114
519242,2026,2026-04-18,823474,7.0,26,7,1,1,1,101,False,143
519242,2026,2026-04-26,824934,6.0,22,9,2,0,0,100,True,143
519242,2026,2026-05-02,824365,7.0,27,11,3,0,1,102,False,115
519242,2026,2026-05-08,823957,7.0,27,7,0,1,2,102,False,119
519242,2026,2026-05-14,824926,6.0,25,8,2,0,0,100,True,112
519242,2026,2026-05-20,823866,7.0,25,8,0,0,1,96,False,146
519242,2026,2026-05-28,824757,5.0,24,8,3,0,2,96,False,111
519242,2026,2026-06-04,824919,5.2,29,6,2,0,3,108,True,141
519242,2026,2026-06-10,824590,5.2,25,6,1,0,2,103,False,145
519242,2026,2026-06-20,824909,5.2,23,7,1,0,0,101,True,158
519242,2026,2026-06-28,823204,6.0,26,10,1,0,1,94,False,137
519242,2026,2026-07-04,824903,5.0,24,3,2,2,3,98,True,121
519242,2026,2026-07-10,823033,3.0,11,5,1,0,0,43,False,138
519242,2026,2026-07-17,824901,7.0,23,6,0,0,0,89,True,140
519242,2026,2026-07-23,824893,6.0,25,11,1,0,3,98,True,135
519242,2026,2026-07-29,823598,6.0,20,9,0,0,0,94,False,121
519242,2026,2026-08-08,823514,6.0,23,8,2,0,3,103,False,147
519242,2026,2026-08-14,824882,6.0,23,9,0,0,1,108,True,109
519242,2026,2026-08-21,823746,6.0,25,6,0,0,2,94,False,158
669432,2026,2026-03-26,824865,7.0,27,5,4,0,0,88,True,142
669432,2026,2026-04-01,824860,6.0,24,3,1,0,2,91,True,140
669432,2026,2026-04-07,824618,6.0,25,6,0,0,2,101,False,145
669432,2026,2026-04-14,824853,4.2,22,6,1,1,4,99,True,109
669432,2026,2026-04-19,824452,5.0,24,5,2,2,5,95,False,114
669432,2026,2026-04-25,824851,1.2,11,2,2,0,3,62,True,111
669432,2026,2026-05-12,824843,4.0,21,3,3,2,6,73,True,147
669432,2026,2026-05-18,822980,3.2,22,3,2,0,7,88,False,139
669432,2026,2026-05-24,824840,4.2,20,2,2,1,4,90,True,116
669432,2026,2026-05-29,824835,6.0,24,3,1,2,4,84,True,141
669432,2026,2026-06-04,824753,5.2,22,3,1,0,1,87,False,111
669432,2026,2026-06-09,824830,5.2,24,3,1,1,3,97,True,136
669432,2026,2026-06-14,824823,6.0,24,4,2,0,2,82,True,135
669432,2026,2026-06-20,823937,7.0,23,6,2,0,0,96,False,119
669432,2026,2026-06-26,824824,6.1,24,7,0,0,1,87,True,120
669432,2026,2026-07-03,824498,5.0,22,4,5,0,0,93,False,113
669432,2026,2026-07-09,824816,6.0,23,4,2,1,1,89,True,112
669432,2026,2026-07-18,824169,6.1,27,8,1,0,1,99,False,117
669432,2026,2026-07-24,824812,7.0,26,6,0,0,2,88,True,144
669432,2026,2026-07-29,824242,6.0,28,6,0,0,4,94,False,116
669432,2026,2026-08-05,824806,6.0,21,9,0,1,2,93,True,108
669432,2026,2026-08-10,823675,4.0,19,4,2,1,2,79,False,142
669432,2026,2026-08-16,822940,6.0,26,6,1,1,2,98,False,139
669432,2026,2026-08-21,824800,7.0,27,6,1,1,3,103,True,139
693645,2026,2026-03-27,823243,5.1,17,8,0,0,0,68,False,137
693645,2026,2026-04-01,823157,6.1,21,7,0,0,0,79,False,136
693645,2026,2026-04-07,823567,5.0,20,7,0,0,3,84,True,133
693645,2026,2026-04-12,822998,5.0,23,8,1,0,3,85,False,139
693645,2026,2026-04-17,823559,6.0,24,6,2,0,0,93,True,118
693645,2026,2026-04-23,824770,8.0,28,5,1,1,1,96,False,111
693645,2026,2026-04-28,822908,6.0,23,8,2,0,0,92,False,140
693645,2026,2026-05-04,823552,5.2,25,4,3,0,1,95,True,110
693645,2026,2026-05-09,823792,6.0,21,6,0,0,0,97,False,158
693645,2026,2026-05-15,823629,6.2,24,9,2,1,1,106,False,121
693645,2026,2026-05-20,823547,6.0,27,7,2,0,2,106,True,141
693645,2026,2026-05-26,824106,6.0,22,6,0,1,1,77,False,118
693645,2026,2026-06-02,823541,4.1,20,3,0,1,4,76,True,114
693645,2026,2026-06-07,823537,5.2,22,5,1,0,1,92,True,111
693645,2026,2026-06-13,822802,7.0,29,7,4,1,1,101,False,141
693645,2026,2026-06-19,823534,6.0,23,13,0,0,0,96,True,113
693645,2026,2026-06-25,824747,5.0,25,9,2,1,0,92,False,111
693645,2026,2026-06-30,823528,4.0,20,5,1,4,6,85,True,116
693645,2026,2026-07-06,822958,8.0,28,8,0,0,1,101,False,139
693645,2026,2026-07-11,822711,6.2,27,6,4,2,2,99,False,120
693645,2026,2026-07-19,823523,4.1,20,8,0,0,3,98,True,119
693645,2026,2026-07-24,823434,7.1,26,12,0,0,0,99,False,143
693645,2026,2026-07-29,824567,6.1,23,8,1,0,1,93,False,145
693645,2026,2026-08-03,823520,3.0,17,6,5,1,4,83,True,138
693645,2026,2026-08-09,823513,7.0,24,11,0,1,1,96,True,144
693645,2026,2026-08-15,822775,5.1,23,7,3,0,1,97,False,141
693645,2026,2026-08-21,823510,6.0,25,4,3,0,1,96,True,141
694819,2026,2026-03-26,823812,5.0,20,11,3,1,1,94,True,145
694819,2026,2026-04-01,823806,6.0,25,7,2,1,2,94,True,139
694819,2026,2026-04-07,824780,5.1,22,10,4,0,3,101,False,111
694819,2026,2026-04-14,823802,5.1,21,5,0,2,2,76,True,141
694819,2026,2026-04-19,823881,5.0,23,9,3,0,1,97,False,146
694819,2026,2026-04-25,823799,6.0,26,9,1,0,3,91,True,134
694819,2026,2026-05-01,822744,5.1,18,8,2,0,0,85,False,120
694819,2026,2026-05-08,823794,6.0,22,11,2,0,0,95,True,147
694819,2026,2026-05-13,823791,7.0,25,10,0,0,0,93,True,135
694819,2026,2026-05-19,824677,6.0,22,8,1,0,0,74,False,112
694819,2026,2026-05-25,823784,7.0,24,12,1,0,1,96,True,138
694819,2026,2026-05-31,824187,7.0,25,8,0,0,0,88,False,117
694819,2026,2026-06-06,824351,7.0,29,8,3,0,0,98,False,115
694819,2026,2026-06-12,823778,9.0,27,15,0,0,0,95,True,143
694819,2026,2026-06-19,824910,6.0,24,7,1,0,2,91,False,144
694819,2026,2026-06-26,823773,6.0,23,8,4,1,1,107,True,112
694819,2026,2026-07-02,823765,5.0,21,10,0,2,1,82,True,113
694819,2026,2026-07-07,823062,7.0,25,11,0,2,3,103,False,138
694819,2026,2026-07-20,823762,4.0,17,6,1,0,0,65,True,121
694819,2026,2026-07-26,823755,5.0,17,12,0,1,1,83,True,115
694819,2026,2026-08-02,823996,7.0,24,10,1,1,2,83,False,108
694819,2026,2026-08-09,823751,6.0,23,9,1,2,3,94,True,142
694819,2026,2026-08-15,823914,6.0,24,6,1,0,1,98,False,119
694819,2026,2026-08-21,823746,6.0,23,6,2,0,0,96,True,144
695418,2026,2026-07-01,824740,2.1,11,1,2,0,0,53,False,111
695418,2026,2026-08-09,822700,2.2,11,4,0,0,1,51,True,113
695418,2026,2026-08-15,823588,0.2,7,1,4,0,2,44,False,121
695418,2026,2026-08-21,823830,2.2,10,1,1,0,0,31,False,146
527048,2026,2026-04-05,825102,5.0,20,1,1,0,4,75,False,109
527048,2026,2026-04-11,824939,5.0,19,2,3,1,1,86,True,114
527048,2026,2026-04-17,823476,6.0,26,4,2,0,0,94,False,143
527048,2026,2026-04-28,824931,5.0,21,5,4,0,0,91,True,116
527048,2026,2026-05-06,823141,5.2,22,5,1,1,2,84,False,136
527048,2026,2026-05-19,823865,5.0,23,10,2,1,4,78,False,146
527048,2026,2026-05-24,824921,5.2,22,2,2,0,1,86,True,120
527048,2026,2026-05-30,824513,5.0,20,2,3,1,2,81,False,113
527048,2026,2026-06-05,824914,5.0,20,5,2,0,3,85,True,134
527048,2026,2026-06-13,823616,5.1,20,4,1,0,1,71,False,121
527048,2026,2026-06-19,824910,6.0,25,5,2,0,1,82,True,158
527048,2026,2026-06-24,823284,4.0,20,4,4,1,3,82,False,135
527048,2026,2026-06-30,824907,5.0,23,1,3,2,4,85,True,138
527048,2026,2026-07-05,824902,4.1,20,1,2,1,4,77,True,121
527048,2026,2026-07-22,824896,4.0,16,3,4,0,0,75,True,135
527048,2026,2026-07-27,823597,5.0,24,4,1,1,3,87,False,121
527048,2026,2026-08-01,824890,7.0,25,6,2,0,0,78,True,120
527048,2026,2026-08-06,824885,3.0,9,3,1,0,0,35,True,146
527048,2026,2026-08-11,824886,6.0,23,2,3,0,0,82,True,121
527048,2026,2026-08-17,823668,5.0,25,3,2,0,4,82,False,142
608379,2026,2026-03-28,824945,6.0,20,7,1,0,0,80,False,144
608379,2026,2026-04-06,824456,7.0,26,3,3,1,1,102,False,114
608379,2026,2026-04-11,824129,8.0,28,7,1,0,0,88,True,145
608379,2026,2026-04-17,823559,6.0,24,6,3,1,2,97,False,147
608379,2026,2026-04-22,824123,5.1,25,5,2,1,6,89,True,110
608379,2026,2026-04-29,825015,5.0,25,5,4,1,4,105,False,133
608379,2026,2026-05-04,824120,7.0,26,3,1,1,2,79,True,114
608379,2026,2026-05-09,824115,7.0,27,6,2,0,0,89,True,116
608379,2026,2026-05-15,823061,6.0,23,5,1,2,3,87,False,138
608379,2026,2026-05-20,824111,6.0,25,8,2,0,1,105,True,111
608379,2026,2026-05-25,824107,7.0,27,5,2,1,2,93,True,147
608379,2026,2026-05-31,822895,5.0,26,5,4,0,6,82,False,140
608379,2026,2026-06-05,823699,5.2,25,2,0,1,4,77,False,142
608379,2026,2026-06-11,824101,7.0,29,2,1,1,4,102,True,140
608379,2026,2026-06-16,822723,6.0,26,3,1,0,3,90,False,120
608379,2026,2026-06-22,822964,7.0,27,5,1,0,1,99,False,139
608379,2026,2026-06-27,824581,7.2,29,7,1,0,1,105,False,145
608379,2026,2026-07-04,824092,6.0,26,7,1,3,4,105,True,143
608379,2026,2026-07-09,823606,4.2,23,5,3,1,6,104,False,121
608379,2026,2026-07-20,824087,6.0,23,5,2,1,1,96,True,137
608379,2026,2026-07-25,824244,7.0,28,3,2,1,2,96,False,116
608379,2026,2026-07-31,824325,6.0,25,7,0,0,1,99,False,115
608379,2026,2026-08-06,824080,5.2,22,1,3,1,1,94,True,142
608379,2026,2026-08-11,823917,6.2,27,5,0,1,3,96,False,119
608379,2026,2026-08-17,824077,5.0,20,3,0,3,4,79,True,133
647336,2026,2026-03-30,825108,5.0,20,10,1,0,0,89,True,116
647336,2026,2026-04-04,825104,5.0,22,3,3,0,1,91,True,144
647336,2026,2026-04-10,823482,5.2,25,10,2,1,4,93,False,143
647336,2026,2026-04-17,825101,7.0,26,5,0,1,2,94,True,141
647336,2026,2026-04-23,825096,5.0,22,6,1,0,1,101,True,145
647336,2026,2026-04-30,823795,3.0,21,2,2,1,8,79,False,158
647336,2026,2026-05-06,825091,6.1,27,6,2,1,1,93,True,134
647336,2026,2026-05-11,822901,6.1,22,5,1,0,0,89,False,140
647336,2026,2026-05-17,824358,5.2,25,8,2,0,2,98,False,115
647336,2026,2026-05-22,825082,6.0,23,2,0,0,1,78,True,115
647336,2026,2026-05-27,823217,6.0,22,3,0,0,2,83,False,137
647336,2026,2026-06-02,825079,6.0,25,6,1,1,4,100,True,119
647336,2026,2026-06-07,825074,7.0,26,6,2,1,1,100,True,120
647336,2026,2026-06-13,824508,7.0,23,7,0,0,1,93,False,113
647336,2026,2026-06-19,825069,1.0,4,0,0,0,0,9,True,142
647336,2026,2026-08-10,825048,4.1,18,4,3,0,0,77,True,115
647336,2026,2026-08-16,824880,5.2,24,5,1,0,2,80,False,144
663554,2026,2026-03-31,825107,6.0,22,9,2,1,1,93,False,109
663554,2026,2026-04-06,823728,4.1,24,4,3,1,5,90,False,142
663554,2026,2026-04-11,824294,5.2,25,5,1,0,1,74,True,146
663554,2026,2026-04-17,824778,6.2,23,7,1,0,0,94,False,111
663554,2026,2026-04-22,824286,6.0,23,7,3,0,1,88,True,158
663554,2026,2026-04-28,824931,2.1,11,3,1,0,2,34,False,144
663554,2026,2026-05-16,824278,6.0,19,4,0,0,0,71,True,141
663554,2026,2026-05-21,824274,6.2,24,4,0,0,2,95,True,114
663554,2026,2026-05-27,824270,4.0,14,6,1,0,0,58,True,108
663554,2026,2026-06-17,824178,4.2,21,3,1,1,3,86,False,117
663554,2026,2026-06-23,824262,5.2,25,6,1,1,4,97,True,147
663554,2026,2026-06-29,823529,7.0,22,10,0,0,0,88,False,147
663554,2026,2026-07-05,822879,6.2,27,4,2,1,2,94,False,140
663554,2026,2026-07-11,824249,5.2,24,5,2,0,3,97,True,143
663554,2026,2026-07-19,824007,3.1,16,5,1,0,1,74,False,108
663554,2026,2026-07-25,824244,6.0,21,3,0,0,1,85,True,118
663554,2026,2026-08-05,825052,3.1,22,1,3,1,8,77,False,109
663554,2026,2026-08-10,823265,6.0,24,6,2,1,2,83,True,158
663554,2026,2026-08-16,824397,6.0,21,3,1,0,0,86,False,114
665152,2026,2026-04-13,824856,5.0,21,9,0,3,2,80,True,109
665152,2026,2026-04-18,824451,6.0,22,7,2,1,3,95,False,114
665152,2026,2026-07-01,824818,6.0,22,4,1,1,1,79,True,145
665152,2026,2026-07-08,824815,5.0,21,4,1,4,4,92,True,112
665152,2026,2026-07-17,824170,4.0,17,5,3,0,2,83,False,117
665152,2026,2026-07-22,824735,6.0,27,5,1,1,6,87,False,111
665152,2026,2026-07-28,824243,4.0,23,4,3,2,8,81,False,116
665152,2026,2026-08-05,824082,5.0,19,2,2,0,1,88,False,118
665152,2026,2026-08-10,823675,7.0,22,7,1,0,1,89,True,110
665152,2026,2026-08-16,823670,5.1,23,6,2,1,4,89,True,143
674003,2026,2026-08-05,822866,4.1,20,5,2,0,0,70,True,137
674003,2026,2026-08-11,823997,7.0,26,1,1,0,3,75,False,108
674003,2026,2026-08-16,824965,4.0,19,4,1,1,2,81,False,133
676440,2026,2026-03-26,823163,5.0,20,7,2,3,3,78,False,136
676440,2026,2026-03-31,823969,4.0,18,4,2,0,1,74,False,119
676440,2026,2026-04-06,824456,4.2,20,3,1,0,1,87,True,118
676440,2026,2026-04-12,824938,4.2,24,4,1,1,8,93,False,144
676440,2026,2026-04-17,824454,6.0,25,5,3,0,0,96,True,110
676440,2026,2026-04-22,824449,6.0,24,3,2,1,2,95,True,117
676440,2026,2026-04-28,824447,5.0,22,6,3,0,1,93,True,139
676440,2026,2026-05-04,824120,4.0,19,4,2,1,4,77,False,118
676440,2026,2026-05-09,824444,6.0,22,9,2,1,1,98,True,142
676440,2026,2026-05-15,824439,6.2,28,2,2,0,3,96,True,113
676440,2026,2026-05-20,824273,8.0,28,5,1,0,1,104,False,116
676440,2026,2026-05-25,824437,3.0,16,3,0,5,7,61,True,120
676440,2026,2026-05-31,824430,6.0,24,5,1,1,3,90,True,111
676440,2026,2026-06-06,822891,8.0,27,3,2,0,0,87,False,140
676440,2026,2026-06-12,824425,7.0,25,8,2,2,2,91,True,116
676440,2026,2026-06-19,824179,5.1,22,7,2,1,3,95,False,117
676440,2026,2026-06-24,824583,6.0,21,3,1,0,0,89,False,145
676440,2026,2026-06-30,824418,7.0,26,2,0,1,2,91,True,140
676440,2026,2026-07-05,824413,4.0,19,1,1,3,6,62,True,145
676440,2026,2026-07-11,823844,6.2,27,3,4,0,1,94,False,146
676440,2026,2026-07-20,824410,6.0,25,5,1,0,2,95,True,142
676440,2026,2026-07-25,822948,6.0,28,5,2,0,3,107,False,139
676440,2026,2026-07-31,824407,7.1,27,3,1,0,2,100,True,109
676440,2026,2026-08-05,824402,5.2,22,10,0,3,3,98,True,121
676440,2026,2026-08-11,824240,6.1,27,4,2,0,5,96,False,116
676440,2026,2026-08-16,824397,6.0,27,3,3,2,3,96,True,135
677960,2026,2026-03-30,823159,4.1,19,7,2,0,1,77,False,136
677960,2026,2026-04-04,823569,3.2,19,4,3,0,3,88,True,146
677960,2026,2026-04-09,823565,8.0,30,7,0,0,1,101,True,133
677960,2026,2026-04-14,823562,5.0,22,10,2,4,5,94,True,108
677960,2026,2026-04-19,823556,7.1,26,8,1,0,0,95,True,118
677960,2026,2026-04-25,824203,5.1,21,4,0,1,2,86,False,117
677960,2026,2026-05-02,823554,5.0,21,5,2,1,1,90,True,110
677960,2026,2026-05-11,824844,6.1,23,9,3,0,2,101,False,110
677960,2026,2026-05-18,823549,5.1,23,7,0,2,5,90,True,141
677960,2026,2026-05-24,823544,7.0,26,4,3,0,0,95,True,139
677960,2026,2026-05-30,825000,6.2,29,10,3,3,5,107,False,133
677960,2026,2026-06-05,823538,6.0,26,4,1,2,5,93,True,111
677960,2026,2026-06-12,822803,4.1,20,2,1,2,6,82,False,141
677960,2026,2026-06-18,823533,6.1,22,8,1,1,1,88,True,145
677960,2026,2026-06-24,824259,6.0,26,6,2,0,1,97,False,116
677960,2026,2026-06-29,823529,1.2,14,3,1,0,2,55,True,116
677960,2026,2026-07-05,823525,4.0,19,6,2,0,4,88,True,142
677960,2026,2026-07-10,822709,5.1,23,6,0,0,1,91,False,120
677960,2026,2026-07-20,823522,4.2,23,5,2,1,5,99,True,134
677960,2026,2026-07-25,823435,5.2,24,7,1,0,1,97,False,143
677960,2026,2026-07-30,824568,7.0,26,4,3,0,0,106,False,145
677960,2026,2026-08-04,823517,6.0,21,6,1,0,0,88,True,138
677960,2026,2026-08-11,823512,5.2,22,4,3,1,1,106,True,136
677960,2026,2026-08-16,822774,7.1,26,4,1,0,1,95,False,141
686613,2026,2026-03-26,824218,4.2,22,9,4,0,0,102,True,108
686613,2026,2026-03-31,824212,6.0,21,8,2,0,1,78,True,111
686613,2026,2026-06-16,824182,5.2,21,7,3,0,1,92,True,116
686613,2026,2026-06-22,822800,3.0,17,4,2,1,1,85,False,141
686613,2026,2026-06-28,824256,6.0,25,4,2,1,2,103,False,116
686613,2026,2026-07-04,824171,4.0,22,3,4,2,6,82,True,139
686613,2026,2026-07-10,822878,6.0,25,4,5,1,3,98,False,140
686613,2026,2026-07-19,824168,4.2,24,4,6,0,4,92,True,110
686613,2026,2026-07-25,824571,7.0,23,7,0,0,0,90,False,145
686613,2026,2026-07-31,824164,5.2,23,5,2,1,2,104,True,140
686613,2026,2026-08-05,824158,6.0,23,8,2,1,3,93,True,141
686613,2026,2026-08-11,823186,5.0,23,4,3,1,3,89,False,137
686613,2026,2026-08-16,824156,5.0,22,5,5,1,2,90,True,136
691587,2026,2026-03-28,823892,7.0,27,8,1,2,3,93,True,115
691587,2026,2026-04-03,823568,4.0,20,4,6,1,4,84,False,147
691587,2026,2026-04-08,823885,5.0,24,6,2,1,2,95,True,113
691587,2026,2026-04-13,824937,4.0,20,2,2,0,3,76,False,144
691587,2026,2026-04-19,823881,6.0,21,7,1,0,0,84,True,158
691587,2026,2026-04-25,823229,5.1,24,6,2,2,4,94,False,137
691587,2026,2026-05-01,823877,5.0,22,6,2,0,2,96,True,143
691587,2026,2026-05-06,823872,5.0,24,6,5,1,5,93,True,110
691587,2026,2026-05-12,823712,6.0,25,8,3,1,3,87,False,142
691587,2026,2026-05-17,822982,5.0,23,5,4,2,5,102,False,139
691587,2026,2026-05-22,823863,6.1,20,5,0,1,1,86,True,121
691587,2026,2026-05-27,822809,4.0,15,9,0,0,0,73,False,141
691587,2026,2026-06-24,823850,4.2,15,1,0,1,1,68,True,140
691587,2026,2026-06-30,824338,5.1,22,8,4,1,1,86,False,115
691587,2026,2026-07-05,824980,7.0,21,8,0,0,0,92,False,133
691587,2026,2026-07-11,823844,6.0,26,6,2,0,2,99,True,114
691587,2026,2026-07-19,823764,6.0,22,9,3,0,0,93,False,158
691587,2026,2026-07-25,823841,7.0,28,2,1,0,3,104,True,135
691587,2026,2026-07-30,823595,6.0,24,6,2,0,1,97,False,121
691587,2026,2026-08-05,824889,5.0,24,9,2,0,4,91,False,144
691587,2026,2026-08-11,823832,7.0,24,7,2,0,0,100,True,134
691587,2026,2026-08-16,824477,6.0,23,5,5,0,0,100,False,113
695076,2026,2026-03-29,824538,5.0,20,5,2,1,2,86,True,111
695076,2026,2026-04-04,822920,6.0,23,4,2,0,0,82,False,140
695076,2026,2026-04-09,823884,5.1,26,2,2,0,4,95,False,146
695076,2026,2026-04-15,824532,6.2,25,4,1,0,3,90,True,137
695076,2026,2026-04-20,822994,6.0,24,3,2,0,1,93,False,139
695076,2026,2026-04-26,824528,5.0,22,7,1,0,2,94,True,116
695076,2026,2026-05-02,823388,1.1,13,1,4,0,8,52,False,134
695076,2026,2026-05-07,824681,3.0,13,1,4,1,3,59,False,112
695076,2026,2026-06-07,823047,3.0,16,4,5,0,0,70,False,138
695076,2026,2026-06-13,824508,5.2,25,6,2,1,1,96,True,109
695076,2026,2026-06-19,823534,5.1,25,5,3,2,4,95,False,147
695076,2026,2026-06-24,824500,5.2,27,6,1,2,3,100,True,158
695076,2026,2026-06-30,823768,4.2,26,8,1,1,6,82,False,158
695076,2026,2026-07-18,824331,2.1,18,2,0,0,8,48,False,115
695076,2026,2026-07-24,823031,5.0,18,4,2,0,2,76,False,138
695076,2026,2026-07-30,824488,6.0,23,5,0,1,2,90,True,134
695076,2026,2026-08-05,824482,6.0,24,3,2,1,2,95,True,133
695076,2026,2026-08-12,824562,5.1,23,4,1,1,2,94,False,145
695076,2026,2026-08-17,824478,6.2,29,5,2,1,4,99,True,138
622491,2026,2026-03-30,823159,6.0,21,7,2,0,0,95,True,147
622491,2026,2026-04-05,824053,3.2,20,4,1,0,3,84,False,108
622491,2026,2026-04-11,823155,3.1,21,3,1,1,7,91,True,117
622491,2026,2026-04-16,823313,5.1,26,3,3,0,1,98,False,135
622491,2026,2026-04-21,823148,5.0,21,6,2,1,2,95,True,133
622491,2026,2026-04-27,823719,5.0,25,3,2,2,7,97,False,142
622491,2026,2026-05-03,823145,6.0,26,5,2,0,4,101,True,118
622491,2026,2026-05-09,824606,4.0,18,6,0,2,4,84,False,145
622491,2026,2026-05-14,824196,5.2,24,6,3,1,3,108,False,117
622491,2026,2026-05-25,825005,4.0,17,6,2,0,0,68,False,133
622491,2026,2026-06-07,824268,5.2,21,5,1,1,1,100,False,116
622491,2026,2026-06-13,822725,5.2,27,4,2,1,2,84,False,120
622491,2026,2026-06-26,824423,6.0,22,4,1,0,1,91,False,114
622491,2026,2026-07-03,823120,6.0,26,4,1,0,2,101,True,141
622491,2026,2026-07-10,822955,5.0,25,4,1,3,4,91,False,139
622491,2026,2026-07-21,823114,7.0,27,3,2,2,3,101,True,113
622491,2026,2026-07-28,823923,5.0,26,2,2,2,5,90,False,119
622491,2026,2026-08-06,824729,4.0,18,5,1,1,5,71,False,111
622491,2026,2026-08-12,824562,7.0,23,10,2,0,0,104,True,113
622491,2026,2026-08-17,824641,4.2,24,1,1,2,3,99,False,112
622491,2026,2026-08-22,824560,2.2,17,3,1,2,4,80,True,121
623454,2026,2026-05-20,824273,4.2,18,7,2,0,0,63,True,114
623454,2026,2026-06-15,824181,2.2,12,5,2,0,1,59,False,117
623454,2026,2026-08-05,823106,3.2,13,0,1,0,0,42,False,136
623454,2026,2026-08-11,824240,4.0,17,4,2,1,1,70,True,114
623454,2026,2026-08-16,824236,5.0,21,5,2,1,3,74,True,145
623454,2026,2026-08-22,824073,5.0,21,4,1,2,3,75,False,118
656302,2026,2026-03-28,822838,5.1,22,12,2,0,1,90,True,133
656302,2026,2026-04-03,824621,4.1,22,6,3,0,2,93,False,145
656302,2026,2026-04-08,822833,5.0,23,8,4,0,1,96,True,119
656302,2026,2026-04-15,823803,6.0,22,6,3,0,0,106,False,158
656302,2026,2026-04-20,824046,5.0,22,12,2,0,2,110,False,108
656302,2026,2026-04-27,822825,5.2,27,5,3,0,4,107,True,111
656302,2026,2026-05-02,823715,7.0,28,7,1,1,3,106,False,142
656302,2026,2026-05-08,822822,7.0,25,10,0,0,0,97,True,108
656302,2026,2026-05-13,822815,7.0,26,9,3,0,1,99,True,139
656302,2026,2026-05-19,823548,5.0,22,9,4,2,5,100,False,147
656302,2026,2026-05-24,822813,4.2,19,8,1,2,2,76,True,134
656302,2026,2026-06-09,822805,6.0,22,11,1,0,1,93,True,143
656302,2026,2026-06-16,824750,5.0,23,7,4,0,0,108,False,111
656302,2026,2026-06-22,822800,5.2,23,8,4,0,2,110,True,117
656302,2026,2026-06-27,822794,4.2,23,10,5,0,4,107,True,140
656302,2026,2026-07-03,823120,7.0,24,9,1,0,0,102,False,136
656302,2026,2026-07-08,823202,8.0,28,11,3,0,0,118,False,137
656302,2026,2026-07-20,822788,6.0,26,7,1,2,3,101,True,139
656302,2026,2026-07-25,824734,9.0,30,12,3,0,0,120,False,111
656302,2026,2026-07-31,822782,6.0,24,7,3,0,1,96,True,138
656302,2026,2026-08-06,824664,7.0,24,10,1,0,0,104,False,112
656302,2026,2026-08-11,822778,5.0,24,7,4,2,3,104,True,111
656302,2026,2026-08-16,822774,6.1,24,10,3,0,2,104,True,147
656302,2026,2026-08-22,823509,6.2,26,8,5,0,1,111,False,147
656849,2026,2026-03-28,823651,5.1,25,3,2,0,0,76,True,134
656849,2026,2026-04-02,823242,4.1,24,5,2,0,5,68,False,137
656849,2026,2026-04-08,823646,5.0,23,6,2,0,5,85,True,109
656849,2026,2026-04-13,823964,5.0,25,7,4,1,4,89,False,119
656849,2026,2026-04-29,823633,3.2,19,5,3,0,7,80,True,120
656849,2026,2026-05-21,822733,5.0,22,3,3,0,1,82,False,120
656849,2026,2026-05-26,823624,5.0,26,4,3,0,6,90,True,113
656849,2026,2026-06-21,823449,4.0,20,5,2,1,4,79,False,143
656849,2026,2026-06-27,823770,5.2,20,2,0,1,2,69,False,158
656849,2026,2026-07-03,824659,3.2,23,3,3,1,10,91,True,138
656849,2026,2026-07-09,824816,5.0,20,2,4,1,1,77,False,110
656849,2026,2026-07-21,824652,6.2,24,4,1,0,0,94,True,116
656849,2026,2026-07-27,823025,5.2,22,3,2,1,2,86,False,138
656849,2026,2026-08-01,824649,6.1,25,8,0,1,1,97,True,147
656849,2026,2026-08-06,824664,5.0,23,3,3,0,1,89,True,141
656849,2026,2026-08-12,822698,5.0,27,6,3,0,3,90,False,120
656849,2026,2026-08-22,823100,6.0,25,8,2,1,2,98,False,136
663556,2026,2026-03-31,823807,4.2,19,4,3,0,2,79,False,158
663556,2026,2026-04-06,823002,4.0,17,5,4,0,2,69,True,112
663556,2026,2026-04-14,824616,5.0,23,4,4,1,2,83,False,145
663556,2026,2026-04-19,823393,4.1,21,5,0,0,4,90,False,134
663556,2026,2026-04-25,822989,5.0,21,7,2,0,0,86,True,142
663556,2026,2026-05-01,822990,6.0,20,5,0,0,0,73,True,137
663556,2026,2026-05-06,822985,5.2,20,4,1,0,0,69,True,141
663556,2026,2026-05-12,822817,5.0,18,7,1,0,0,80,False,141
663556,2026,2026-05-18,822980,5.0,23,6,2,1,4,90,True,110
663556,2026,2026-05-25,824838,5.1,21,3,2,0,0,84,False,110
663556,2026,2026-05-31,822976,5.0,19,3,0,0,1,70,True,108
663556,2026,2026-06-06,823859,5.0,25,6,2,1,4,81,False,146
663556,2026,2026-06-12,824020,4.0,21,7,1,0,4,74,False,108
663556,2026,2026-06-17,823940,3.2,19,3,5,0,2,83,False,119
663556,2026,2026-06-23,822963,6.0,25,4,1,3,2,75,True,118
663556,2026,2026-07-01,824094,6.0,20,4,0,0,0,69,False,118
663556,2026,2026-07-08,822957,6.1,22,5,0,0,0,85,True,147
663556,2026,2026-07-19,824739,5.0,24,3,3,1,5,87,False,111
663556,2026,2026-07-24,822952,5.0,19,3,2,0,1,71,True,114
663556,2026,2026-07-30,822946,3.0,12,3,2,0,1,49,True,140
663556,2026,2026-08-17,822939,3.1,14,3,0,1,3,57,True,110
663556,2026,2026-08-22,824798,5.0,20,5,1,0,0,74,False,110
663776,2026,2026-07-09,824577,4.1,19,5,1,0,1,65,False,145
663776,2026,2026-07-18,824738,5.0,23,5,1,1,4,76,True,139
663776,2026,2026-07-24,824733,4.2,22,3,2,0,0,84,True,141
663776,2026,2026-07-29,824973,5.0,22,7,2,2,2,92,False,133
663776,2026,2026-08-04,824731,5.0,23,5,4,0,2,89,True,145
663776,2026,2026-08-11,822778,6.0,27,4,3,0,2,84,False,141
663776,2026,2026-08-16,823344,4.0,24,6,3,0,7,89,False,134
663776,2026,2026-08-22,824718,5.2,24,6,2,2,2,93,True,137
669373,2026,2026-03-26,823325,6.0,22,6,0,0,0,74,False,135
669373,2026,2026-04-01,825106,7.0,25,3,0,1,1,87,False,109
669373,2026,2026-04-07,823727,4.2,24,7,2,0,4,95,False,142
669373,2026,2026-04-12,824293,6.2,24,7,2,0,1,96,True,146
669373,2026,2026-04-18,824775,6.0,23,10,2,0,1,89,False,111
669373,2026,2026-04-23,824288,6.0,24,5,0,0,4,94,True,158
669373,2026,2026-04-29,824930,7.0,24,7,0,1,2,91,False,144
669373,2026,2026-06-13,824426,4.2,21,4,1,1,2,80,False,114
669373,2026,2026-06-19,824264,5.2,25,8,1,2,3,94,True,145
669373,2026,2026-06-24,824259,6.0,22,9,0,3,4,85,True,147
669373,2026,2026-06-30,823528,6.0,20,9,0,1,1,87,False,147
669373,2026,2026-07-07,824254,5.0,22,9,2,1,1,96,True,133
669373,2026,2026-07-12,824250,5.0,21,5,1,0,2,93,True,143
669373,2026,2026-07-18,824008,7.0,24,9,0,0,0,87,False,108
669373,2026,2026-07-24,824248,7.1,28,12,2,0,1,91,True,118
669373,2026,2026-07-29,824242,6.2,25,6,1,0,3,92,True,110
669373,2026,2026-08-04,824645,6.0,24,6,2,1,2,85,False,112
669373,2026,2026-08-10,823918,5.0,21,6,2,1,3,95,True,118
669373,2026,2026-08-16,823912,6.0,27,7,2,0,1,109,True,158
669373,2026,2026-08-22,823910,7.0,27,11,1,0,3,106,True,134
681035,2026,2026-04-23,823639,1.1,10,1,5,0,1,43,True,142
681035,2026,2026-05-01,824041,5.0,19,8,0,1,2,74,False,108
681035,2026,2026-05-07,824362,4.2,19,6,2,0,1,82,False,115
681035,2026,2026-05-13,823631,4.2,22,5,2,0,2,89,True,116
681035,2026,2026-05-18,822734,4.0,20,5,3,0,3,81,False,120
681035,2026,2026-05-24,823861,5.2,24,5,2,0,0,94,False,146
681035,2026,2026-05-30,823622,5.0,21,8,2,0,1,96,True,146
681035,2026,2026-06-05,823293,5.2,21,3,2,0,0,98,False,135
681035,2026,2026-06-11,823619,4.2,22,6,1,3,4,88,True,138
681035,2026,2026-06-27,823609,4.1,18,6,2,1,2,82,True,143
681035,2026,2026-07-03,824904,4.0,18,7,4,2,3,82,False,144
681035,2026,2026-07-08,823605,5.0,19,5,1,0,0,90,True,118
681035,2026,2026-07-16,823440,5.2,20,7,0,0,0,79,False,143
681035,2026,2026-07-22,823761,3.2,18,6,3,0,3,89,False,158
681035,2026,2026-07-29,823598,6.0,24,7,1,0,1,98,True,144
681035,2026,2026-08-05,824402,5.0,24,7,2,0,3,96,False,114
681035,2026,2026-08-10,824887,4.0,21,6,1,0,4,82,False,144
681035,2026,2026-08-16,823590,6.1,27,7,2,1,3,90,True,120
681035,2026,2026-08-22,824560,4.2,23,6,4,2,4,94,False,145
682052,2026,2026-03-30,824943,4.0,22,0,5,0,3,91,False,144
682052,2026,2026-04-05,825025,4.1,21,6,5,1,3,92,True,117
682052,2026,2026-04-11,823644,5.0,25,5,3,2,5,96,False,121
682052,2026,2026-04-16,825023,5.0,22,5,4,0,2,85,True,140
682052,2026,2026-04-21,823148,5.1,24,1,2,1,2,86,False,136
682052,2026,2026-05-02,825014,5.1,25,5,1,2,6,96,True,114
682052,2026,2026-05-08,824846,5.1,21,5,2,2,2,91,False,110
682052,2026,2026-05-14,825008,5.0,23,2,3,2,2,86,True,138
682052,2026,2026-05-19,824033,3.2,21,2,3,1,4,83,False,108
682052,2026,2026-05-31,825001,2.0,13,3,2,0,7,56,True,147
682052,2026,2026-07-10,824575,1.2,5,1,0,0,0,12,False,145
682052,2026,2026-07-19,824978,4.1,19,6,2,0,2,84,True,120
682052,2026,2026-07-24,823680,5.0,21,4,4,0,0,91,False,142
682052,2026,2026-07-29,824973,5.1,24,8,2,1,1,97,True,111
682052,2026,2026-08-05,824482,5.0,19,9,1,1,2,87,False,113
682052,2026,2026-08-10,824969,7.0,27,5,1,1,2,93,True,139
682052,2026,2026-08-16,824965,6.0,24,6,2,1,2,93,True,140
682052,2026,2026-08-22,824151,6.0,23,9,1,0,1,91,False,117
683003,2026,2026-05-29,823377,4.1,21,6,2,2,5,77,True,142
683003,2026,2026-06-04,824185,5.0,21,4,2,0,0,74,False,117
683003,2026,2026-06-10,823372,4.0,16,4,1,0,2,75,True,119
683003,2026,2026-06-15,824993,4.0,20,4,1,2,5,75,False,133
683003,2026,2026-06-21,824343,3.0,12,3,2,0,1,45,False,115
683003,2026,2026-06-27,823364,4.2,20,4,1,1,3,81,True,113
683003,2026,2026-07-02,823442,4.0,16,6,2,0,1,73,False,143
683003,2026,2026-07-08,823360,6.0,18,8,0,0,0,77,True,144
683003,2026,2026-07-18,824414,5.0,19,9,1,0,1,74,False,114
683003,2026,2026-07-24,823352,6.0,21,5,1,1,1,83,True,112
683003,2026,2026-07-29,823351,6.0,24,5,2,1,3,77,True,109
683003,2026,2026-08-04,823756,4.0,21,4,1,2,3,83,False,158
683003,2026,2026-08-09,823345,3.0,20,3,3,1,8,69,True,121
683003,2026,2026-08-15,823347,5.0,20,7,2,1,1,85,True,111
683003,2026,2026-08-22,823910,4.0,20,5,5,0,2,87,False,119
687064,2026,2026-04-06,824619,5.0,18,2,2,0,0,66,False,145
687064,2026,2026-04-24,824854,5.2,25,5,1,1,3,93,True,111
687064,2026,2026-04-30,824850,4.0,25,2,2,2,4,82,True,117
687064,2026,2026-05-06,823872,6.0,25,5,3,0,3,93,False,146
687064,2026,2026-05-11,824844,5.1,22,5,3,1,2,97,True,147
687064,2026,2026-05-17,822738,3.2,19,3,3,1,2,70,False,120
687064,2026,2026-05-24,824839,6.2,28,4,2,0,0,105,True,116
687064,2026,2026-05-30,824833,6.2,27,7,1,0,2,86,True,141
687064,2026,2026-06-05,822810,6.1,25,4,0,1,3,85,False,141
687064,2026,2026-06-10,824831,7.0,25,5,2,0,0,88,True,136
687064,2026,2026-06-16,823128,6.0,26,2,4,0,3,92,False,136
687064,2026,2026-06-21,823934,5.0,22,5,2,0,1,95,False,119
687064,2026,2026-06-27,824825,5.0,24,8,2,1,2,93,True,120
687064,2026,2026-07-04,824499,5.0,25,5,3,0,4,102,False,113
687064,2026,2026-07-10,824817,7.0,27,5,1,2,3,85,True,118
687064,2026,2026-07-19,824168,7.0,27,7,1,0,1,95,False,117
687064,2026,2026-07-25,824811,6.1,25,6,2,0,1,94,True,144
687064,2026,2026-07-31,824809,5.2,24,5,2,2,4,94,True,143
687064,2026,2026-08-06,824804,4.1,20,4,2,1,3,98,True,108
687064,2026,2026-08-11,823673,6.0,28,4,3,0,1,104,False,142
687064,2026,2026-08-17,822939,4.0,20,3,1,3,4,82,False,139
687064,2026,2026-08-22,824798,5.2,22,3,3,1,2,84,True,139
691725,2026,2026-03-31,823485,5.1,21,8,1,0,1,84,True,120
691725,2026,2026-04-06,823237,4.0,21,1,1,0,4,90,False,137
691725,2026,2026-04-19,823475,4.0,19,4,1,1,3,84,True,144
691725,2026,2026-04-24,824932,5.2,28,1,2,1,5,96,False,144
691725,2026,2026-05-02,823876,5.0,25,7,3,1,3,99,False,146
691725,2026,2026-05-07,823467,3.2,20,2,3,3,8,88,True,133
691725,2026,2026-05-13,824763,5.0,19,4,0,1,1,62,False,111
691725,2026,2026-05-18,823465,6.0,22,3,2,0,2,69,True,113
691725,2026,2026-05-24,823459,6.1,24,3,2,0,2,82,True,114
691725,2026,2026-05-31,823944,3.1,18,3,1,2,4,80,False,119
691725,2026,2026-06-06,823454,4.2,25,4,2,2,6,93,True,145
691725,2026,2026-06-17,823450,2.0,14,3,2,2,6,56,True,146
691725,2026,2026-07-31,824809,6.0,23,6,3,1,2,82,False,110
691725,2026,2026-08-05,823429,4.0,17,4,1,0,1,63,True,120
691725,2026,2026-08-10,823018,5.1,21,6,3,0,2,93,False,138
691725,2026,2026-08-16,823670,5.0,23,2,3,2,5,94,False,142
691725,2026,2026-08-22,823422,7.0,27,8,0,0,1,103,True,138
694918,2026,2026-08-04,822865,5.0,22,3,1,0,2,100,False,140
694918,2026,2026-08-10,823189,5.2,22,6,1,0,1,96,True,117
694918,2026,2026-08-16,823182,4.1,19,1,5,1,6,63,True,115
694918,2026,2026-08-22,824718,5.2,21,7,2,0,0,93,False,111
696270,2026,2026-03-30,824702,3.1,21,2,4,1,6,80,False,112
696270,2026,2026-06-18,824989,5.0,25,2,1,2,5,89,False,133
696270,2026,2026-06-23,824017,6.0,19,8,1,0,0,90,True,110
696270,2026,2026-06-29,823121,5.0,20,3,0,1,1,81,False,136
696270,2026,2026-07-05,824010,4.0,20,6,1,2,2,87,True,111
696270,2026,2026-07-11,823682,5.0,18,1,3,1,3,75,False,142
696270,2026,2026-07-19,824007,5.0,20,5,3,1,1,91,True,116
696270,2026,2026-07-25,823197,3.1,20,4,1,1,8,69,False,137
696270,2026,2026-07-31,823999,4.1,22,3,3,1,5,88,True,158
696270,2026,2026-08-06,824804,4.2,20,1,5,1,1,78,False,110
696270,2026,2026-08-11,823997,4.1,18,5,2,1,1,84,True,140
696270,2026,2026-08-16,823991,5.1,22,4,2,2,2,85,True,118
696270,2026,2026-08-22,822858,7.0,24,3,2,0,0,88,False,140
701656,2026,2026-04-04,824134,2.0,9,3,1,0,2,35,False,118
701656,2026,2026-05-03,822742,6.0,21,8,0,0,2,76,False,120
701656,2026,2026-05-10,823793,5.0,19,5,1,1,2,74,True,147
701656,2026,2026-05-16,823706,5.0,22,7,1,1,1,84,False,142
701656,2026,2026-05-22,823788,5.0,19,7,3,0,0,85,True,119
701656,2026,2026-07-09,823034,5.1,21,4,1,0,3,76,False,138
701656,2026,2026-07-17,823766,5.0,17,4,0,1,1,73,True,146
701656,2026,2026-07-22,823761,5.0,20,9,0,2,2,80,True,121
701656,2026,2026-07-28,823193,5.2,21,7,2,0,0,93,False,137
701656,2026,2026-08-04,823756,6.0,23,8,1,2,2,83,True,134
701656,2026,2026-08-10,823265,6.1,24,7,1,2,3,91,False,135
701656,2026,2026-08-16,823912,7.0,24,6,1,1,1,93,False,119
701656,2026,2026-08-22,823743,6.0,24,4,2,0,1,100,True,144
543037,2026,2026-05-22,823546,6.0,22,2,3,0,0,72,True,139
543037,2026,2026-05-27,824104,6.2,23,10,0,0,0,79,False,118
543037,2026,2026-06-03,823540,5.1,23,2,1,3,4,83,True,114
543037,2026,2026-06-09,824429,4.0,21,4,2,0,2,83,False,114
543037,2026,2026-06-16,823535,6.0,23,6,2,1,2,90,True,145
543037,2026,2026-06-22,824261,4.1,24,5,1,1,5,89,False,116
543037,2026,2026-06-27,824745,5.1,24,5,1,2,4,89,False,111
543037,2026,2026-07-03,823527,5.0,20,7,0,1,2,88,True,142
543037,2026,2026-07-08,822957,6.1,27,6,1,0,3,97,False,139
543037,2026,2026-07-17,823524,6.0,23,8,1,1,2,103,True,119
543037,2026,2026-07-22,823518,7.0,25,11,0,2,3,93,True,134
543037,2026,2026-07-28,824569,6.0,24,7,2,0,0,99,False,145
543037,2026,2026-08-02,824648,5.2,23,5,3,0,1,99,False,112
543037,2026,2026-08-08,823514,7.0,27,9,0,0,2,82,True,144
543037,2026,2026-08-14,822777,6.0,24,5,2,0,1,87,False,141
543037,2026,2026-08-20,824802,6.0,23,8,1,1,1,93,False,110
543037,2026,2026-08-27,823503,6.0,26,5,1,1,3,79,True,117
571510,2026,2026-03-26,824704,3.2,17,7,1,1,6,63,True,120
571510,2026,2026-04-01,824698,5.2,20,10,2,0,1,98,True,108
571510,2026,2026-04-22,824688,4.2,19,5,0,0,2,84,True,143
571510,2026,2026-04-27,823311,4.0,22,4,2,0,5,91,False,135
571510,2026,2026-05-03,824687,6.0,22,5,1,1,2,94,True,109
571510,2026,2026-06-25,823612,4.2,21,4,4,0,0,76,False,121
571510,2026,2026-06-30,824661,5.0,24,2,0,2,3,76,True,135
571510,2026,2026-07-07,824820,6.0,23,7,2,0,0,93,False,110
571510,2026,2026-07-12,824491,6.1,28,3,1,1,4,92,False,113
571510,2026,2026-07-18,824657,6.0,21,4,1,1,1,91,True,142
571510,2026,2026-07-24,823352,7.0,29,4,3,0,1,97,False,134
571510,2026,2026-07-29,823022,7.0,28,5,2,0,0,89,False,138
571510,2026,2026-08-03,824647,6.2,28,3,1,2,4,92,True,119
571510,2026,2026-08-09,824078,7.0,27,3,3,1,2,98,False,118
571510,2026,2026-08-15,824644,5.1,25,2,3,4,7,97,True,138
571510,2026,2026-08-21,823101,6.0,27,3,2,1,4,86,False,136
571510,2026,2026-08-26,825039,6.0,20,5,2,1,1,94,False,109
593958,2026,2026-03-28,823973,5.0,20,5,2,0,0,79,False,119
593958,2026,2026-04-03,825103,7.0,26,3,1,0,0,90,True,144
593958,2026,2026-04-09,823645,6.0,25,3,2,1,1,102,False,121
593958,2026,2026-04-15,824855,5.0,25,3,4,1,4,98,False,110
593958,2026,2026-04-22,825097,5.0,24,4,3,2,4,96,True,145
593958,2026,2026-04-29,823796,4.2,23,4,4,0,2,87,False,158
593958,2026,2026-05-05,825092,7.0,26,7,3,0,0,103,True,134
593958,2026,2026-05-10,825085,8.1,31,4,3,0,1,100,True,121
593958,2026,2026-05-16,824359,5.1,23,6,0,0,3,91,False,115
593958,2026,2026-05-21,825083,7.0,24,4,1,0,0,99,True,115
593958,2026,2026-05-26,823216,6.0,25,6,2,1,2,94,False,137
593958,2026,2026-06-01,825078,6.0,24,3,1,0,1,96,True,119
593958,2026,2026-06-06,825075,6.1,25,5,1,2,4,92,True,120
593958,2026,2026-06-12,824507,2.2,15,3,5,1,1,85,False,113
593958,2026,2026-06-17,825072,7.0,27,5,3,1,1,100,True,108
593958,2026,2026-06-23,823043,6.2,25,5,3,0,0,95,False,138
593958,2026,2026-06-29,825065,7.0,26,1,0,0,1,91,True,137
593958,2026,2026-07-05,825061,6.0,23,3,0,1,2,102,True,158
593958,2026,2026-07-10,823927,6.0,25,5,1,2,2,87,False,119
593958,2026,2026-07-19,825057,2.2,16,3,2,0,5,68,True,138
593958,2026,2026-07-24,822707,6.0,27,4,3,1,2,98,False,120
593958,2026,2026-07-29,823351,8.0,28,2,1,0,0,105,False,134
593958,2026,2026-08-04,825054,5.2,29,4,0,0,5,102,True,135
593958,2026,2026-08-09,825050,7.0,28,9,2,0,2,115,True,119
593958,2026,2026-08-15,824884,6.0,23,5,0,1,2,96,False,144
593958,2026,2026-08-21,825045,5.2,22,4,2,0,0,99,True,113
593958,2026,2026-08-26,825039,7.0,26,9,3,0,0,104,True,112
641778,2026,2026-03-29,822837,5.1,20,9,1,1,2,87,True,133
641778,2026,2026-04-05,824620,2.0,12,0,3,0,2,49,False,145
641778,2026,2026-04-11,822830,5.1,25,3,5,2,7,95,True,142
641778,2026,2026-04-22,824044,5.0,24,3,2,2,3,79,False,108
641778,2026,2026-04-29,822821,4.1,19,1,1,1,1,68,True,111
641778,2026,2026-05-04,822984,4.1,19,2,1,1,3,61,False,139
641778,2026,2026-05-26,823949,6.0,22,4,1,1,1,96,True,115
641778,2026,2026-06-02,825079,4.2,20,1,1,1,2,70,False,109
641778,2026,2026-06-09,823374,5.2,20,5,0,2,2,89,False,134
641778,2026,2026-06-15,823938,6.0,26,4,3,1,3,93,True,139
641778,2026,2026-06-29,824986,6.0,28,2,1,1,3,95,False,133
641778,2026,2026-07-06,823930,6.0,26,3,2,1,3,99,True,115
641778,2026,2026-07-22,823438,5.1,21,5,1,2,3,91,False,143
641778,2026,2026-07-29,823924,6.0,20,4,1,0,0,87,True,136
641778,2026,2026-08-05,824646,4.0,23,1,0,2,6,95,False,112
641778,2026,2026-08-12,823916,6.1,27,6,2,0,1,112,True,118
641778,2026,2026-08-18,824319,5.0,22,6,1,1,4,87,False,115
663969,2026,2026-05-24,823861,3.2,16,4,2,0,0,59,True,121
663969,2026,2026-05-30,823622,5.0,21,2,1,0,3,72,False,121
663969,2026,2026-06-11,823855,5.0,18,5,2,0,0,70,True,109
663969,2026,2026-06-16,823451,4.0,21,4,3,3,8,79,False,143
663969,2026,2026-06-22,823851,6.0,24,4,3,1,2,89,True,140
663969,2026,2026-06-28,823037,7.1,27,1,0,1,2,97,False,138
663969,2026,2026-07-03,824982,3.1,18,2,2,1,5,71,False,133
663969,2026,2026-07-08,823848,5.0,21,3,2,0,0,71,True,136
663969,2026,2026-07-12,823842,1.0,6,1,1,0,2,26,True,114
663969,2026,2026-07-21,824165,4.1,18,2,1,1,2,68,False,117
663969,2026,2026-07-27,823839,5.0,20,5,2,1,2,76,True,143
663969,2026,2026-08-01,823594,5.0,21,3,0,1,2,65,False,121
663969,2026,2026-08-07,823836,4.0,18,4,1,1,1,61,True,108
663969,2026,2026-08-13,823829,5.1,23,6,1,1,4,92,True,134
663969,2026,2026-08-25,823826,4.2,20,7,3,1,1,84,True,111
666200,2026,2026-03-29,823487,6.0,25,7,1,2,6,99,True,140
666200,2026,2026-04-04,824378,6.2,24,11,0,0,1,99,False,115
666200,2026,2026-04-10,823482,4.2,22,8,3,0,5,86,True,109
666200,2026,2026-04-15,823477,5.1,27,4,1,1,8,98,True,112
666200,2026,2026-04-21,824690,4.2,24,3,4,0,1,100,False,112
666200,2026,2026-04-28,823473,7.0,23,8,0,0,0,88,True,137
666200,2026,2026-05-03,823875,6.1,27,10,0,1,2,102,False,146
666200,2026,2026-05-08,823466,3.0,18,6,3,1,5,95,True,115
666200,2026,2026-05-14,824762,6.0,23,4,1,0,0,92,False,111
666200,2026,2026-05-19,823464,6.0,23,5,2,0,2,95,True,113
666200,2026,2026-05-25,823296,6.0,24,6,2,0,0,104,False,135
666200,2026,2026-05-30,823945,5.1,25,6,2,0,2,95,False,119
666200,2026,2026-06-05,823455,6.0,27,2,2,3,5,90,True,145
666200,2026,2026-06-10,822804,5.2,24,8,4,0,1,96,False,141
666200,2026,2026-06-16,823451,7.0,28,9,2,1,2,106,True,146
666200,2026,2026-06-23,822718,6.2,28,13,3,0,1,104,False,120
666200,2026,2026-06-28,823608,5.0,22,6,3,0,1,96,False,121
666200,2026,2026-07-04,824092,6.0,23,9,0,0,1,95,False,118
666200,2026,2026-07-09,824494,7.0,26,11,2,0,0,96,False,113
666200,2026,2026-07-18,823441,5.0,20,7,2,1,1,90,True,121
666200,2026,2026-07-24,823434,7.0,26,9,1,1,1,105,True,147
666200,2026,2026-07-29,823837,6.1,28,5,3,1,6,100,False,146
666200,2026,2026-08-04,823432,8.0,29,7,2,0,0,98,True,120
666200,2026,2026-08-09,823425,7.0,27,12,1,0,2,100,True,141
666200,2026,2026-08-15,823671,6.2,28,9,2,0,1,109,False,142
666200,2026,2026-08-21,823420,5.2,24,9,1,2,2,110,True,138
666200,2026,2026-08-26,823096,7.0,25,9,3,0,0,104,False,136
669022,2026,2026-03-29,823487,5.1,22,7,3,0,2,90,False,143
669022,2026,2026-04-03,822919,6.0,24,9,0,2,3,88,True,113
669022,2026,2026-04-08,822915,5.0,17,9,2,0,0,82,True,136
669022,2026,2026-04-14,825022,4.2,22,5,6,0,2,94,False,133
669022,2026,2026-04-19,823150,5.0,23,5,1,3,5,90,False,136
669022,2026,2026-04-25,822910,5.0,25,7,3,0,3,106,True,133
669022,2026,2026-05-01,824287,3.2,18,3,3,0,3,94,False,116
669022,2026,2026-05-07,823551,5.1,25,3,3,0,5,96,False,147
669022,2026,2026-05-12,822903,8.0,28,5,1,1,1,95,True,109
669022,2026,2026-05-18,824357,1.0,8,2,2,0,2,28,False,115
669022,2026,2026-05-24,824028,6.0,21,7,2,0,1,99,False,108
669022,2026,2026-05-29,822894,6.1,24,3,1,0,0,99,True,118
669022,2026,2026-06-03,823051,4.2,26,5,3,0,4,100,False,138
669022,2026,2026-06-10,824103,5.0,26,6,3,0,2,87,False,118
669022,2026,2026-06-15,822887,7.0,27,10,2,2,4,102,True,142
669022,2026,2026-06-20,822885,6.0,23,6,2,0,1,95,True,135
669022,2026,2026-06-25,822797,7.0,25,5,1,0,3,98,False,141
669022,2026,2026-07-01,824419,5.0,24,7,1,1,5,92,False,114
669022,2026,2026-07-08,822880,5.0,25,7,1,2,7,90,True,108
669022,2026,2026-07-12,822876,4.0,15,4,1,1,1,65,True,117
669022,2026,2026-07-18,824899,5.2,27,7,1,2,5,87,False,144
669022,2026,2026-07-24,822872,5.0,23,5,2,0,3,96,True,136
669022,2026,2026-07-29,822947,7.0,25,9,0,2,3,95,False,139
669022,2026,2026-08-04,822865,6.0,24,4,3,0,0,99,True,137
669022,2026,2026-08-10,823998,5.1,23,9,2,1,1,103,False,108
669022,2026,2026-08-15,824966,5.2,27,5,2,1,3,99,False,133
669022,2026,2026-08-21,822857,6.0,22,7,1,0,0,100,True,108
669022,2026,2026-08-26,824555,3.2,20,4,4,0,4,83,False,145
669620,2026,2026-07-25,823679,2.1,10,3,1,0,0,36,False,142
669620,2026,2026-08-18,824075,2.1,9,1,0,0,0,32,False,118
669620,2026,2026-08-23,824150,1.0,7,0,0,1,3,22,False,117
669854,2026,2026-07-20,824167,4.2,19,8,3,2,4,86,True,146
669854,2026,2026-07-26,824572,5.1,22,4,3,2,5,85,False,145
669854,2026,2026-08-01,824162,4.2,21,4,2,1,3,82,True,140
669854,2026,2026-08-07,823266,4.2,19,1,3,1,3,78,False,135
680570,2026,2026-05-17,824034,3.2,21,4,4,0,7,79,True,119
680570,2026,2026-05-22,824029,5.2,25,5,2,1,4,97,True,140
680570,2026,2026-05-28,824272,5.0,19,5,2,1,1,88,False,116
680570,2026,2026-06-02,824026,3.2,21,3,3,2,7,91,True,115
680570,2026,2026-06-08,824025,5.1,25,6,2,0,2,92,True,117
680570,2026,2026-06-14,824021,2.1,12,1,2,0,2,47,True,139
680570,2026,2026-07-10,823685,5.1,23,0,1,0,3,79,False,142
680570,2026,2026-07-18,824008,4.0,22,3,1,1,6,87,True,116
680570,2026,2026-07-24,823196,4.0,18,3,2,2,5,80,False,137
680570,2026,2026-07-29,824002,5.0,22,6,2,2,2,98,True,117
680570,2026,2026-08-04,824805,7.0,26,6,1,0,2,98,False,110
680570,2026,2026-08-09,823835,4.0,20,8,4,0,3,83,False,146
680570,2026,2026-08-14,823993,4.0,17,5,2,1,3,89,True,118
680570,2026,2026-08-20,824153,7.0,27,6,2,0,0,99,False,117
680570,2026,2026-08-26,823988,5.2,24,4,1,0,1,92,True,114
680732,2026,2026-03-28,823811,4.0,20,5,1,0,3,91,False,158
680732,2026,2026-04-08,824617,5.0,20,3,2,0,2,92,True,110
680732,2026,2026-04-15,824615,5.1,25,2,3,2,4,92,True,139
680732,2026,2026-04-21,825099,6.0,22,3,1,1,2,101,False,109
680732,2026,2026-05-02,823308,6.0,23,8,1,0,0,88,False,135
680732,2026,2026-05-08,824607,4.1,23,4,2,2,6,74,True,136
680732,2026,2026-05-15,824601,4.1,23,5,1,0,4,91,True,112
680732,2026,2026-05-20,823134,4.2,22,5,3,0,2,83,False,136
680732,2026,2026-05-26,824597,7.0,25,8,2,0,2,100,True,142
680732,2026,2026-05-31,824592,5.1,21,6,2,0,1,93,True,116
680732,2026,2026-06-13,824587,4.0,22,6,5,2,4,92,True,119
680732,2026,2026-06-23,824584,6.1,26,6,1,1,1,90,True,114
680732,2026,2026-06-29,824822,5.1,23,8,3,0,2,89,False,110
680732,2026,2026-07-04,824415,6.0,24,11,0,1,1,95,False,114
680732,2026,2026-07-10,824575,7.0,24,9,0,1,1,98,True,133
680732,2026,2026-07-19,822786,6.2,23,5,1,0,0,98,False,141
680732,2026,2026-07-25,824571,6.0,24,10,1,0,2,102,True,117
680732,2026,2026-07-30,824568,6.0,23,10,2,0,0,91,True,147
680732,2026,2026-08-05,824728,4.1,20,4,2,1,2,91,False,111
680732,2026,2026-08-11,824563,7.0,25,8,0,1,1,94,True,113
680732,2026,2026-08-16,824236,4.1,21,2,3,1,4,72,False,116
680732,2026,2026-08-21,824559,6.0,25,4,0,1,4,98,True,121
680732,2026,2026-08-26,824555,3.0,17,3,8,1,2,92,True,140
681190,2026,2026-03-28,823323,6.0,23,8,3,0,0,91,True,116
681190,2026,2026-04-04,824782,6.0,23,3,1,0,1,83,False,111
681190,2026,2026-04-09,823319,5.2,23,8,0,1,1,92,True,115
681190,2026,2026-04-15,823314,4.0,21,6,4,0,4,85,True,136
681190,2026,2026-04-21,824369,7.0,24,5,0,0,0,84,False,115
681190,2026,2026-04-27,823311,5.0,23,4,3,2,5,106,True,112
681190,2026,2026-05-04,823228,5.2,24,2,2,1,3,88,False,137
681190,2026,2026-05-09,823304,5.0,20,6,0,0,1,94,True,138
681190,2026,2026-05-15,823140,6.0,22,3,0,0,0,79,False,136
681190,2026,2026-05-20,823299,4.1,21,0,3,1,3,74,True,119
681190,2026,2026-05-26,823294,5.2,25,2,1,3,4,99,True,143
681190,2026,2026-06-02,823460,5.0,20,3,1,1,2,80,False,143
681190,2026,2026-06-07,823291,4.0,22,3,2,1,4,75,True,121
681190,2026,2026-06-13,824828,5.0,22,5,2,1,2,100,False,110
681190,2026,2026-06-19,822886,3.1,21,1,3,0,6,72,False,140
681190,2026,2026-07-02,823935,3.0,16,0,1,1,4,50,False,119
681190,2026,2026-07-25,823841,2.2,10,0,2,0,1,37,False,146
681190,2026,2026-08-04,825054,6.0,20,1,1,0,0,80,False,109
681190,2026,2026-08-09,823268,5.0,17,1,0,1,2,62,True,117
681190,2026,2026-08-21,823262,7.0,24,3,0,0,2,87,True,142
681190,2026,2026-08-26,823255,5.0,18,2,2,0,0,68,True,134
687312,2026,2026-07-08,823928,6.0,24,7,2,0,3,94,False,119
687312,2026,2026-07-17,824332,5.1,21,6,2,0,2,82,True,113
687312,2026,2026-07-22,824327,5.0,21,5,1,0,1,88,True,120
687312,2026,2026-07-29,823273,5.0,22,2,1,0,3,76,False,135
687312,2026,2026-08-04,824321,5.1,22,7,2,1,5,77,True,139
687312,2026,2026-08-10,825048,4.0,22,3,3,1,7,88,False,109
687312,2026,2026-08-16,823182,4.0,21,2,1,1,7,81,False,137
687312,2026,2026-08-22,824316,5.0,21,2,2,1,3,86,True,114
687312,2026,2026-08-27,822694,5.0,26,3,4,1,4,95,False,120
693686,2026,2026-05-10,822819,3.0,11,2,0,0,0,38,True,108
693686,2026,2026-05-31,824832,3.0,17,2,3,1,6,70,False,110
693686,2026,2026-07-07,823203,4.0,18,1,0,0,2,55,False,137
693686,2026,2026-07-17,822789,4.0,18,4,0,1,6,60,True,145
693686,2026,2026-08-26,822772,2.0,8,1,0,0,0,33,True,118
700241,2026,2026-03-28,823082,6.0,21,5,2,0,0,96,True,139
700241,2026,2026-04-03,824299,4.2,20,4,0,1,3,75,False,116
700241,2026,2026-04-08,822753,6.0,21,1,0,0,1,91,False,120
700241,2026,2026-04-14,823072,5.0,20,2,1,2,2,87,True,114
700241,2026,2026-04-20,823879,5.2,23,3,2,1,4,80,False,146
700241,2026,2026-04-26,823068,6.0,22,6,0,1,1,98,True,136
700241,2026,2026-05-02,823067,6.0,20,3,3,0,0,88,True,119
700241,2026,2026-05-08,823303,6.0,21,9,2,0,0,94,False,135
700241,2026,2026-05-14,825008,6.0,23,3,1,1,1,74,False,133
700241,2026,2026-05-20,823057,5.0,26,1,1,1,3,91,True,134
700241,2026,2026-05-26,823785,4.0,22,6,3,1,5,89,False,158
700241,2026,2026-06-01,823050,6.0,23,1,2,0,2,87,True,140
700241,2026,2026-06-07,823047,6.0,23,5,0,2,2,83,True,113
700241,2026,2026-06-14,823693,6.0,25,2,2,1,2,89,False,142
700241,2026,2026-06-19,824097,5.0,23,2,1,1,5,95,False,118
700241,2026,2026-06-26,823039,6.0,22,4,1,0,0,94,True,146
700241,2026,2026-07-01,824905,6.0,22,3,1,1,2,87,False,144
700241,2026,2026-07-08,823032,6.1,24,6,1,0,1,90,True,158
700241,2026,2026-07-17,825060,6.1,26,5,1,1,1,94,False,109
700241,2026,2026-07-23,823042,6.1,27,3,3,1,4,95,True,109
700241,2026,2026-07-28,823026,1.2,15,2,2,0,7,63,True,112
700241,2026,2026-08-03,823520,4.1,18,5,1,1,2,91,False,147
700241,2026,2026-08-09,823020,5.2,26,4,2,1,3,102,True,115
700241,2026,2026-08-15,824644,6.0,25,6,2,1,0,102,False,112
700241,2026,2026-08-20,824474,5.1,20,4,2,0,3,90,False,113
700241,2026,2026-08-26,823015,5.0,28,3,2,2,7,84,True,110
700363,2026,2026-07-29,823596,4.1,19,4,2,0,2,69,False,121
700363,2026,2026-08-19,823664,4.1,21,3,3,0,4,75,False,142
700363,2026,2026-08-26,824878,5.0,23,3,3,1,3,90,True,119
702193,2026,2026-05-10,824440,1.0,3,0,0,0,0,6,False,114
702193,2026,2026-06-04,823698,2.0,12,2,1,0,2,48,True,118
640455,2026,2026-06-13,823616,6.0,22,6,0,1,2,84,True,144
640455,2026,2026-06-18,823448,5.1,23,5,1,0,2,95,False,143
640455,2026,2026-06-24,823611,3.0,19,4,2,0,3,86,True,112
640455,2026,2026-06-29,822792,5.2,23,4,2,0,2,90,False,141
640455,2026,2026-07-04,824903,5.0,24,4,1,2,3,108,False,144
640455,2026,2026-07-09,823606,7.0,26,6,1,2,2,97,True,118
640455,2026,2026-07-18,823441,4.2,24,7,2,2,4,99,False,143
640455,2026,2026-07-24,823601,6.0,24,3,2,0,1,84,True,119
640455,2026,2026-07-29,823596,6.0,24,4,2,1,2,89,True,144
640455,2026,2026-08-04,824403,6.0,28,7,5,0,2,100,False,114
640455,2026,2026-08-09,823345,7.0,25,11,0,1,1,91,False,134
640455,2026,2026-08-15,823588,6.1,27,7,2,2,4,93,True,120
640455,2026,2026-08-21,824559,6.0,25,4,2,3,4,93,False,145
640455,2026,2026-08-27,823581,5.2,27,3,1,1,6,95,True,158
640455,2026,2026-09-01,822929,5.2,29,2,1,1,5,86,False,139
642547,2026,2026-03-26,823649,5.0,21,7,0,2,4,80,True,134
642547,2026,2026-04-01,823078,5.1,21,7,2,0,1,92,False,138
642547,2026,2026-04-07,823648,4.2,22,5,3,0,3,101,True,109
642547,2026,2026-04-12,823642,6.0,25,6,3,1,1,100,True,133
642547,2026,2026-04-18,824694,5.2,23,3,2,1,3,93,False,112
642547,2026,2026-04-24,823638,5.2,27,8,3,0,2,95,True,115
642547,2026,2026-04-30,823634,6.0,25,6,3,0,1,90,True,120
642547,2026,2026-05-06,824361,5.0,21,1,2,0,0,91,False,115
642547,2026,2026-05-12,823632,6.0,25,7,1,1,2,100,True,116
642547,2026,2026-05-17,823628,5.0,23,4,6,1,3,96,True,147
642547,2026,2026-05-23,823862,7.0,30,9,2,2,4,108,False,146
642547,2026,2026-05-29,823623,4.2,22,5,1,0,4,94,True,146
642547,2026,2026-06-03,823130,6.0,24,6,2,1,1,101,False,136
642547,2026,2026-06-09,823620,6.0,28,5,2,1,6,98,True,138
642547,2026,2026-06-14,823615,5.0,20,2,1,0,1,90,True,144
642547,2026,2026-06-20,823447,2.2,19,2,1,2,10,80,False,143
642547,2026,2026-06-25,823612,5.2,24,5,1,0,0,98,True,112
642547,2026,2026-07-01,822791,4.0,22,4,3,1,5,91,False,141
642547,2026,2026-07-06,824900,4.2,23,6,1,1,1,103,False,144
642547,2026,2026-07-11,823603,4.1,21,6,5,1,2,92,True,111
642547,2026,2026-07-20,823762,5.1,26,6,2,2,7,107,False,158
642547,2026,2026-07-26,823599,4.0,20,3,2,0,2,93,True,119
642547,2026,2026-08-04,824321,3.2,19,3,1,2,7,71,False,115
642547,2026,2026-08-10,824969,6.0,24,5,1,1,3,98,False,133
642547,2026,2026-08-16,822940,4.2,18,2,3,0,2,76,True,110
642547,2026,2026-08-21,824800,7.0,28,6,1,2,5,98,False,110
642547,2026,2026-08-26,824234,6.0,20,4,0,0,0,81,False,116
642547,2026,2026-09-01,822929,6.0,22,7,0,1,1,74,True,121
650633,2026,2026-03-27,823324,5.0,20,6,4,0,0,82,True,116
650633,2026,2026-04-03,824786,5.2,24,5,1,1,4,81,False,111
650633,2026,2026-04-08,823403,6.0,24,4,3,0,2,95,False,134
650633,2026,2026-04-14,823315,6.0,25,5,2,0,1,85,True,136
650633,2026,2026-04-19,824047,5.0,19,6,4,0,0,105,False,108
650633,2026,2026-04-26,825094,6.0,22,8,1,2,2,106,False,109
650633,2026,2026-05-02,823308,6.0,25,5,3,0,4,92,True,145
650633,2026,2026-05-07,823306,6.0,21,6,2,1,1,86,True,138
650633,2026,2026-05-13,823791,5.2,25,5,2,0,1,99,False,158
650633,2026,2026-05-18,823301,7.0,24,9,2,0,0,100,True,119
650633,2026,2026-05-24,823297,3.2,19,4,4,1,4,81,True,133
650633,2026,2026-05-30,822731,6.0,25,2,1,1,5,77,False,120
650633,2026,2026-06-05,823293,6.0,23,4,0,2,4,93,True,121
650633,2026,2026-06-10,823287,6.2,30,3,3,2,3,106,True,113
650633,2026,2026-06-16,823045,4.1,22,1,3,0,3,93,False,138
650633,2026,2026-06-22,823288,7.0,27,5,0,0,0,93,True,144
650633,2026,2026-06-28,823281,4.1,22,5,4,0,4,90,True,119
650633,2026,2026-07-03,823933,6.0,23,5,2,0,2,75,False,119
650633,2026,2026-07-08,823279,6.0,23,4,2,0,1,92,True,109
650633,2026,2026-07-17,824090,5.0,21,4,2,1,1,97,False,118
650633,2026,2026-07-22,824896,6.0,27,7,4,0,1,104,False,144
650633,2026,2026-07-28,823275,6.0,24,6,1,2,4,98,True,115
650633,2026,2026-08-03,825095,5.0,23,5,4,1,3,104,False,109
650633,2026,2026-08-08,823267,6.0,21,6,1,1,1,93,True,117
650633,2026,2026-08-14,824399,6.0,26,4,1,2,3,83,False,114
650633,2026,2026-08-19,823587,6.2,25,4,2,1,2,100,False,121
650633,2026,2026-08-25,823259,7.0,26,7,2,0,0,98,True,134
650633,2026,2026-08-31,824473,6.0,26,6,3,0,0,96,False,113
657277,2026,2026-03-25,823244,5.0,26,7,1,0,6,86,True,147
657277,2026,2026-03-31,823322,6.0,25,5,4,0,3,104,False,135
657277,2026,2026-04-05,823238,7.0,28,3,1,0,1,92,True,121
657277,2026,2026-04-11,824857,6.0,26,6,3,1,4,98,False,110
657277,2026,2026-04-17,822752,6.0,27,6,2,1,3,99,False,120
657277,2026,2026-04-23,823233,7.0,29,5,2,0,3,98,True,119
657277,2026,2026-04-30,823472,7.0,27,6,2,1,1,92,False,143
657277,2026,2026-05-05,823227,4.0,20,4,0,1,6,62,True,135
657277,2026,2026-05-29,824353,4.1,20,5,3,0,1,86,False,115
657277,2026,2026-06-03,823780,7.0,23,4,1,0,0,95,False,158
657277,2026,2026-06-08,823218,8.0,27,7,0,0,1,99,True,120
657277,2026,2026-06-14,823212,8.0,30,7,0,0,0,106,True,112
657277,2026,2026-06-21,823852,8.0,29,5,1,1,2,103,False,146
657277,2026,2026-06-27,823207,7.0,24,6,2,0,0,92,True,144
657277,2026,2026-07-03,824336,3.0,21,2,2,2,7,76,False,115
657277,2026,2026-07-08,823202,7.0,30,2,2,1,5,106,True,141
657277,2026,2026-07-18,823116,6.2,26,5,1,1,3,100,False,136
657277,2026,2026-07-24,823196,6.0,25,4,2,0,4,99,True,108
657277,2026,2026-07-29,823192,6.0,23,4,1,0,2,96,True,158
657277,2026,2026-08-03,822867,6.0,24,8,1,0,0,96,False,140
657277,2026,2026-08-09,823190,8.0,28,2,1,0,1,100,True,116
657277,2026,2026-08-15,823184,6.0,22,7,0,0,1,80,True,115
657277,2026,2026-08-21,824721,2.2,18,2,3,1,5,70,False,111
657277,2026,2026-08-26,823180,6.0,25,6,1,1,2,97,True,113
657277,2026,2026-09-01,823340,2.0,18,1,2,0,9,65,False,134
663623,2026,2026-03-29,824700,5.0,20,7,1,2,2,93,False,112
663623,2026,2026-04-04,822757,4.0,22,4,2,0,6,85,True,119
663623,2026,2026-04-10,823808,5.0,22,5,5,1,3,100,False,158
663623,2026,2026-04-15,823399,5.0,23,5,3,0,2,85,False,134
663623,2026,2026-04-20,822749,5.0,19,4,0,1,3,68,True,144
663623,2026,2026-04-25,824613,5.2,23,9,0,0,0,88,False,145
663623,2026,2026-05-01,822744,5.0,25,5,4,0,3,98,True,158
663623,2026,2026-05-07,822741,5.0,22,2,1,1,4,92,True,142
663623,2026,2026-05-13,824519,3.0,18,4,4,1,5,86,False,113
663623,2026,2026-05-18,822734,4.0,18,6,1,1,2,74,True,121
663623,2026,2026-05-23,824920,5.0,16,7,1,0,0,80,False,144
663623,2026,2026-07-30,824894,5.0,20,1,2,2,5,61,False,144
663623,2026,2026-08-05,823429,5.1,20,3,2,1,2,83,False,143
663623,2026,2026-08-11,822697,3.1,18,4,2,1,5,88,True,112
663623,2026,2026-08-16,823590,6.0,27,6,3,1,4,98,False,121
663623,2026,2026-08-22,823831,6.0,26,4,2,2,4,104,False,146
663623,2026,2026-08-27,822694,4.1,23,6,6,0,1,94,True,115
663623,2026,2026-09-01,822687,4.0,18,5,1,1,2,86,True,144
666157,2026,2026-05-08,824522,5.1,21,2,1,2,4,78,True,117
666157,2026,2026-05-13,824519,4.0,22,6,3,1,5,87,True,120
666157,2026,2026-05-18,823465,5.2,24,3,5,1,3,97,False,143
666157,2026,2026-05-25,823625,6.0,25,7,0,1,1,98,False,121
666157,2026,2026-05-31,824512,6.2,28,4,4,2,3,100,True,144
666157,2026,2026-06-06,823048,5.0,25,3,1,1,4,95,False,138
666157,2026,2026-06-12,824507,5.1,26,5,1,0,2,96,True,109
666157,2026,2026-06-17,824503,4.2,25,2,2,0,7,90,True,121
666157,2026,2026-06-23,824501,4.0,15,6,1,0,0,75,True,158
666157,2026,2026-06-29,823771,5.0,20,4,4,0,0,96,False,158
666157,2026,2026-07-05,824497,6.0,26,4,2,0,1,97,True,110
666157,2026,2026-07-11,824492,5.0,22,4,3,1,2,78,True,112
666157,2026,2026-08-11,824563,4.0,18,5,0,3,4,70,False,145
666157,2026,2026-08-16,824477,5.0,19,2,2,0,0,73,True,146
666157,2026,2026-08-21,825045,3.1,22,2,2,1,6,91,False,109
666157,2026,2026-08-26,823180,4.0,21,5,2,2,4,95,False,137
666157,2026,2026-09-01,824472,6.0,24,5,2,1,2,100,True,135
668909,2026,2026-03-27,823162,5.0,22,7,6,1,3,89,False,136
668909,2026,2026-04-01,823970,7.0,23,10,3,0,0,85,False,119
668909,2026,2026-04-07,824457,5.2,22,8,5,1,1,102,True,118
668909,2026,2026-04-13,823073,5.0,22,4,2,1,2,93,False,138
668909,2026,2026-04-18,824451,7.0,26,11,1,1,1,100,True,110
668909,2026,2026-04-24,822827,6.0,27,4,2,2,6,96,False,141
668909,2026,2026-04-29,824445,7.2,29,9,0,0,0,95,True,139
668909,2026,2026-05-05,824119,6.0,27,7,2,2,5,97,False,118
668909,2026,2026-05-10,824440,6.0,27,6,1,0,5,101,True,142
668909,2026,2026-05-17,824436,6.0,25,7,0,1,2,93,True,113
668909,2026,2026-05-22,823461,8.0,27,11,0,0,0,99,False,143
668909,2026,2026-05-27,824432,7.0,26,4,2,0,1,94,True,120
668909,2026,2026-06-03,823540,5.1,21,6,1,2,3,96,False,147
668909,2026,2026-06-08,824427,5.0,21,5,3,2,3,90,True,147
668909,2026,2026-06-17,823774,5.0,24,4,2,2,7,87,False,158
668909,2026,2026-06-22,824585,5.0,20,8,1,0,2,95,False,145
668909,2026,2026-06-28,824422,5.0,25,6,3,0,2,103,True,136
668909,2026,2026-07-03,824417,4.2,20,6,2,1,3,79,True,145
668909,2026,2026-07-09,823683,7.0,26,11,1,1,2,103,False,142
668909,2026,2026-07-18,824414,6.0,25,11,0,3,5,84,True,134
668909,2026,2026-07-23,824406,7.0,23,11,0,0,0,97,True,142
668909,2026,2026-07-28,824489,7.0,24,12,1,1,2,101,False,113
668909,2026,2026-08-02,824404,5.2,19,10,1,0,0,89,True,109
668909,2026,2026-08-08,824565,5.2,22,7,2,1,2,102,False,145
668909,2026,2026-08-14,824399,4.1,24,5,4,2,5,91,True,135
668909,2026,2026-08-20,824395,5.2,24,11,3,1,2,96,True,137
668909,2026,2026-08-25,823989,1.1,11,3,1,2,5,62,False,108
668909,2026,2026-09-01,824391,7.0,25,13,1,0,0,97,True,141
675512,2026,2026-05-24,824840,5.2,22,3,3,0,1,79,False,110
675512,2026,2026-05-29,824594,7.0,28,1,1,0,1,89,False,145
675512,2026,2026-06-03,822973,8.0,29,5,2,1,2,94,False,139
675512,2026,2026-06-09,824267,5.0,23,5,0,4,4,88,True,142
675512,2026,2026-06-20,824263,6.0,23,5,3,1,1,84,True,145
675512,2026,2026-06-25,824258,6.0,20,6,0,1,1,88,True,117
675512,2026,2026-07-01,823530,6.1,22,7,1,0,0,84,False,147
675512,2026,2026-07-08,824253,5.1,22,9,1,0,0,91,True,133
675512,2026,2026-07-17,824009,5.2,23,9,4,0,1,94,False,108
675512,2026,2026-07-23,824247,5.0,24,5,4,1,2,90,True,118
675512,2026,2026-07-28,824243,7.0,24,5,2,0,0,92,True,110
675512,2026,2026-08-04,823108,7.0,25,4,2,0,0,97,False,136
675512,2026,2026-08-09,823190,6.0,22,5,1,0,0,92,False,137
675512,2026,2026-08-15,824239,4.1,22,4,1,0,1,87,True,145
675512,2026,2026-08-21,824072,5.2,26,3,3,2,3,94,False,118
675512,2026,2026-08-26,824234,7.0,27,4,0,0,3,84,True,139
675512,2026,2026-09-01,823661,5.1,25,4,1,2,5,96,False,142
677952,2026,2026-03-30,824539,6.0,25,3,4,0,2,87,False,113
677952,2026,2026-04-05,823405,6.0,21,8,0,0,1,87,True,110
677952,2026,2026-04-11,824697,5.0,20,9,1,0,1,77,False,112
677952,2026,2026-04-16,823396,5.2,25,7,2,0,2,90,True,120
677952,2026,2026-04-22,822913,7.0,25,5,2,1,2,94,False,140
677952,2026,2026-04-28,823390,4.1,22,7,3,2,6,87,True,138
677952,2026,2026-05-03,823387,7.2,27,6,2,0,0,82,True,113
677952,2026,2026-05-09,823224,7.0,26,6,0,1,1,80,False,137
677952,2026,2026-05-15,823384,6.2,28,5,0,1,4,100,True,143
677952,2026,2026-05-21,823056,7.0,27,9,2,1,1,98,False,138
677952,2026,2026-05-26,823379,6.1,29,5,1,0,1,95,True,112
677952,2026,2026-05-31,823373,6.0,22,11,0,1,2,80,True,142
677952,2026,2026-06-06,824915,5.0,25,5,0,1,6,86,False,144
677952,2026,2026-06-12,823370,5.0,22,4,2,0,2,90,True,146
677952,2026,2026-06-17,824992,6.0,25,7,3,0,1,93,False,133
677952,2026,2026-06-24,823367,6.0,23,10,0,0,1,86,True,136
677952,2026,2026-06-29,823444,6.0,24,8,1,3,5,97,False,143
677952,2026,2026-07-04,822716,5.2,23,7,2,1,1,94,False,120
677952,2026,2026-07-11,823357,5.0,22,6,2,2,5,98,True,158
677952,2026,2026-07-20,823522,3.0,20,2,1,2,7,74,False,147
677952,2026,2026-07-26,823354,6.0,26,5,2,0,4,93,True,112
677952,2026,2026-08-01,824485,5.0,19,5,1,1,1,69,False,113
677952,2026,2026-08-06,823754,5.0,20,5,1,2,3,82,False,158
677952,2026,2026-08-13,823829,9.0,28,10,1,1,1,85,False,146
677952,2026,2026-08-18,823341,8.0,28,4,0,1,1,80,True,116
677952,2026,2026-08-24,823260,6.0,21,2,1,0,1,91,False,135
677952,2026,2026-08-30,823010,5.0,22,3,1,0,2,71,False,138
677976,2026,2026-07-18,824088,4.1,21,3,4,1,1,96,True,135
677976,2026,2026-07-23,824247,5.0,18,3,1,0,0,76,False,116
677976,2026,2026-07-29,823677,7.0,26,4,1,0,0,101,False,142
677976,2026,2026-08-04,824084,5.0,21,1,3,0,1,90,True,142
677976,2026,2026-08-09,824078,5.0,26,4,1,0,4,94,True,112
677976,2026,2026-08-15,823990,5.2,23,6,2,0,0,93,False,108
677976,2026,2026-08-20,824074,4.0,20,4,4,0,0,96,True,133
677976,2026,2026-08-26,822772,6.0,25,5,1,1,3,92,False,141
677976,2026,2026-09-01,824070,6.0,26,6,2,2,6,87,True,146
678022,2026,2026-06-05,824186,4.0,19,6,2,1,5,75,False,117
678022,2026,2026-06-10,824996,4.0,20,4,3,2,3,89,True,158
678022,2026,2026-06-16,824991,5.0,22,6,2,1,3,85,True,134
678022,2026,2026-06-21,824987,5.0,21,8,2,1,4,78,True,108
678022,2026,2026-06-27,824015,5.0,21,5,1,0,2,81,False,108
678022,2026,2026-07-03,824982,3.2,23,8,4,2,7,91,True,146
678022,2026,2026-07-21,825056,5.0,21,4,1,1,3,87,False,109
678022,2026,2026-07-27,824977,5.2,21,4,3,0,2,69,True,111
678022,2026,2026-08-01,824972,5.1,26,9,1,3,6,91,True,116
678022,2026,2026-08-07,824727,3.0,17,3,3,1,5,70,False,111
678022,2026,2026-08-12,824967,5.0,27,2,1,1,6,97,True,139
678022,2026,2026-08-29,824961,5.0,22,5,4,1,1,80,True,110
680694,2026,2026-03-28,824862,4.2,19,4,3,1,2,83,True,142
680694,2026,2026-04-03,823406,4.0,19,6,3,0,4,81,False,134
680694,2026,2026-04-08,824617,5.0,23,7,3,0,2,96,False,145
680694,2026,2026-04-15,824855,6.0,27,4,1,0,2,97,True,109
680694,2026,2026-04-20,824125,5.1,27,7,3,1,1,104,False,118
680694,2026,2026-04-26,824852,5.0,21,3,4,1,3,88,True,111
680694,2026,2026-05-02,823554,4.0,21,4,4,2,5,89,False,147
680694,2026,2026-05-08,824846,7.0,28,10,1,0,3,96,True,133
680694,2026,2026-05-13,824841,6.0,21,7,3,0,0,100,True,147
680694,2026,2026-05-19,822979,5.1,23,6,3,1,2,102,False,139
680694,2026,2026-05-25,824838,6.0,25,3,2,1,1,92,True,139
680694,2026,2026-05-31,824832,7.0,27,4,3,0,0,94,True,141
680694,2026,2026-06-06,822808,4.0,21,3,3,1,5,81,False,141
680694,2026,2026-06-11,824827,4.0,21,5,3,3,5,85,True,136
680694,2026,2026-06-17,823127,7.2,28,12,2,0,1,100,False,136
680694,2026,2026-06-22,824016,8.0,30,9,1,0,0,101,False,108
680694,2026,2026-06-28,824821,4.0,19,2,5,0,3,85,True,120
680694,2026,2026-07-05,824497,7.2,29,5,1,1,3,106,False,113
680694,2026,2026-07-11,824813,6.2,25,5,2,0,1,96,True,118
680694,2026,2026-07-22,824732,6.0,23,4,1,0,1,89,False,111
680694,2026,2026-07-27,824245,4.2,24,4,1,0,5,93,False,116
680694,2026,2026-08-02,824807,3.0,12,3,2,1,2,53,True,143
680694,2026,2026-08-08,822864,6.0,22,4,0,0,1,98,False,140
680694,2026,2026-08-15,822941,6.0,27,3,4,0,2,93,False,139
680694,2026,2026-08-20,824802,5.2,25,5,2,2,3,100,True,147
680694,2026,2026-08-26,823015,4.1,23,4,2,1,7,91,False,138
680694,2026,2026-09-01,824313,5.0,23,4,2,1,2,95,False,115
687075,2026,2026-03-29,823810,3.0,18,3,4,3,7,86,True,145
687075,2026,2026-04-16,823801,6.2,24,6,1,0,1,75,True,141
687075,2026,2026-04-23,824288,5.1,21,4,2,1,3,76,False,116
687075,2026,2026-04-29,823796,4.1,20,5,2,2,4,82,True,109
687075,2026,2026-05-06,823063,4.0,16,5,3,0,0,76,False,138
687075,2026,2026-05-12,823790,5.1,23,6,2,1,3,85,True,135
687075,2026,2026-05-18,824680,4.2,21,5,3,1,3,78,False,112
687075,2026,2026-05-24,823786,4.0,21,7,4,0,3,89,True,119
687075,2026,2026-05-30,824190,4.1,21,4,0,1,5,95,False,117
687075,2026,2026-06-05,824350,5.0,23,2,2,1,3,87,False,115
687075,2026,2026-06-10,824996,6.0,21,3,1,1,1,68,False,133
687075,2026,2026-06-17,823774,3.2,15,6,2,1,4,65,True,114
687075,2026,2026-06-23,824501,6.0,19,10,0,0,0,80,False,113
687075,2026,2026-06-30,823768,5.1,21,7,2,1,2,106,True,113
687075,2026,2026-07-05,825061,4.0,20,4,3,0,1,92,False,109
687075,2026,2026-07-11,823357,3.0,16,3,2,1,2,83,False,134
687075,2026,2026-07-21,823760,4.2,21,4,4,1,2,99,True,121
687075,2026,2026-07-27,823195,6.0,25,5,3,1,3,97,False,137
687075,2026,2026-08-03,823757,3.0,16,4,2,0,4,64,True,134
688107,2026,2026-05-17,823708,4.0,20,3,2,0,2,79,False,142
688107,2026,2026-05-23,823787,4.1,21,4,4,1,4,89,True,119
688107,2026,2026-06-03,823780,5.0,21,5,1,1,1,83,True,137
688107,2026,2026-06-09,824999,5.0,25,7,2,4,6,93,False,133
688107,2026,2026-06-16,823775,5.2,20,5,2,0,0,92,True,114
688107,2026,2026-06-21,824908,6.0,23,7,1,0,2,97,False,144
688107,2026,2026-06-29,823771,5.2,24,5,1,1,3,96,True,113
688107,2026,2026-07-07,823035,7.2,29,4,1,1,2,94,False,138
688107,2026,2026-07-12,823358,3.0,18,3,0,2,7,58,False,134
688107,2026,2026-07-19,823764,5.0,18,5,0,1,1,86,True,146
688107,2026,2026-07-25,823758,6.0,23,4,0,0,2,77,True,115
688107,2026,2026-08-01,824000,5.0,21,6,2,0,1,76,False,108
688107,2026,2026-08-08,823752,4.2,23,3,2,0,3,94,True,142
688107,2026,2026-08-14,823913,6.1,28,7,1,2,3,102,False,119
688107,2026,2026-08-20,823747,3.2,20,4,4,0,4,77,True,136
688107,2026,2026-09-01,824633,4.1,19,4,2,0,2,76,False,112
693433,2026,2026-03-28,823161,6.0,23,9,1,0,2,83,True,114
693433,2026,2026-04-03,824056,7.0,23,6,1,0,0,87,False,108
693433,2026,2026-04-08,822915,5.0,22,2,2,0,1,83,False,140
693433,2026,2026-04-14,823315,7.0,29,3,1,0,3,92,False,135
693433,2026,2026-04-19,823150,7.0,26,6,1,0,2,85,True,140
693433,2026,2026-04-25,823070,3.0,18,1,0,4,7,53,False,138
693433,2026,2026-05-01,823146,6.0,25,2,0,2,6,84,True,118
693433,2026,2026-05-06,823141,6.0,21,9,2,0,0,98,True,144
693433,2026,2026-05-12,824197,6.0,24,9,2,0,2,104,False,117
693433,2026,2026-05-18,823137,6.0,22,8,2,0,0,90,True,145
693433,2026,2026-05-24,824108,4.2,23,4,2,0,4,91,False,118
693433,2026,2026-05-30,823132,7.0,23,9,0,0,0,86,True,109
693433,2026,2026-06-05,824271,6.1,27,7,0,1,5,90,False,116
693433,2026,2026-06-11,824827,5.0,23,4,1,2,7,82,False,110
693433,2026,2026-06-18,823125,7.0,25,9,1,0,0,89,True,110
693433,2026,2026-06-24,823367,4.0,20,4,2,0,5,86,False,134
693433,2026,2026-06-30,823122,6.1,25,5,1,0,2,106,True,108
693433,2026,2026-07-07,823847,5.0,25,5,1,1,3,87,False,146
693433,2026,2026-07-18,823116,6.0,26,7,2,2,2,98,True,137
693433,2026,2026-07-25,822869,5.0,25,5,2,0,5,95,False,140
693433,2026,2026-07-30,823921,5.0,22,8,2,1,5,91,False,119
693433,2026,2026-08-05,823106,7.0,26,5,1,0,0,91,True,116
693433,2026,2026-08-11,823512,5.0,18,5,1,0,0,92,False,147
693433,2026,2026-08-16,824156,6.0,22,5,1,2,2,75,False,117
693433,2026,2026-08-26,823096,4.0,18,5,1,2,6,76,True,143
693433,2026,2026-09-01,824716,6.0,25,7,1,1,1,99,False,111
694973,2026,2026-03-26,823649,0.2,9,1,2,0,5,37,False,121
694973,2026,2026-04-01,824536,5.0,20,5,2,0,1,77,False,113
694973,2026,2026-04-07,823402,6.1,23,6,2,1,1,87,True,135
694973,2026,2026-04-13,823400,6.0,20,6,1,1,1,88,True,120
694973,2026,2026-04-18,823394,4.0,16,5,0,0,0,64,True,139
694973,2026,2026-04-24,823800,7.0,22,7,0,0,0,93,False,158
694973,2026,2026-04-30,823391,5.0,23,9,0,2,3,102,True,138
694973,2026,2026-05-06,825091,8.0,26,7,0,0,0,97,False,109
694973,2026,2026-05-12,823385,8.0,26,10,0,0,0,98,True,115
694973,2026,2026-05-17,823381,5.0,23,7,1,1,5,92,True,143
694973,2026,2026-05-23,822814,5.0,24,2,1,1,4,98,False,141
694973,2026,2026-05-28,823378,5.1,23,10,3,0,1,103,True,112
694973,2026,2026-06-03,824188,4.2,23,7,1,0,1,109,False,117
694973,2026,2026-06-09,823374,6.0,25,7,2,0,2,103,True,119
694973,2026,2026-06-14,823368,6.0,23,10,1,2,2,104,True,146
694973,2026,2026-06-20,824342,6.0,24,8,2,1,2,104,False,115
694973,2026,2026-06-26,823363,5.0,23,7,2,0,4,96,True,113
694973,2026,2026-07-01,823446,4.0,22,5,2,2,7,81,False,143
694973,2026,2026-07-07,823361,6.0,25,4,1,0,2,95,True,144
694973,2026,2026-07-12,823358,5.1,20,7,1,0,2,82,True,158
694973,2026,2026-07-19,824411,7.0,25,8,2,0,1,100,False,114
694973,2026,2026-07-25,823355,5.1,25,11,2,0,5,105,True,112
694973,2026,2026-07-31,824486,4.0,22,7,4,2,5,100,False,113
694973,2026,2026-08-05,823753,5.0,20,6,4,0,3,93,False,158
694973,2026,2026-08-11,823832,5.0,21,4,1,1,1,65,False,146
694973,2026,2026-08-19,823342,4.1,20,5,4,0,3,81,True,116
694973,2026,2026-08-25,823259,6.0,21,4,0,0,0,87,False,135
694973,2026,2026-09-01,823340,4.2,25,4,3,1,5,95,True,137
696149,2026,2026-03-31,824537,4.1,19,6,6,0,0,81,False,113
696149,2026,2026-04-06,823401,4.1,21,4,4,0,3,83,True,135
696149,2026,2026-04-12,824696,5.1,23,4,2,2,3,91,False,112
696149,2026,2026-04-17,823397,6.0,22,3,1,0,1,90,True,139
696149,2026,2026-04-23,822912,4.0,23,4,3,2,6,78,False,140
696149,2026,2026-04-29,823392,5.0,22,6,4,1,3,85,True,138
696149,2026,2026-05-05,825092,5.0,22,4,6,0,2,92,False,109
696149,2026,2026-05-10,823221,5.0,21,3,1,1,2,77,False,137
696149,2026,2026-05-16,823382,3.0,16,2,4,1,4,73,True,143
696149,2026,2026-05-22,822816,5.0,23,11,3,0,0,99,False,141
696149,2026,2026-05-27,823376,5.0,24,5,2,0,4,91,True,112
696149,2026,2026-06-02,824189,5.0,23,3,2,1,4,91,False,117
696149,2026,2026-06-13,823369,5.2,22,6,1,0,2,84,True,146
696149,2026,2026-06-19,824345,6.0,26,1,2,1,2,74,False,115
696149,2026,2026-06-25,823366,5.1,23,4,3,0,1,75,True,136
696149,2026,2026-06-30,823445,6.1,29,6,2,0,5,97,False,143
696149,2026,2026-07-05,822715,4.0,21,0,4,1,4,86,False,120
696149,2026,2026-07-11,823356,4.2,21,6,3,0,2,97,True,158
696149,2026,2026-07-22,823519,6.1,21,5,1,0,0,84,False,147
696149,2026,2026-07-28,823350,4.0,21,3,1,0,3,91,True,109
696149,2026,2026-08-03,823757,5.2,24,5,4,0,2,96,False,158
696149,2026,2026-08-08,823348,6.0,21,5,1,0,0,85,True,121
696149,2026,2026-08-14,823346,5.0,20,5,2,0,2,87,True,111
696149,2026,2026-08-21,823911,4.0,19,6,2,1,4,88,False,119
696149,2026,2026-08-26,823255,5.2,22,3,2,0,1,83,False,135
701542,2026,2026-03-28,823241,4.1,19,3,2,0,1,83,False,137
701542,2026,2026-04-03,823568,5.2,21,6,0,2,2,77,True,146
701542,2026,2026-04-08,823564,4.2,23,5,3,0,2,85,True,133
701542,2026,2026-04-13,823563,3.2,17,6,1,0,0,89,True,108
701542,2026,2026-04-18,823558,7.0,25,11,0,1,2,93,True,118
701542,2026,2026-04-24,824204,6.0,24,6,1,0,2,95,False,117
701542,2026,2026-05-01,823557,6.1,23,9,1,1,1,94,True,110
701542,2026,2026-05-06,823550,4.0,22,7,3,2,6,90,True,140
701542,2026,2026-05-12,824843,5.2,24,6,1,0,2,96,False,110
701542,2026,2026-05-19,823548,5.0,22,3,1,0,3,86,True,141
701542,2026,2026-05-25,824107,6.0,24,3,3,1,2,85,False,118
701542,2026,2026-05-31,825001,6.0,27,5,3,0,0,82,False,133
701542,2026,2026-06-08,824427,4.1,20,5,2,0,3,91,False,114
701542,2026,2026-06-14,822801,4.0,21,1,3,0,2,98,False,141
701542,2026,2026-06-20,823532,5.2,28,8,2,1,2,90,True,113
701542,2026,2026-06-26,824743,5.2,27,0,3,1,5,90,False,111
701542,2026,2026-07-01,823530,5.1,22,7,0,1,2,79,True,116
701542,2026,2026-07-07,822956,4.0,21,3,2,3,6,75,False,139
701542,2026,2026-07-12,822708,5.0,19,2,2,1,1,83,False,120
701542,2026,2026-07-26,823433,3.0,17,5,2,1,6,68,False,143
701542,2026,2026-07-31,824651,6.2,23,7,0,0,0,88,False,112
701542,2026,2026-08-05,823516,5.1,23,5,1,0,3,91,True,138
701542,2026,2026-08-12,823511,4.0,21,3,4,3,5,81,True,136
701542,2026,2026-08-19,824801,4.0,18,5,2,1,2,90,False,110
701542,2026,2026-08-25,823505,5.0,24,4,2,1,2,97,True,117
701542,2026,2026-08-30,823502,7.0,27,7,1,0,1,98,True,111
